epoch,iter,step,lr,loss,loss_ori,loss_uatm,loss_ugsa,time,data_time,memory
1,100,100,0.05,32.38339748382568,4.267546987533569,14.858760643005372,13.257089614868164,0.04494109153747559,0.0008084535598754883,413
1,200,200,0.05,31.122253036499025,4.125332045555115,13.864264583587646,13.13265676498413,0.044491815567016604,0.0007947444915771485,413
1,300,300,0.05,30.66747760772705,4.167411518096924,13.496996116638183,13.003069019317627,0.039848160743713376,0.0005904912948608398,413
1,400,400,0.05,31.269329071044922,3.9318230628967283,14.067904853820801,13.269601154327393,0.04113776683807373,0.0007763147354125976,413
1,500,500,0.05,31.209173583984374,3.6881145238876343,14.454078483581544,13.066980361938477,0.043427658081054685,0.000628519058227539,413
1,600,600,0.05,28.658355712890625,3.8409605979919434,12.114171123504638,12.70322380065918,0.04486846923828125,0.000730133056640625,413
1,700,700,0.05,28.210532569885252,3.8215213060379027,11.760902881622314,12.628108596801757,0.046344566345214847,0.0007127761840820312,413
2,882,882,0.05,28.39640522003174,3.4724920272827147,12.25928373336792,12.664628887176514,0.07110190391540527,0.0008512496948242188,413
2,982,982,0.05,27.180000686645506,3.438761520385742,11.27952308654785,12.461716365814208,0.04558360576629639,0.0007770299911499023,413
2,1082,1082,0.05,26.389563179016115,3.258501744270325,10.724717998504639,12.40634365081787,0.045340347290039065,0.0008075475692749023,413
2,1182,1182,0.05,26.475813484191896,3.2704553604125977,10.986815404891967,12.218542957305909,0.047507739067077635,0.0007101058959960938,413
2,1282,1282,0.05,26.2644905090332,3.0175727128982546,10.995969009399413,12.250949096679687,0.040734052658081055,0.0007100105285644531,413
2,1382,1382,0.05,26.281914138793944,3.1574480056762697,10.915043449401855,12.209422302246093,0.043561482429504396,0.0006515026092529297,413
2,1482,1482,0.05,25.01829833984375,3.201522397994995,9.872540616989136,11.94423542022705,0.05021724700927734,0.0011109590530395507,413
3,1664,1664,0.05,25.516944694519044,3.0745744943618774,9.905185985565186,12.537183666229248,0.04312276840209961,0.0007253170013427734,413
3,1764,1764,0.05,24.88602695465088,2.8346604824066164,9.928478288650513,12.122888469696045,0.046447134017944335,0.0007899761199951172,413
3,1864,1864,0.05,23.66053867340088,2.949444317817688,9.133181238174439,11.577913188934327,0.03884499073028565,0.0007261276245117187,413
3,1964,1964,0.05,23.848127555847167,3.090255045890808,9.020719432830811,11.737153148651123,0.07587380409240722,0.0008975744247436523,413
3,2064,2064,0.05,23.524154472351075,2.7704100370407105,9.060241413116454,11.693503093719482,0.04313540458679199,0.0007033586502075195,413
3,2164,2164,0.05,23.35894775390625,2.7691009283065795,8.765423107147218,11.8244234085083,0.04120042324066162,0.0012289524078369141,413
3,2264,2264,0.05,23.19979953765869,2.9543612957000733,8.394644927978515,11.850793552398681,0.04569423198699951,0.0007933855056762695,413
4,2446,2446,0.05,22.590772247314455,2.9253610610961913,8.263833999633789,11.401577281951905,0.03432445526123047,0.0005226850509643555,413
4,2546,2546,0.05,22.8965202331543,2.5701656341552734,8.485160160064698,11.841194438934327,0.03662686347961426,0.0005214929580688477,413
4,2646,2646,0.05,22.814099502563476,2.2909823775291445,8.38086633682251,12.142250347137452,0.03962111473083496,0.0005562305450439453,413
4,2746,2746,0.05,22.58937473297119,2.883836007118225,7.87818717956543,11.827351951599121,0.03229026794433594,0.00049285888671875,413
4,2846,2846,0.05,21.98142204284668,3.0830536007881166,7.3298821449279785,11.568486309051513,0.0306427001953125,0.00045943260192871094,413
4,2946,2946,0.05,22.18206920623779,2.56599622964859,8.233739566802978,11.382333374023437,0.0437260627746582,0.0006124258041381836,413
4,3046,3046,0.05,22.217560005187988,2.8437322974205017,7.7665290355682375,11.607298374176025,0.06759905815124512,0.000668478012084961,413
5,3228,3228,0.05,21.229870414733888,3.0036204934120176,7.153486108779907,11.07276372909546,0.035832977294921874,0.0006874799728393555,413
5,3328,3328,0.05,21.12828483581543,2.377014195919037,7.403033304214477,11.348237037658691,0.044164204597473146,0.0006945133209228516,413
5,3428,3428,0.05,21.215569686889648,2.840224766731262,7.028864526748658,11.346480464935302,0.04128611087799072,0.000621175765991211,413
5,3528,3528,0.05,21.711844444274902,2.6386608600616457,7.490992546081543,11.582190990447998,0.06676437854766845,0.0008788824081420899,413
5,3628,3628,0.05,20.936716651916505,2.7022397041320803,6.938948726654052,11.295528030395507,0.04701488018035889,0.0008004188537597656,413
5,3728,3728,0.05,21.92300624847412,2.230773377418518,7.625137805938721,12.067095279693604,0.04302713871002197,0.0007371902465820312,413
5,3828,3828,0.05,20.72963523864746,2.8401817202568056,6.759859704971314,11.12959337234497,0.06582231521606445,0.0008359670639038086,413
6,4010,4010,0.05,21.582357788085936,2.6502260088920595,6.917955732345581,12.014176273345948,0.04536561965942383,0.001087045669555664,413
6,4110,4110,0.05,21.051709747314455,2.588633346557617,6.879847383499145,11.58322877883911,0.04474043846130371,0.0010164260864257812,413
6,4210,4210,0.05,21.76509208679199,2.4617254972457885,7.400491189956665,11.902875614166259,0.04593954086303711,0.0007633686065673829,413
6,4310,4310,0.05,21.132494735717774,2.400611412525177,7.140867567062378,11.591016006469726,0.03683557510375977,0.0008217334747314453,413
6,4410,4410,0.05,21.660858726501466,2.3948718070983888,7.067248773574829,12.198737907409669,0.03877873420715332,0.0007066965103149414,413
6,4510,4510,0.05,20.226051330566406,2.6469470500946044,6.566166543960572,11.012937927246094,0.04572362899780273,0.0007434844970703125,413
6,4610,4610,0.05,20.442392921447755,2.582975888252258,6.495370149612427,11.364046764373779,0.046045899391174316,0.000769805908203125,413
7,4792,4792,0.05,20.788720893859864,2.357592225074768,6.619748783111572,11.811379528045654,0.043046188354492185,0.0007927656173706054,413
7,4892,4892,0.05,19.7374475479126,2.4647571206092835,6.200502157211304,11.072188377380371,0.044692277908325195,0.0007637977600097656,413
7,4992,4992,0.05,20.84483814239502,2.2352298974990843,6.608223819732666,12.00138454437256,0.04605722427368164,0.0007325172424316406,413
7,5092,5092,0.05,20.342723274230956,2.6709668040275574,6.107069110870361,11.564687252044678,0.0428718090057373,0.0007134437561035156,413
7,5192,5192,0.05,19.383621597290038,2.494333004951477,6.243482160568237,10.64580659866333,0.06735415458679199,0.00085296630859375,413
7,5292,5292,0.05,20.4461088180542,2.400961685180664,6.504397535324097,11.540749835968018,0.04243917465209961,0.0009659051895141602,413
7,5392,5392,0.05,19.82439136505127,3.039757323265076,5.693495178222657,11.091139125823975,0.043649601936340335,0.0008533954620361328,413
8,5574,5574,0.05,19.807785987854004,2.6816060185432433,5.8863640308380125,11.239815521240235,0.039865970611572266,0.0006458759307861328,413
8,5674,5674,0.05,20.844430923461914,2.178369736671448,6.644006872177124,12.022054195404053,0.04013514518737793,0.0007143735885620118,413
8,5774,5774,0.05,19.769687271118165,2.4187376499176025,6.189108419418335,11.161841106414794,0.03981540203094482,0.0007761716842651367,413
8,5874,5874,0.05,20.083929443359374,2.3247182369232178,6.326723957061768,11.432487678527831,0.03754978179931641,0.0007114648818969726,413
8,5974,5974,0.05,19.60646457672119,2.6046956419944762,5.867954063415527,11.133814907073974,0.046664881706237796,0.0017213106155395507,413
8,6074,6074,0.05,19.823521041870116,2.317102611064911,6.268228149414062,11.23818998336792,0.04599339962005615,0.0013375043869018554,413
8,6174,6174,0.05,19.611694145202637,2.1806441068649294,6.136475276947022,11.294574642181397,0.04163665771484375,0.0008121252059936524,413
9,6356,6356,0.05,20.03355484008789,2.1950740218162537,6.198224401473999,11.640256118774413,0.041186952590942384,0.0006450414657592773,413
9,6456,6456,0.05,19.26004753112793,2.0430802583694456,5.7958132266998295,11.42115421295166,0.046154451370239255,0.0007880926132202148,413
9,6556,6556,0.05,19.75289649963379,2.1506484746932983,6.272662258148193,11.329585456848145,0.044130921363830566,0.0008723020553588867,413
9,6656,6656,0.05,19.207042121887206,2.171391463279724,5.782493543624878,11.253157138824463,0.043750214576721194,0.0008489370346069336,413
9,6756,6756,0.05,19.897525787353516,1.9697394609451293,6.23200945854187,11.695776653289794,0.044637322425842285,0.0008247852325439453,413
9,6856,6856,0.05,19.284754943847656,2.624884045124054,5.593048715591431,11.066822528839111,0.044187331199646,0.0008615732192993164,413
9,6956,6956,0.05,19.949833488464357,2.7241620063781737,5.640090227127075,11.585581302642822,0.04213936328887939,0.0006557464599609375,413
10,7138,7138,0.05,19.162866592407227,2.7800134301185606,5.41199254989624,10.97086067199707,0.04213712215423584,0.0008208751678466797,413
10,7238,7238,0.05,19.709752464294432,2.7817681550979616,5.389870834350586,11.538113212585449,0.0479217529296875,0.0007646799087524414,413
10,7338,7338,0.05,19.263453674316406,2.016045367717743,5.732696914672852,11.514710903167725,0.03924272060394287,0.0005764961242675781,413
10,7438,7438,0.05,19.850343704223633,2.2152015805244445,5.956593179702759,11.678549098968507,0.03892674446105957,0.0007825851440429688,413
10,7538,7538,0.05,19.391246604919434,2.1545408606529235,5.725709724426269,11.510996055603027,0.042822265625,0.0008712053298950195,413
10,7638,7638,0.05,19.371562957763672,2.3478499174118044,5.516607236862183,11.50710563659668,0.078617525100708,0.0009100198745727539,413
10,7738,7738,0.05,20.518118476867677,2.0969717264175416,6.041568231582642,12.379578590393066,0.03747689723968506,0.0007158517837524414,413
11,7920,7920,0.05,18.974044609069825,2.4806273221969604,5.343933057785034,11.149483966827393,0.048948144912719725,0.0010051965713500977,413
11,8020,8020,0.05,19.798304748535156,2.160751760005951,5.7981285572052,11.839424228668213,0.039248085021972655,0.0008053064346313476,413
11,8120,8120,0.05,20.101094055175782,2.2864137053489686,5.8061707496643065,12.008509826660156,0.04348247051239014,0.0009528636932373047,413
11,8220,8220,0.05,19.048293685913087,1.871615481376648,5.834661531448364,11.342016410827636,0.03654682636260986,0.0006784677505493164,413
11,8320,8320,0.05,19.73791923522949,2.515257441997528,5.501174688339233,11.721486854553223,0.04150233268737793,0.0006751060485839844,413
11,8420,8420,0.05,18.38670959472656,2.2127383232116697,5.459396600723267,10.71457462310791,0.037974309921264646,0.0007427692413330078,413
11,8520,8520,0.05,19.231826400756837,2.236741840839386,5.350173234939575,11.64491147994995,0.0423814058303833,0.0008080244064331054,413
12,8702,8702,0.05,19.254539680480956,2.117672491073608,5.341153478622436,11.795713901519775,0.028107380867004393,0.0005628824234008789,413
12,8802,8802,0.05,19.04621868133545,1.9655895233154297,5.536925363540649,11.543703746795654,0.041963839530944826,0.0006678342819213867,413
12,8902,8902,0.05,18.995571899414063,2.128534746170044,5.525199317932129,11.341837787628174,0.04127819538116455,0.0007424831390380859,413
12,9002,9002,0.05,19.85861740112305,2.001182508468628,5.742234373092652,12.115200328826905,0.036688828468322755,0.0006582736968994141,413
12,9102,9102,0.05,19.69840259552002,2.1353068113327027,5.6299724102020265,11.933123111724854,0.04299938678741455,0.0007265567779541016,413
12,9202,9202,0.05,19.627308082580566,2.5062402486801147,5.708540153503418,11.412527942657471,0.056062626838684085,0.0007729291915893555,413
12,9302,9302,0.05,19.49723300933838,2.3950978398323057,5.673894453048706,11.42824058532715,0.04324262142181397,0.0008273839950561524,413
13,9484,9484,0.05,19.386938858032227,2.205322730541229,5.664506912231445,11.517108917236328,0.06958248615264892,0.0008048772811889649,413
13,9584,9584,0.05,19.6705472946167,2.117512619495392,5.6144202709197994,11.93861427307129,0.03885033130645752,0.0005968332290649414,413
13,9684,9684,0.05,19.23151092529297,2.2816047191619875,5.297448205947876,11.652458000183106,0.04696495532989502,0.0009475946426391602,413
13,9784,9784,0.05,19.038794898986815,2.2788055181503295,5.457216358184814,11.302773094177246,0.06511008739471436,0.0008280754089355468,413
13,9884,9884,0.05,19.05578498840332,2.1782400488853453,5.494034767150879,11.383509922027589,0.046215152740478514,0.0009073972702026367,413
13,9984,9984,0.05,19.2356201171875,2.3054534792900085,5.229628705978394,11.700537776947021,0.04712507724761963,0.0009332180023193359,413
13,10084,10084,0.05,19.466442489624022,1.968634271621704,5.334571170806885,12.163236999511719,0.04038770198822021,0.0009540557861328125,413
14,10266,10266,0.05,19.135311889648438,2.071276378631592,5.468141031265259,11.595894813537598,0.042772865295410155,0.0007668495178222656,413
14,10366,10366,0.05,18.874903678894043,1.9162777662277222,5.435942554473877,11.522683334350585,0.047573518753051755,0.0009251832962036133,413
14,10466,10466,0.05,19.259856033325196,1.806528627872467,5.800932884216309,11.6523943901062,0.04393949508666992,0.0008381366729736328,413
14,10566,10566,0.05,18.92916374206543,2.4358326196670532,5.298926496505738,11.194404602050781,0.08692095279693604,0.0009532690048217774,413
14,10666,10666,0.05,18.868185806274415,2.289575719833374,5.214393758773804,11.364216423034668,0.04301033020019531,0.0008347272872924804,413
14,10766,10766,0.05,18.936764526367188,2.37700115442276,5.124832057952881,11.434931468963622,0.04364335536956787,0.0008675813674926758,413
14,10866,10866,0.05,18.494661712646483,2.430757999420166,5.114261960983276,10.949641513824464,0.0439791202545166,0.0007583379745483398,413
15,11048,11048,0.05,18.77413673400879,2.270064926147461,5.086565160751343,11.417506504058839,0.04087843894958496,0.0007282257080078125,413
15,11148,11148,0.05,19.53489990234375,2.416283106803894,5.237340450286865,11.88127613067627,0.04278662204742432,0.000851130485534668,413
15,11248,11248,0.05,18.756348609924316,2.0867958664894104,5.3639768123626705,11.305575752258301,0.04241666793823242,0.0008215427398681641,413
15,11348,11348,0.05,19.02719497680664,1.6638815820217132,5.597998762130738,11.76531457901001,0.06844658851623535,0.0015054702758789062,413
15,11448,11448,0.05,19.67892379760742,2.2113822221755983,5.588438987731934,11.879102802276611,0.03915336132049561,0.0007976770401000976,413
15,11548,11548,0.05,18.72740936279297,2.2636674880981444,5.100232839584351,11.363508892059325,0.03532609939575195,0.0008031845092773438,413
15,11648,11648,0.05,19.22814483642578,2.412428593635559,5.197885894775391,11.617830181121827,0.0438922643661499,0.0008338451385498047,413
16,11830,11830,0.05,19.038772773742675,2.35078284740448,5.113390922546387,11.574599075317384,0.03648829460144043,0.0008957386016845703,413
16,11930,11930,0.05,19.3105375289917,2.3873717188835144,5.223968076705932,11.699198246002197,0.034049272537231445,0.0008066177368164062,413
16,12030,12030,0.05,18.973322105407714,2.136112833023071,5.4996177673339846,11.337591648101807,0.04447450637817383,0.0008668661117553711,413
16,12130,12130,0.05,19.458071327209474,2.3197784304618834,5.255555438995361,11.882738018035889,0.042945241928100585,0.0008606672286987305,413
16,12230,12230,0.05,19.149178123474123,2.398396337032318,5.273769283294678,11.477012825012206,0.04232432842254639,0.0009100198745727539,413
16,12330,12330,0.05,19.096501922607423,2.174203670024872,5.1694845199584964,11.752813529968261,0.04459657669067383,0.0008674144744873046,413
16,12430,12430,0.05,19.126085090637208,2.1869114518165587,5.340733432769776,11.598440265655517,0.0389270544052124,0.0008324861526489257,413
17,12612,12612,0.05,18.963599967956544,2.044348919391632,5.57608060836792,11.343170166015625,0.03396530151367187,0.0005610466003417968,413
17,12712,12712,0.05,18.583666801452637,2.584034562110901,4.7644867420196535,11.235145378112794,0.04334359169006348,0.0008404970169067383,413
17,12812,12812,0.05,18.558730125427246,2.389298987388611,4.917232036590576,11.25219898223877,0.04364469051361084,0.0007640600204467773,413
17,12912,12912,0.05,18.6396427154541,2.114737057685852,5.0268566608428955,11.498048973083495,0.039136505126953124,0.0007346868515014648,413
17,13012,13012,0.05,18.808581733703612,1.8647987246513367,5.2070330619812015,11.736749839782714,0.04508235454559326,0.0007752180099487305,413
17,13112,13112,0.05,18.939766883850098,1.9672653794288635,5.34377908706665,11.628722286224365,0.04101839065551758,0.0009905576705932617,413
17,13212,13212,0.05,18.576592636108398,2.4070648431777952,5.010643434524536,11.158884620666504,0.04058804512023926,0.000815582275390625,413
18,13394,13394,0.05,18.514373779296875,2.1440432190895082,5.0838264465332035,11.286503982543945,0.04696798324584961,0.0010676145553588866,413
18,13494,13494,0.05,18.38569736480713,2.1234377026557922,5.0201863765716555,11.24207353591919,0.04337332248687744,0.0013224124908447266,413
18,13594,13594,0.05,18.78259143829346,2.053768289089203,4.968936157226563,11.759887218475342,0.041503071784973145,0.0007888555526733398,413
18,13694,13694,0.05,18.583068656921387,2.097113311290741,5.14013786315918,11.3458176612854,0.041057252883911134,0.0009271860122680664,413
18,13794,13794,0.05,18.192424011230468,2.076116514205933,5.1473630428314205,10.968944644927978,0.03694076538085937,0.0008327722549438477,413
18,13894,13894,0.05,18.977850723266602,1.8792554974555968,5.202622509002685,11.895972442626952,0.04352757930755615,0.001532745361328125,413
18,13994,13994,0.05,18.946980667114257,2.1614497780799864,5.196561336517334,11.588969326019287,0.04273061752319336,0.0009544134140014648,413
19,14176,14176,0.05,18.845594787597655,2.153110980987549,5.052843761444092,11.63964023590088,0.04452168941497803,0.000934433937072754,413
19,14276,14276,0.05,18.330754280090332,2.1735238671302795,5.022793960571289,11.134436416625977,0.043199586868286136,0.0008314609527587891,413
19,14376,14376,0.05,18.49006576538086,2.2112069725990295,4.811205577850342,11.467653179168702,0.04232563972473145,0.0008191585540771485,413
19,14476,14476,0.05,18.982464218139647,2.3425140142440797,5.08251543045044,11.557434844970704,0.03848433494567871,0.0007263422012329102,413
19,14576,14576,0.05,18.169376945495607,2.018464684486389,4.990424013137817,11.160488414764405,0.04124481678009033,0.0010695934295654296,413
19,14676,14676,0.05,18.180454635620116,2.08297780752182,4.943796873092651,11.153679943084716,0.04516057968139649,0.0008243322372436523,413
19,14776,14776,0.05,18.85808448791504,1.9820043683052062,5.147758626937867,11.728321170806884,0.0420382022857666,0.0007885456085205078,413
20,14958,14958,0.05,18.236383628845214,2.0128562450408936,4.976684617996216,11.246842384338379,0.044754981994628906,0.0007647037506103516,413
20,15058,15058,0.05,18.85397415161133,2.3343753099441527,4.838211536407471,11.681387233734132,0.045118403434753415,0.0008492469787597656,413
20,15158,15158,0.05,18.86707534790039,2.012134110927582,5.209280586242675,11.645660972595214,0.038582134246826175,0.0007758140563964844,413
20,15258,15258,0.05,18.11658420562744,1.8458413481712341,5.041014385223389,11.229729080200196,0.037998104095458986,0.0008220434188842774,413
20,15358,15358,0.05,17.961537551879882,2.2439098715782166,4.8920145511627195,10.825613403320313,0.046794009208679196,0.000809168815612793,413
20,15458,15458,0.05,18.5530668258667,2.4472492933273315,4.815999150276184,11.289818477630615,0.042299842834472655,0.0008310079574584961,413
20,15558,15558,0.05,19.1688232421875,1.8524177074432373,5.401317024230957,11.91508846282959,0.044475865364074704,0.0008332490921020508,413
21,15740,15740,0.05,19.257794189453126,2.1081640481948853,5.0926673412323,12.056962394714356,0.04624261856079102,0.0009364128112792969,413
21,15840,15840,0.05,18.62465476989746,2.0034983158111572,4.974793243408203,11.646363544464112,0.04403986930847168,0.000918269157409668,413
21,15940,15940,0.05,18.865243911743164,2.093402457237244,4.8318366527557375,11.940004920959472,0.03569948673248291,0.0008519649505615235,413
21,16040,16040,0.05,19.047529220581055,2.5870787382125853,4.967413759231567,11.493036556243897,0.03890070915222168,0.0009543418884277344,413
21,16140,16140,0.05,18.81293468475342,2.3920014023780825,4.929089069366455,11.491844367980956,0.04254887104034424,0.000851297378540039,413
21,16240,16240,0.05,19.474221420288085,2.070038676261902,5.193463563919067,12.210719203948974,0.041346502304077146,0.0007270336151123047,413
21,16340,16340,0.05,18.584366416931154,2.3638017773628235,4.805471563339234,11.41509313583374,0.05006787776947021,0.0010329246520996093,413
22,16522,16522,0.05,18.16499614715576,2.0452284812927246,4.950723791122437,11.169043636322021,0.039225077629089354,0.0011249780654907227,413
22,16622,16622,0.05,18.466320037841797,2.6923832178115843,4.58714804649353,11.186788940429688,0.047462964057922365,0.0009304761886596679,413
22,16722,16722,0.05,18.165117835998537,2.0634291529655457,4.814682149887085,11.287006378173828,0.04269676208496094,0.0008453130722045898,413
22,16822,16822,0.05,18.811329078674316,1.9876064777374267,4.9606564998626705,11.863066291809082,0.045314598083496097,0.0008961677551269532,413
22,16922,16922,0.05,18.822977447509764,2.100344216823578,5.09456205368042,11.628070735931397,0.04092803001403809,0.0007346153259277343,413
22,17022,17022,0.05,18.503135108947752,2.1354210019111632,5.028800392150879,11.338913917541504,0.042963933944702146,0.001414918899536133,413
22,17122,17122,0.05,18.343425750732422,2.2011300683021546,5.037523698806763,11.104771518707276,0.04280343055725098,0.0015141725540161132,413
23,17304,17304,0.05,18.520408821105956,1.9448759436607361,5.040927076339722,11.534605503082275,0.0431246280670166,0.0008631229400634765,413
23,17404,17404,0.05,18.134844017028808,2.0956659436225893,4.838349723815918,11.200828170776367,0.045755410194396974,0.0008316278457641601,413
23,17504,17504,0.05,19.121743392944335,2.146311807632446,5.026522588729859,11.948909378051757,0.04614057540893555,0.0010008811950683594,413
23,17604,17604,0.05,18.652443885803223,2.3528209686279298,4.987666320800781,11.311956596374511,0.03735835552215576,0.0007883787155151367,413
23,17704,17704,0.05,18.2741605758667,1.813211190700531,5.084895849227905,11.376053524017333,0.045558500289916995,0.0010059118270874024,413
23,17804,17804,0.05,18.419863891601562,2.194666028022766,5.085259819030762,11.13993787765503,0.04315173625946045,0.0008618354797363282,413
23,17904,17904,0.05,18.674884605407716,2.4082226514816285,4.915646123886108,11.351015853881837,0.043495702743530276,0.0009618043899536133,413
24,18086,18086,0.05,18.47006149291992,2.337726390361786,4.981681489944458,11.150653457641601,0.04356329441070557,0.0009222269058227539,413
24,18186,18186,0.05,18.46182975769043,1.8146645069122314,4.9463285446167,11.70083646774292,0.03511524200439453,0.0007436513900756836,413
24,18286,18286,0.05,19.369013595581055,2.03778555393219,5.342776918411255,11.988450908660889,0.04439399242401123,0.0009536027908325195,413
24,18386,18386,0.05,18.748971939086914,2.1595693707466124,5.058870124816894,11.530532169342042,0.04528336524963379,0.0008396148681640625,413
24,18486,18486,0.05,19.258649826049805,2.505628156661987,4.849811029434204,11.903210639953613,0.04629366397857666,0.0008275747299194336,413
24,18586,18586,0.05,18.16026601791382,2.0388471126556396,5.015376806259155,11.106042194366456,0.04364938735961914,0.000985574722290039,413
24,18686,18686,0.05,18.841983222961424,2.3961022019386293,4.935470247268677,11.510410785675049,0.04119596481323242,0.000783085823059082,413
25,18868,18868,0.05,18.413576698303224,1.8951406717300414,4.986899328231812,11.531536769866943,0.039608883857727054,0.0008079767227172852,413
25,18968,18968,0.05,18.290099143981934,2.0962746143341064,5.039579153060913,11.154245471954345,0.03354249000549316,0.0005913496017456055,413
25,19068,19068,0.05,18.701448059082033,2.09629065990448,4.921155834197998,11.684001541137695,0.03957681655883789,0.0007132291793823242,413
25,19168,19168,0.05,18.91252155303955,2.3333437204360963,5.0615315437316895,11.517646312713623,0.045864653587341306,0.000996875762939453,413
25,19268,19268,0.05,18.80125675201416,2.081459128856659,5.0644158840179445,11.655381870269775,0.04641635417938232,0.0008338689804077148,413
25,19368,19368,0.05,18.306411361694337,2.3199301242828367,4.809123229980469,11.177358055114746,0.04937324523925781,0.0009194850921630859,413
25,19468,19468,0.05,18.465937042236327,1.9786221027374267,4.884322261810302,11.602992916107178,0.04368791580200195,0.0008958101272583008,413
26,19650,19650,0.05,18.199127388000488,1.8644636034965516,4.7813784122467045,11.553285121917725,0.04247791767120361,0.0008151769638061523,413
26,19750,19750,0.05,18.384621810913085,2.025836455821991,4.970876789093017,11.387908267974854,0.04501488208770752,0.0008679389953613281,413
26,19850,19850,0.05,18.33291721343994,1.814141035079956,4.972522926330567,11.546253204345703,0.04298708438873291,0.00077972412109375,413
26,19950,19950,0.05,18.432131385803224,2.467849922180176,4.8438092231750485,11.120472049713134,0.04483234882354736,0.0009920597076416016,413
26,20050,20050,0.05,19.269251823425293,2.102724385261536,5.162140893936157,12.004386615753173,0.04332437515258789,0.000890660285949707,413
26,20150,20150,0.05,18.503537940979005,1.941248106956482,5.115617752075195,11.446671962738037,0.045110249519348146,0.0011498451232910157,413
26,20250,20250,0.05,18.148590660095216,1.8455320119857788,5.010577869415283,11.292480754852296,0.045241713523864746,0.000860905647277832,413
27,20432,20432,0.05,18.7417049407959,1.8042177319526673,4.921833467483521,12.01565341949463,0.044248414039611814,0.0008854389190673829,413
27,20532,20532,0.05,18.80364360809326,2.0985731720924377,4.881465911865234,11.823604679107666,0.043062376976013186,0.0009730339050292968,413
27,20632,20632,0.05,19.07170467376709,1.9247334122657775,5.134606647491455,12.01236457824707,0.04546124935150146,0.0008922100067138671,413
27,20732,20732,0.05,18.006307697296144,1.712543749809265,4.89145975112915,11.4023042678833,0.043218588829040526,0.0007977485656738281,413
27,20832,20832,0.05,18.558959579467775,1.7972810506820678,5.075272893905639,11.686405849456786,0.044130682945251465,0.0009425640106201172,413
27,20932,20932,0.05,19.061741447448732,2.0960004925727844,5.267743539810181,11.697997188568115,0.04373033046722412,0.0011086702346801759,413
27,21032,21032,0.05,18.377025413513184,2.2943828225135805,5.028679847717285,11.053962802886963,0.04786152839660644,0.0009065151214599609,413
28,21214,21214,0.05,17.99233512878418,2.004928207397461,4.533069324493408,11.454337787628173,0.033793091773986816,0.0006752490997314453,413
28,21314,21314,0.05,18.5921422958374,2.130463182926178,4.843715858459473,11.617963218688965,0.04428775310516357,0.0009240150451660156,413
28,21414,21414,0.05,18.395473670959472,2.190833604335785,4.86664981842041,11.337989997863769,0.07086737155914306,0.02717118263244629,413
28,21514,21514,0.05,17.917605113983154,2.0007161259651185,4.873299837112427,11.04358892440796,0.04392728805541992,0.0007838010787963867,413
28,21614,21614,0.05,18.724522209167482,2.093689811229706,4.900061392784119,11.730770778656005,0.04809415340423584,0.0009081602096557617,413
28,21714,21714,0.05,18.538529109954833,2.1935303568840028,4.99021463394165,11.35478401184082,0.06202788352966308,0.018183064460754395,413
28,21814,21814,0.05,18.4305850982666,1.956237268447876,4.988173103332519,11.486174869537354,0.047482419013977054,0.0010149478912353516,413
29,21996,21996,0.05,18.26346912384033,2.282368528842926,4.803780150413513,11.177320098876953,0.0385422945022583,0.0008406400680541992,413
29,22096,22096,0.05,18.602258491516114,2.442839252948761,4.837315082550049,11.322104263305665,0.046617674827575686,0.0011020660400390624,413
29,22196,22196,0.05,18.426669120788574,1.709448230266571,4.966943883895874,11.750276947021485,0.04371464252471924,0.0010883331298828125,413
29,22296,22296,0.05,18.62655429840088,2.3227556586265563,4.733052158355713,11.57074670791626,0.04394433498382568,0.000887608528137207,413
29,22396,22396,0.05,17.846941184997558,2.232528471946716,4.574650478363037,11.039762496948242,0.04382314682006836,0.0008943796157836914,413
29,22496,22496,0.05,17.852510833740233,1.881191611289978,4.812899398803711,11.158420085906982,0.03858232498168945,0.0007026910781860352,413
29,22596,22596,0.05,18.621376609802248,2.413015103340149,4.878149127960205,11.330212688446045,0.042867612838745114,0.0007915496826171875,413
30,22778,22778,0.05,18.375520706176758,2.51867253780365,4.406207633018494,11.450640392303466,0.0452918291091919,0.0007760047912597657,413
30,22878,22878,0.05,18.061659622192384,1.969504451751709,4.679703330993652,11.412451839447021,0.04405069351196289,0.001466655731201172,413
30,22978,22978,0.05,17.57040853500366,2.1169259905815125,4.631105422973633,10.82237730026245,0.04395029544830322,0.002122640609741211,413
30,23078,23078,0.05,18.76433219909668,1.7296414256095887,4.856301307678223,12.17838945388794,0.043550300598144534,0.0008447647094726562,413
30,23178,23178,0.05,18.308961868286133,1.8908862709999084,4.731278276443481,11.686797332763671,0.04172093868255615,0.0007779598236083984,413
30,23278,23278,0.05,18.51849994659424,2.5352667331695558,4.7174391746521,11.265793991088866,0.04607090950012207,0.0008989810943603515,413
30,23378,23378,0.05,18.48595275878906,2.052906024456024,4.665426087379456,11.76762056350708,0.045052409172058105,0.0009150505065917969,413
31,23560,23560,0.05,17.738830184936525,2.1948938846588133,4.614295911788941,10.929640007019042,0.042722773551940915,0.0009568214416503906,413
31,23660,23660,0.05,17.768805027008057,1.6528220057487488,4.73373441696167,11.382248497009277,0.0381643533706665,0.0007982254028320312,413
31,23760,23760,0.05,18.331835556030274,1.9769707083702088,4.758119249343872,11.596745491027832,0.04470748901367187,0.0009383440017700195,413
31,23860,23860,0.05,18.93674240112305,2.429853641986847,4.814737343788147,11.692151069641113,0.04411857128143311,0.0010007143020629883,413
31,23960,23960,0.05,17.68237018585205,2.236793553829193,4.556961250305176,10.888615894317628,0.03871457576751709,0.0009400129318237304,413
31,24060,24060,0.05,18.12971782684326,2.3252192735671997,4.627730178833008,11.17676830291748,0.04537878036499023,0.00103304386138916,413
31,24160,24160,0.05,17.95428466796875,2.0318148255348207,4.596022748947144,11.326447296142579,0.03812165260314941,0.0009161233901977539,413
32,24342,24342,0.05,18.174352073669432,2.4951666951179505,4.548041725158692,11.131143760681152,0.044714164733886716,0.0008750677108764649,413
32,24442,24442,0.05,17.896794319152832,1.9058959007263183,4.693777561187744,11.297121047973633,0.04248542785644531,0.0011070966720581055,413
32,24542,24542,0.05,17.727417182922363,2.34793781042099,4.535389709472656,10.844089698791503,0.043690156936645505,0.0008865594863891602,413
32,24642,24642,0.05,18.813540172576904,2.3853115797042848,4.716028690338135,11.712199878692626,0.04387772083282471,0.0009011268615722656,413
32,24742,24742,0.05,17.93016662597656,1.7638617634773255,4.8688946723937985,11.29741039276123,0.04618768692016602,0.0010113716125488281,413
32,24842,24842,0.05,18.441350364685057,2.0683807849884035,4.7153801918029785,11.657589721679688,0.04219422340393066,0.0017242431640625,413
32,24942,24942,0.05,18.332166481018067,2.039296293258667,4.841099691390991,11.45177059173584,0.04304189682006836,0.0009246587753295899,413
33,25124,25124,0.05,17.113691806793213,2.1866639494895934,4.394240093231201,10.532787895202636,0.03480732440948486,0.0006071329116821289,413
33,25224,25224,0.05,18.23721389770508,2.3765743732452393,4.689668655395508,11.170970916748047,0.03910460472106934,0.0007228851318359375,413
33,25324,25324,0.05,18.574781036376955,2.1227272033691404,4.823654317855835,11.628399467468261,0.041236066818237306,0.0012944936752319336,413
33,25424,25424,0.05,18.544181728363036,1.744903826713562,5.079971742630005,11.719305992126465,0.04657557010650635,0.0010416746139526368,413
33,25524,25524,0.05,18.84744758605957,2.012139105796814,4.911831092834473,11.923477172851562,0.047570991516113284,0.0009736061096191406,413
33,25624,25624,0.05,18.35329074859619,2.2620689988136293,4.84420371055603,11.247017765045166,0.03778083324432373,0.0006290435791015625,413
33,25724,25724,0.05,18.83729839324951,1.8249333143234252,4.973234033584594,12.039131259918213,0.04335243701934814,0.0007554054260253906,413
34,25906,25906,0.05,17.97027587890625,2.167367470264435,4.824850559234619,10.978057956695556,0.04411981105804443,0.0009320497512817383,413
34,26006,26006,0.05,17.864665222167968,1.999000656604767,4.818183755874633,11.047481060028076,0.03801784515380859,0.0007898807525634766,413
34,26106,26106,0.05,18.41156597137451,1.9467522263526917,4.90907769203186,11.555735683441162,0.04376904964447022,0.0008348941802978516,413
34,26206,26206,0.05,18.146842765808106,2.462775945663452,4.804256200790405,10.879810523986816,0.03913111686706543,0.000740671157836914,413
34,26306,26306,0.05,18.396994972229002,2.119148480892181,4.776151514053344,11.501695156097412,0.04593973159790039,0.0009656190872192383,413
34,26406,26406,0.05,18.040493392944335,2.2579447269439696,4.566941905021667,11.215606594085694,0.04452733993530274,0.0009205102920532227,413
34,26506,26506,0.05,18.206828308105468,1.7818810939788818,4.769002151489258,11.655944919586181,0.04361546039581299,0.0009272098541259766,413
35,26688,26688,0.05,18.61076126098633,2.1586454629898073,4.852046728134155,11.600068855285645,0.044034361839294434,0.0007773637771606445,413
35,26788,26788,0.05,18.40911102294922,2.2630021810531615,4.632028341293335,11.514080429077149,0.04192383289337158,0.0007702112197875977,413
35,26888,26888,0.05,18.65639934539795,2.0333044648170473,4.996470928192139,11.626624298095702,0.03799464702606201,0.0007161378860473632,413
35,26988,26988,0.05,18.28197650909424,1.8820056676864625,4.87583737373352,11.524133396148681,0.044208645820617676,0.001184558868408203,413
35,27088,27088,0.05,17.633496856689455,1.8837411284446717,4.62171483039856,11.128040885925293,0.04521627426147461,0.00088958740234375,413
35,27188,27188,0.05,18.422179985046387,1.949938452243805,4.770091915130616,11.702149581909179,0.04476318359375,0.0009266376495361328,413
35,27288,27288,0.05,18.09736862182617,2.1343868255615233,4.705892658233642,11.257089138031006,0.04383842945098877,0.0009434223175048828,413
36,27470,27470,0.05,17.84519844055176,1.6705307364463806,4.877115631103516,11.297551918029786,0.03847627639770508,0.0008387565612792969,413
36,27570,27570,0.05,18.034347343444825,1.9509602189064026,4.623262023925781,11.460125637054443,0.03725049495697021,0.0008119821548461914,413
36,27670,27670,0.05,18.082619667053223,1.8556950330734252,4.8212586641311646,11.40566635131836,0.04350728988647461,0.0008032321929931641,413
36,27770,27770,0.05,18.45932216644287,2.087496078014374,4.836597323417664,11.53522834777832,0.042943787574768064,0.0007928609848022461,413
36,27870,27870,0.05,18.27812728881836,2.4736151337623595,4.66969780921936,11.134814453125,0.044532489776611325,0.001684713363647461,413
36,27970,27970,0.05,17.884685134887697,2.0859713673591616,4.808621668815613,10.990092182159424,0.0427276611328125,0.0009725093841552734,413
36,28070,28070,0.05,18.282836723327637,1.964428973197937,4.802074861526489,11.516332721710205,0.042025399208068845,0.001011204719543457,413
37,28252,28252,0.05,18.13794689178467,2.0727054834365846,4.669497871398926,11.395743656158448,0.04079158306121826,0.0008379936218261719,413
37,28352,28352,0.05,17.426319694519044,1.9736420392990113,4.548511409759522,10.904165935516357,0.04648160934448242,0.0011709213256835937,413
37,28452,28452,0.05,18.682294654846192,1.9017578840255738,4.991141891479492,11.789395236968994,0.04484937191009521,0.0010656595230102539,413
37,28552,28552,0.05,18.57285385131836,1.9238731026649476,4.720231819152832,11.928748416900635,0.04814333915710449,0.0011165618896484375,413
37,28652,28652,0.05,18.222425651550292,2.2976213693618774,4.7271568298339846,11.197647666931152,0.0600020170211792,0.0009593963623046875,413
37,28752,28752,0.05,18.394437408447267,2.09276397228241,4.675697231292725,11.625976371765137,0.04079768657684326,0.000864720344543457,413
37,28852,28852,0.05,18.750785636901856,1.6076545119285583,4.917766189575195,12.22536506652832,0.041438889503479,0.0008092641830444336,413
38,29034,29034,0.05,18.661656379699707,1.9052773714065552,4.824830150604248,11.931548976898194,0.04323711395263672,0.000981450080871582,413
38,29134,29134,0.05,18.015008068084718,2.4863454341888427,4.615352058410645,10.913310623168945,0.04515593051910401,0.001059579849243164,413
38,29234,29234,0.05,18.4776252746582,2.2589120268821716,4.553156614303589,11.665556812286377,0.045590782165527345,0.0011926889419555664,413
38,29334,29334,0.05,18.023737525939943,1.9804345965385437,4.720752954483032,11.322549629211426,0.04648439884185791,0.0010784626007080077,413
38,29434,29434,0.05,17.64068145751953,1.979807162284851,4.7058813095092775,10.95499324798584,0.04304590225219727,0.0008519649505615235,413
38,29534,29534,0.05,18.695684242248536,2.368141531944275,4.854961633682251,11.47258129119873,0.04351792335510254,0.0014675378799438477,413
38,29634,29634,0.05,17.870203590393068,2.0692613244056703,4.563266468048096,11.237675952911378,0.042366433143615725,0.0009124755859375,413
39,29816,29816,0.05,18.229433441162108,2.2686045289039614,4.5922363758087155,11.368592643737793,0.04260585308074951,0.0010329961776733398,413
39,29916,29916,0.05,18.540833282470704,2.0109268188476563,4.558172559738159,11.971733856201173,0.046287369728088376,0.0011903762817382813,413
39,30016,30016,0.05,18.545205116271973,2.5269717812538146,4.70306715965271,11.315165996551514,0.042998647689819335,0.0010245084762573243,413
39,30116,30116,0.05,18.270222663879395,2.308328628540039,4.894848585128784,11.067045402526855,0.04671435356140137,0.0009543657302856446,413
39,30216,30216,0.05,17.54129629135132,2.103168416023254,4.704280519485474,10.733847332000732,0.04566125869750977,0.0009556770324707031,413
39,30316,30316,0.05,17.91485462188721,2.2131658673286436,4.557118844985962,11.144569778442383,0.03875575065612793,0.0009359121322631836,413
39,30416,30416,0.05,18.241987228393555,2.2179658889770506,4.801689529418946,11.222331237792968,0.04669432640075684,0.0011185169219970702,413
40,30598,30598,0.05,17.641225051879882,2.1313907384872435,4.449923801422119,11.05991039276123,0.046087336540222165,0.0011577844619750977,413
40,30698,30698,0.05,18.058064460754395,2.4001866459846495,4.544682741165161,11.113195133209228,0.0456789493560791,0.001220846176147461,413
40,30798,30798,0.05,17.827544593811034,2.0920785069465637,4.648742532730102,11.086723613739014,0.04486558437347412,0.0008828878402709961,413
40,30898,30898,0.05,18.509085845947265,2.3420223593711853,4.729495549201966,11.437567806243896,0.048421192169189456,0.0012120962142944335,413
40,30998,30998,0.05,17.740820980072023,1.9355748653411866,4.77313265800476,11.032113647460937,0.0382427453994751,0.0009660482406616211,413
40,31098,31098,0.05,17.746870231628417,2.226481330394745,4.9498754978179935,10.57051362991333,0.06295685768127442,0.0017031431198120117,413
40,31198,31198,0.05,18.33003330230713,2.5363648295402528,4.755698156356812,11.037970161437988,0.043833589553833006,0.0011186838150024415,413
41,31380,31380,0.05,17.806099700927735,2.1109774351119994,4.666482210159302,11.028640174865723,0.043884778022766115,0.001979374885559082,413
41,31480,31480,0.05,17.580022144317628,1.4984468460083007,4.855433940887451,11.226141548156738,0.046901822090148926,0.0010897397994995117,413
41,31580,31580,0.05,17.903562545776367,2.0799800753593445,4.498407363891602,11.325174903869629,0.06558394432067871,0.0010186195373535155,413
41,31680,31680,0.05,18.31091136932373,2.483463132381439,4.567839527130127,11.259608745574951,0.04251694679260254,0.0008904933929443359,413
41,31780,31780,0.05,18.681263160705566,2.247216522693634,4.741433811187744,11.69261293411255,0.039284563064575194,0.0009980201721191406,413
41,31880,31880,0.05,18.24155216217041,2.5868911504745484,4.632631874084472,11.022028923034668,0.06859979629516602,0.0011183261871337891,413
41,31980,31980,0.05,17.95812225341797,2.2230435729026796,4.714801359176636,11.020277309417725,0.04269533157348633,0.0010274887084960938,413
42,32162,32162,0.05,17.915971183776854,2.0079857468605042,4.608737230300903,11.299248123168946,0.04773368835449219,0.0010722160339355468,413
42,32262,32262,0.05,18.20106601715088,1.5396907210350037,4.809338688850403,11.852036666870116,0.04450702667236328,0.0010437488555908204,413
42,32362,32362,0.05,18.659211349487304,1.613889229297638,5.131788063049316,11.913533973693848,0.04361224174499512,0.0010431051254272462,413
42,32462,32462,0.05,18.548503494262697,1.9195439219474792,4.838645076751709,11.790314388275146,0.043534159660339355,0.0008889198303222656,413
42,32562,32562,0.05,18.786361122131346,2.1854090094566345,4.951765060424805,11.649187183380127,0.0465334415435791,0.0010435819625854493,413
42,32662,32662,0.05,18.20254306793213,1.8538617253303529,4.623806524276733,11.724874877929688,0.041533803939819335,0.0007840871810913086,413
42,32762,32762,0.05,18.61702880859375,2.257935357093811,4.93791356086731,11.421180152893067,0.042889523506164554,0.001000380516052246,413
43,32944,32944,0.05,17.511934661865233,1.9313523650169373,4.434438991546631,11.146143245697022,0.043047857284545896,0.0009234428405761718,413
43,33044,33044,0.05,17.730944061279295,2.0918569207191466,4.605615901947021,11.033471393585206,0.0428194522857666,0.0009903907775878906,413
43,33144,33144,0.05,18.113605499267578,2.000312340259552,4.684399700164795,11.42889347076416,0.07082819938659668,0.0009940147399902343,413
43,33244,33244,0.05,18.244133949279785,2.675878846645355,4.548657679557801,11.019597148895263,0.042604470252990724,0.0009375333786010743,413
43,33344,33344,0.05,18.246703147888184,2.290693724155426,4.640836334228515,11.315172958374024,0.0478156566619873,0.0011263370513916015,413
43,33444,33444,0.05,18.657916259765624,2.116261899471283,4.778158569335938,11.763495540618896,0.04380865097045898,0.001038503646850586,413
43,33544,33544,0.05,17.81476879119873,1.9908869504928588,4.899655961990357,10.924225997924804,0.04432106018066406,0.0009803533554077148,413
44,33726,33726,0.05,17.835829734802246,2.127172112464905,4.416855263710022,11.291802406311035,0.03890106678009033,0.0008395910263061523,413
44,33826,33826,0.05,18.421811676025392,1.9485824823379516,4.694890403747559,11.778338813781739,0.04276890754699707,0.000898289680480957,413
44,33926,33926,0.05,17.41722402572632,1.8173975110054017,4.7108237743377686,10.889002704620362,0.034361743927001955,0.0007185697555541992,413
44,34026,34026,0.05,18.593234825134278,2.0850435137748717,4.741764497756958,11.766426849365235,0.0396024227142334,0.0012230157852172851,413
44,34126,34126,0.05,18.33461093902588,1.6322925329208373,4.699122953414917,12.003194904327392,0.04771604537963867,0.0012076377868652343,413
44,34226,34226,0.05,18.604921913146974,1.9568297266960144,4.721259832382202,11.92683219909668,0.07354037761688233,0.0012976169586181641,413
44,34326,34326,0.05,18.24872932434082,1.8829328894615174,4.763700771331787,11.602095699310302,0.042231512069702146,0.0009510278701782227,413
45,34508,34508,0.05,18.398094177246094,1.6824336647987366,4.644597840309143,12.071062660217285,0.038089847564697264,0.0010780096054077148,413
45,34608,34608,0.05,18.29365062713623,1.692442286014557,4.693823218345642,11.907384967803955,0.04318280220031738,0.0010478973388671875,413
45,34708,34708,0.05,18.127158164978027,1.9591976404190063,4.463418102264404,11.7045428276062,0.042445707321166995,0.000903010368347168,413
45,34808,34808,0.05,18.2023063659668,2.055889201164246,4.525446987152099,11.620970344543457,0.041413283348083495,0.0009047269821166992,413
45,34908,34908,0.05,18.16192798614502,1.9544080734252929,4.980056977272033,11.22746295928955,0.04358978271484375,0.0009549140930175781,413
45,35008,35008,0.05,17.945214557647706,1.8343338370323181,4.733327698707581,11.377552604675293,0.05102448463439942,0.0011971950531005859,413
45,35108,35108,0.05,17.711646461486815,2.080164897441864,4.735572052001953,10.895909595489503,0.04402291774749756,0.0010294437408447266,413
46,35290,35290,0.05,17.419210338592528,1.8028796195983887,4.6257397651672365,10.990590953826905,0.04226584434509277,0.000981903076171875,413
46,35390,35390,0.05,18.367105293273926,2.137549078464508,4.650321388244629,11.579234886169434,0.04163954257965088,0.0008968591690063476,413
46,35490,35490,0.05,17.647620582580565,1.9492414355278016,4.6198993682861325,11.078479480743407,0.04366831779479981,0.0011623859405517577,413
46,35590,35590,0.05,18.36676158905029,2.1684454679489136,4.614306926727295,11.584008979797364,0.043414855003356935,0.0009666919708251953,413
46,35690,35690,0.05,18.366448593139648,1.997059154510498,4.997040414810181,11.372348976135253,0.04415276050567627,0.0009391307830810547,413
46,35790,35790,0.05,17.6830153465271,2.1670229911804197,4.607739353179932,10.908252906799316,0.04385383129119873,0.0010406494140625,413
46,35890,35890,0.05,18.898023414611817,1.8364582657814026,4.987120819091797,12.074444389343261,0.04112663269042969,0.001495194435119629,413
47,36072,36072,0.05,18.03621702194214,2.1146352171897886,4.49929404258728,11.422287750244141,0.043671250343322754,0.0009311914443969726,413
47,36172,36172,0.05,18.785068893432616,2.0613807439804077,4.791459035873413,11.93222942352295,0.04139392375946045,0.000816178321838379,413
47,36272,36272,0.05,18.124893188476562,2.2993475675582884,4.674804401397705,11.150741386413575,0.038240814208984376,0.0008967399597167968,413
47,36372,36372,0.05,17.672027397155762,2.28985276222229,4.499732112884521,10.882442188262939,0.04353327751159668,0.0010227441787719726,413
47,36472,36472,0.05,17.705775260925293,2.233042633533478,4.400246167182923,11.07248649597168,0.03974466323852539,0.0009085655212402344,413
47,36572,36572,0.05,17.982311820983888,2.0117824196815492,4.710976457595825,11.259552764892579,0.044269561767578125,0.000872492790222168,413
47,36672,36672,0.05,17.976123046875,2.662784790992737,4.476546764373779,10.836791229248046,0.04217705726623535,0.0010455131530761718,413
48,36854,36854,0.05,18.04978504180908,1.944942945241928,4.585150480270386,11.519691848754883,0.0433732271194458,0.0009103775024414063,413
48,36954,36954,0.05,18.441779327392577,1.9355302453041077,4.691279315948487,11.814970016479492,0.0443915843963623,0.0009743690490722657,413
48,37054,37054,0.05,18.43887596130371,1.6188819766044618,4.906772232055664,11.913221836090088,0.04047160148620606,0.0012903690338134765,413
48,37154,37154,0.05,18.860576629638672,2.213217926025391,4.733915901184082,11.913443088531494,0.04371182918548584,0.0009667158126831054,413
48,37254,37254,0.05,17.78883590698242,2.2571584582328796,4.554855012893677,10.97682228088379,0.03953297138214111,0.0010215282440185548,413
48,37354,37354,0.05,17.966865730285644,2.3931283473968508,4.9898253917694095,10.583911895751953,0.04502308368682861,0.0009312152862548829,413
48,37454,37454,0.05,18.4185209274292,1.6854281067848205,4.964097690582276,11.768995189666748,0.04439210891723633,0.0011419057846069336,413
49,37636,37636,0.05,18.336741638183593,1.9152135848999023,4.5605401515960695,11.860987758636474,0.04203550815582276,0.0010153293609619141,413
49,37736,37736,0.05,18.515400695800782,2.402160370349884,4.798209142684937,11.315031147003173,0.04644608497619629,0.0010389328002929688,413
49,37836,37836,0.05,18.020980644226075,2.001438868045807,4.702136898040772,11.317405128479004,0.03405563831329346,0.0009689092636108399,413
49,37936,37936,0.05,18.38662929534912,2.246775507926941,4.838340425491333,11.301513481140137,0.04317913055419922,0.0010402441024780274,413
49,38036,38036,0.05,17.617438507080077,2.0781145453453065,4.659197235107422,10.880126571655273,0.04408600330352783,0.0010862112045288085,413
49,38136,38136,0.05,18.549999046325684,2.596569061279297,4.635876560211182,11.317553615570068,0.045516347885131835,0.0010805606842041015,413
49,38236,38236,0.05,17.74067783355713,2.1219435572624206,4.603964066505432,11.014770126342773,0.04191327095031738,0.0009279251098632812,413
50,38418,38418,0.05,18.140189743041994,1.629514753818512,4.616690969467163,11.893983936309814,0.04399781227111817,0.0009185552597045898,413
50,38518,38518,0.05,18.225086975097657,1.6420153856277466,5.0004189014434814,11.582653141021728,0.044544219970703125,0.0010732173919677734,413
50,38618,38618,0.05,17.654159259796142,1.8940488874912262,4.570319795608521,11.189790630340577,0.041837024688720706,0.0010816574096679688,413
50,38718,38718,0.05,18.435658836364745,2.26144255399704,4.514692306518555,11.659523677825927,0.044236040115356444,0.0010042190551757812,413
50,38818,38818,0.05,17.763599586486816,2.048602294921875,4.559181022644043,11.155815982818604,0.030010318756103514,0.0006595611572265625,413
50,38918,38918,0.05,18.483192443847656,1.6529090046882629,4.775841903686524,12.054441452026367,0.04317903518676758,0.0009578704833984375,413
50,39018,39018,0.05,17.845063591003417,1.9837110757827758,4.423572754859924,11.437779712677003,0.04033815860748291,0.0010230302810668944,413
51,39200,39200,0.05,17.78824338912964,1.7461453318595885,4.458113718032837,11.583984470367431,0.0394493579864502,0.0007706880569458008,413
51,39300,39300,0.05,18.17366313934326,2.138349974155426,4.692424154281616,11.342889308929443,0.04506347179412842,0.001008152961730957,413
51,39400,39400,0.05,18.36398239135742,2.4489267587661745,4.644337844848633,11.270718097686768,0.04316756725311279,0.0011707305908203124,413
51,39500,39500,0.05,17.721609115600586,1.7856014728546143,4.79602017402649,11.139987468719482,0.04231584072113037,0.0010303497314453126,413
51,39600,39600,0.05,18.60492000579834,2.02370525598526,4.824293565750122,11.75692138671875,0.043625473976135254,0.0009445667266845704,413
51,39700,39700,0.05,17.912186241149904,2.363846707344055,4.385400724411011,11.162938690185547,0.03814804553985596,0.0006871938705444336,413
51,39800,39800,0.05,18.065630531311037,2.4068909645080567,4.5980805397033695,11.060659217834473,0.04248898029327393,0.0010972261428833009,413
52,39982,39982,0.05,17.67352237701416,2.208371865749359,4.432714486122132,11.032436084747314,0.043680787086486816,0.0009590625762939453,413
52,40082,40082,0.05,17.70159797668457,1.9784125566482544,4.819572305679321,10.903612995147705,0.040984392166137695,0.0008522510528564453,413
52,40182,40182,0.05,18.15424690246582,2.2171223163604736,4.510162353515625,11.426962184906007,0.03832590579986572,0.0011039018630981446,413
52,40282,40282,0.05,18.35150737762451,2.0262451767921448,4.793937873840332,11.531324005126953,0.041250061988830564,0.0013134002685546875,413
52,40382,40382,0.05,18.344740867614746,2.0173373460769652,4.767144775390625,11.560258674621583,0.04806773662567139,0.001337122917175293,413
52,40482,40482,0.05,18.455819129943848,2.003774809837341,4.709478425979614,11.742565727233886,0.04194042682647705,0.0014823198318481446,413
52,40582,40582,0.05,18.52746715545654,2.076440620422363,4.825672197341919,11.625354290008545,0.04351809024810791,0.0009331226348876954,413
53,40764,40764,0.05,17.868140697479248,1.9893428444862367,4.382394242286682,11.496403789520263,0.045983314514160156,0.001646113395690918,413
53,40864,40864,0.05,18.336804962158205,1.9636275172233582,4.791336011886597,11.581841468811035,0.045652246475219725,0.0010344028472900391,413
53,40964,40964,0.05,18.284371185302735,2.072359573841095,4.7325035572052006,11.479508018493652,0.04208977222442627,0.000954890251159668,413
53,41064,41064,0.05,18.450575065612792,1.9950581073760987,4.677931880950927,11.777585124969482,0.042782831192016604,0.001002931594848633,413
53,41164,41164,0.05,19.017839241027833,2.0205893516540527,4.93507342338562,12.062176609039307,0.04287114143371582,0.0010213851928710938,413
53,41264,41264,0.05,17.96113510131836,2.4278544545173646,4.3040954113006595,11.229185485839844,0.0425757646560669,0.000973367691040039,413
53,41364,41364,0.05,18.18302631378174,2.016977858543396,4.772628974914551,11.393419456481933,0.03357572555541992,0.0015043973922729491,413
54,41546,41546,0.05,17.827662086486818,2.495844912528992,4.134986233711243,11.196831226348877,0.043350934982299805,0.001003861427307129,413
54,41646,41646,0.05,18.21733694076538,1.8436637997627259,4.824660968780518,11.549012184143066,0.04330346584320068,0.001085948944091797,413
54,41746,41746,0.05,18.22391471862793,2.6807342886924745,4.197194504737854,11.345986270904541,0.04376752376556396,0.0010332822799682616,413
54,41846,41846,0.05,18.476766967773436,2.0767049193382263,4.581794118881225,11.818268013000488,0.04426732063293457,0.0009105205535888672,413
54,41946,41946,0.05,18.267922019958498,1.886530828475952,4.918712139129639,11.462679004669189,0.03896505832672119,0.0007648468017578125,413
54,42046,42046,0.05,17.963582897186278,2.3463710069656374,4.642697858810425,10.97451400756836,0.042753005027771,0.0009360551834106445,413
54,42146,42146,0.05,18.6234432220459,2.1424162864685057,4.700236892700195,11.78079013824463,0.04251244068145752,0.0010914564132690429,413
55,42328,42328,0.05,17.74518461227417,1.968727946281433,4.545374250411987,11.231082439422607,0.040505504608154295,0.0009486198425292969,413
55,42428,42428,0.05,18.036945724487303,2.355376672744751,4.6224113464355465,11.05915813446045,0.04391493797302246,0.0011030197143554687,413
55,42528,42528,0.05,18.19838352203369,2.0503756999969482,4.5235240936279295,11.624483966827393,0.046027112007141116,0.0010678768157958984,413
55,42628,42628,0.05,17.449552249908447,2.018529546260834,4.650552272796631,10.780470371246338,0.0421942949295044,0.0011580944061279296,413
55,42728,42728,0.05,18.485296630859374,1.866339349746704,4.618202543258667,12.000754737854004,0.044313573837280275,0.0008836269378662109,413
55,42828,42828,0.05,17.512257957458495,1.9519336342811584,4.39957013130188,11.160754108428955,0.04335439205169678,0.0009605646133422852,413
55,42928,42928,0.05,18.352085494995116,2.433504557609558,4.617282915115356,11.301298236846923,0.044279170036315915,0.00107269287109375,413
56,43110,43110,0.05,18.421138763427734,2.1807990789413454,4.709439373016357,11.530899715423583,0.04513437747955322,0.0015978097915649414,413
56,43210,43210,0.05,18.10884017944336,2.2015411615371705,4.441604089736939,11.465694999694824,0.04769930839538574,0.001113295555114746,413
56,43310,43310,0.05,18.320188903808592,2.2757925629615783,4.529067969322204,11.515328693389893,0.0463101863861084,0.0010408878326416016,413
56,43410,43410,0.05,18.01649627685547,2.0294028639793398,4.616054964065552,11.371038436889648,0.04452028274536133,0.0011078596115112304,413
56,43510,43510,0.05,18.418209266662597,2.1336644172668455,4.662152051925659,11.622392845153808,0.04561867713928223,0.0011292219161987305,413
56,43610,43610,0.05,17.813121604919434,1.6845633268356324,4.711699390411377,11.416858863830566,0.04588606357574463,0.0012559175491333007,413
56,43710,43710,0.05,17.971807098388673,2.3921636939048767,4.475461673736572,11.104181575775147,0.042964768409729,0.0008838415145874023,413
57,43892,43892,0.05,17.750893211364748,1.8433988690376282,4.61693377494812,11.290560817718506,0.04677524566650391,0.0010938644409179688,413
57,43992,43992,0.05,17.487545108795167,1.6896391689777375,4.457874083518982,11.340031719207763,0.043305182456970216,0.0011225461959838868,413
57,44092,44092,0.05,17.878417491912842,1.800492513179779,4.42594428062439,11.65198040008545,0.04744143486022949,0.0015280485153198243,413
57,44192,44192,0.05,18.218218994140624,1.640181565284729,4.557392549514771,12.0206449508667,0.04370722770690918,0.0011069297790527344,413
57,44292,44292,0.05,17.86868782043457,2.2650702834129333,4.549653816223144,11.053963756561279,0.046168947219848634,0.0011740684509277343,413
57,44392,44392,0.05,17.72711048126221,1.8151731967926026,4.73967432975769,11.172262477874757,0.045567893981933595,0.0010918855667114257,413
57,44492,44492,0.05,18.443334007263182,1.9984787344932555,4.821410369873047,11.623444747924804,0.04490234851837158,0.0014374732971191406,413
58,44674,44674,0.05,18.087035179138184,2.0290483713150023,4.444044542312622,11.613942527770996,0.043228769302368165,0.0019794702529907227,413
58,44774,44774,0.05,18.53423328399658,1.9727253317832947,4.86659870147705,11.694909286499023,0.04494540691375733,0.0011009931564331054,413
58,44874,44874,0.05,18.222637557983397,2.2131684899330137,4.623371291160583,11.386097812652588,0.06597912311553955,0.001159334182739258,413
58,44974,44974,0.05,18.42303295135498,2.24524472951889,4.686234664916992,11.491553783416748,0.0345444917678833,0.000843048095703125,413
58,45074,45074,0.05,18.353765106201173,1.8036425828933715,4.73293399810791,11.817188453674316,0.04739830493927002,0.001213407516479492,413
58,45174,45174,0.05,18.371060180664063,2.058662807941437,4.736506605148316,11.575890636444091,0.044170069694519046,0.001098299026489258,413
58,45274,45274,0.05,17.86024341583252,2.2293901205062867,4.383183073997498,11.24767017364502,0.04485037326812744,0.0018462181091308595,413
59,45456,45456,0.05,17.8119758605957,2.234385311603546,4.606671094894409,10.970919513702393,0.04299337863922119,0.0011870622634887694,413
59,45556,45556,0.05,17.997471046447753,2.32518093585968,4.435453844070435,11.236835956573486,0.04238588809967041,0.0011522531509399413,413
59,45656,45656,0.05,18.50547561645508,1.9863449096679688,4.613650608062744,11.905480003356933,0.043049955368041994,0.001132798194885254,413
59,45756,45756,0.05,17.949906158447266,1.951079285144806,4.500207567214966,11.498619556427002,0.04659395217895508,0.0011728286743164062,413
59,45856,45856,0.05,17.836353302001953,1.8942705750465394,4.538880205154419,11.403202342987061,0.042149138450622556,0.000830698013305664,413
59,45956,45956,0.05,18.12238187789917,1.8014938950538635,4.605812311172485,11.715075302124024,0.04287552833557129,0.0011546611785888672,413
59,46056,46056,0.05,18.908650207519532,2.013478147983551,4.906378698348999,11.988792896270752,0.03881926536560058,0.0010038852691650391,413
60,46238,46238,0.05,18.112764358520508,1.738694167137146,4.610626554489135,11.763443946838379,0.04397032260894775,0.0008690357208251953,413
60,46338,46338,0.05,17.695566749572755,2.1923330187797547,4.359522652626038,11.143711185455322,0.04332077503204346,0.0010655879974365234,413
60,46438,46438,0.05,17.74362678527832,2.008989632129669,4.481668829917908,11.252967929840088,0.04351496696472168,0.0010964155197143554,413
60,46538,46538,0.05,18.192822647094726,2.0387126564979554,4.780506658554077,11.373603343963623,0.044214296340942386,0.0009600162506103515,413
60,46638,46638,0.05,18.266884803771973,2.1876023054122924,4.559248399734497,11.520034313201904,0.03677806854248047,0.0006890535354614258,413
60,46738,46738,0.05,17.873299026489256,2.5515008926391602,4.5569925785064695,10.764805793762207,0.03495173454284668,0.000865030288696289,413
60,46838,46838,0.05,18.75022659301758,2.0497395515441896,4.760701608657837,11.939785289764405,0.04310157299041748,0.0010256528854370116,413
61,47020,47020,0.05,17.688906860351562,1.7399765431880951,4.561688327789307,11.38724193572998,0.04336190223693848,0.0010224103927612305,413
61,47120,47120,0.05,18.060643005371094,2.071945011615753,4.57236876487732,11.416329193115235,0.03903048038482666,0.0013866662979125977,413
61,47220,47220,0.05,17.76499214172363,2.3437880754470823,4.370106029510498,11.051098155975343,0.041888308525085446,0.0009936809539794922,413
61,47320,47320,0.05,17.7300443649292,1.9886235475540162,4.376439237594605,11.364981746673584,0.0399338960647583,0.0010561943054199219,413
61,47420,47420,0.05,18.525154495239256,1.6362943053245544,5.027415132522583,11.861445426940918,0.04420444965362549,0.0010572910308837891,413
61,47520,47520,0.05,18.421192932128907,1.7982577323913573,4.671392488479614,11.951542854309082,0.06463100910186767,0.0011346101760864257,413
61,47620,47620,0.05,17.99379234313965,2.4072431087493897,4.515275526046753,11.0712739944458,0.041683292388916014,0.001372694969177246,413
62,47802,47802,0.05,18.36834583282471,2.014759397506714,4.701104211807251,11.652482318878175,0.04629702568054199,0.0012900590896606444,413
62,47902,47902,0.05,18.09047374725342,2.3074201345443726,4.658616542816162,11.124436950683593,0.04342851638793945,0.0011239290237426759,413
62,48002,48002,0.05,17.94675769805908,1.65856676697731,4.423907232284546,11.864283561706543,0.04006614685058594,0.0009656667709350586,413
62,48102,48102,0.05,18.133044052124024,2.017221236228943,4.692996025085449,11.422827053070069,0.04474484920501709,0.001028728485107422,413
62,48202,48202,0.05,18.04012393951416,2.1223063230514527,4.504001092910767,11.41381664276123,0.04778563976287842,0.0013830423355102538,413
62,48302,48302,0.05,18.27138271331787,1.9267792463302613,4.795018339157105,11.549585342407227,0.068641996383667,0.0013124465942382813,413
62,48402,48402,0.05,18.18695945739746,2.437724506855011,4.637510490417481,11.111724472045898,0.044617199897766115,0.0010838031768798829,413
63,48584,48584,0.05,17.52536039352417,1.908642339706421,4.491139578819275,11.1255784034729,0.047241616249084475,0.0012167692184448242,413
63,48684,48684,0.05,17.769800090789794,1.9277961015701295,4.469824099540711,11.372179794311524,0.03929979801177978,0.0011609315872192383,413
63,48784,48784,0.05,17.685934257507324,1.8508314490318298,4.450047826766967,11.385054969787598,0.04561524391174317,0.001138591766357422,413
63,48884,48884,0.05,17.84327449798584,2.037710893154144,4.663473987579346,11.14208927154541,0.040707516670227054,0.0010939598083496093,413
63,48984,48984,0.05,18.35057830810547,1.9180313229560852,4.667633676528931,11.764913749694824,0.04181461334228516,0.0011709213256835937,413
63,49084,49084,0.05,18.10705680847168,1.7997086644172668,4.5637709379196165,11.743577194213866,0.0432373046875,0.0010504007339477539,413
63,49184,49184,0.05,18.4243221282959,1.739792561531067,4.73307569026947,11.95145387649536,0.04406473636627197,0.001104116439819336,413
64,49366,49366,0.05,17.376275062561035,1.862344205379486,4.268892931938171,11.24503812789917,0.06974546909332276,0.0011924266815185546,413
64,49466,49466,0.05,18.004535961151124,2.262328314781189,4.514885520935058,11.227321815490722,0.04320800304412842,0.0011207103729248048,413
64,49566,49566,0.05,18.499210166931153,2.1470897793769836,4.697488903999329,11.654631423950196,0.0408644437789917,0.0010932207107543946,413
64,49666,49666,0.05,18.082421875,2.155241870880127,4.749423193931579,11.177757072448731,0.046774888038635255,0.0011081933975219727,413
64,49766,49766,0.05,18.55074405670166,1.5800589561462401,4.805797576904297,12.164887428283691,0.02901585102081299,0.000756382942199707,413
64,49866,49866,0.05,18.110600090026857,2.161218726634979,4.791402673721313,11.157978534698486,0.04114916324615479,0.0010756492614746095,413
64,49966,49966,0.05,18.7683313369751,2.5395662784576416,4.619076299667358,11.609688854217529,0.046083712577819826,0.0013185262680053711,413
65,50148,50148,0.05,18.12293920516968,1.9846400976181031,4.536717653274536,11.601581478118897,0.03939156532287598,0.0011223077774047852,413
65,50248,50248,0.05,18.555520439147948,2.2553348541259766,4.64075927734375,11.659426498413087,0.04044885635375976,0.000865316390991211,413
65,50348,50348,0.05,18.082625007629396,2.6879475355148315,4.453347325325012,10.941330242156983,0.03841838836669922,0.0012453556060791015,413
65,50448,50448,0.05,17.931486320495605,1.9972239851951599,4.544762086868286,11.389499759674072,0.04328434467315674,0.001266336441040039,413
65,50548,50548,0.05,17.625555419921874,1.9966569066047668,4.629887294769287,10.999011135101318,0.04530851840972901,0.0012253046035766602,413
65,50648,50648,0.05,18.28666763305664,2.3593326091766356,4.60058217048645,11.32675313949585,0.03637068271636963,0.0010344028472900391,413
65,50748,50748,0.05,17.98881778717041,1.6834161400794982,4.550665283203125,11.75473575592041,0.04568092823028565,0.001171422004699707,413
66,50930,50930,0.05,18.35212116241455,2.196595025062561,4.377660036087036,11.777866077423095,0.040802526473999026,0.0011347055435180664,413
66,51030,51030,0.05,18.030741500854493,1.8523029327392577,4.655669355392456,11.522769546508789,0.04548144340515137,0.001142597198486328,413
66,51130,51130,0.05,18.002145767211914,1.579332947731018,4.934657907485962,11.488154792785645,0.04189956188201904,0.0010022163391113282,413
66,51230,51230,0.05,18.50421314239502,2.0059957265853883,4.579094505310058,11.919122886657714,0.0437044620513916,0.0012488126754760741,413
66,51330,51330,0.05,18.581280136108397,2.214197540283203,4.773742032051087,11.59334077835083,0.04696114063262939,0.0027489662170410156,413
66,51430,51430,0.05,18.448982810974123,2.0688509941101074,4.542944693565369,11.837187194824219,0.045909452438354495,0.0011300086975097657,413
66,51530,51530,0.05,18.55248889923096,2.329775905609131,4.684257316589355,11.538455581665039,0.045392751693725586,0.0010425806045532226,413
67,51712,51712,0.05,17.265196228027342,1.8584171295166017,4.414300107955933,10.992478942871093,0.038849806785583495,0.0010354280471801757,413
67,51812,51812,0.05,18.144505310058594,2.201013147830963,4.277118229866028,11.666374111175537,0.04036040306091308,0.0016536712646484375,413
67,51912,51912,0.05,18.508712577819825,1.6088291883468628,4.609691524505616,12.290191745758056,0.04421432018280029,0.0012507915496826171,413
67,52012,52012,0.05,18.262123107910156,2.0638500928878782,4.770223999023438,11.428049278259277,0.03954050540924072,0.000796365737915039,413
67,52112,52112,0.05,18.05912685394287,2.533192682266235,4.522850465774536,11.003084087371827,0.04413928985595703,0.0017168521881103516,413
67,52212,52212,0.05,18.332617378234865,2.427686023712158,4.561472177505493,11.343459129333496,0.04230208396911621,0.0010913610458374023,413
67,52312,52312,0.05,17.807251739501954,1.5787829875946044,4.669111013412476,11.559357833862304,0.041290450096130374,0.0013221502304077148,413
68,52494,52494,0.05,17.317257690429688,1.7908657312393188,4.323683905601501,11.2027081489563,0.04683990478515625,0.00242767333984375,413
68,52594,52594,0.05,17.665457344055177,1.8200308322906493,4.404460835456848,11.440965747833252,0.044509363174438474,0.001264500617980957,413
68,52694,52694,0.05,18.185389518737793,2.459268772602081,4.287159204483032,11.438961601257324,0.04603092670440674,0.00115511417388916,413
68,52794,52794,0.05,18.097339057922362,2.0259066224098206,4.6563090801239015,11.41512336730957,0.047549080848693845,0.0012550115585327148,413
68,52894,52894,0.05,17.981639289855956,2.2048555612564087,4.608718204498291,11.16806526184082,0.03726513385772705,0.0007838249206542969,413
68,52994,52994,0.05,17.750651168823243,2.0372478365898132,4.52886734008789,11.184536170959472,0.045936965942382814,0.001321101188659668,413
68,53094,53094,0.05,17.948701095581054,2.0767866730690003,4.571456575393677,11.30045804977417,0.043938517570495605,0.0011084556579589843,413
69,53276,53276,0.05,17.678765296936035,1.9889856576919556,4.282673954963684,11.407105541229248,0.03973488807678223,0.0007906675338745118,413
69,53376,53376,0.05,18.191140747070314,1.6331161737442017,4.505884981155395,12.052139949798583,0.04069764614105224,0.000975942611694336,413
69,53476,53476,0.05,18.640673637390137,2.202514410018921,4.495047521591187,11.943112087249755,0.04917783737182617,0.0012774229049682616,413
69,53576,53576,0.05,17.893219184875488,1.9052634596824647,4.643425178527832,11.344530296325683,0.04413619041442871,0.001097726821899414,413
69,53676,53676,0.05,17.71335115432739,2.02656329870224,4.553779745101929,11.133008193969726,0.045746350288391115,0.001077723503112793,413
69,53776,53776,0.05,18.302400970458983,2.388059079647064,4.26112859249115,11.653212928771973,0.0419677734375,0.00099639892578125,413
69,53876,53876,0.05,17.816121196746828,2.131926941871643,4.410567903518677,11.273626804351807,0.04320359230041504,0.0011765003204345704,413
70,54058,54058,0.05,17.200017642974853,2.305712342262268,4.228544759750366,10.665760612487793,0.04389975070953369,0.0009732961654663086,413
70,54158,54158,0.05,17.44214506149292,2.4781224727630615,4.210867905616761,10.753154754638672,0.043241286277771,0.0010130882263183593,413
70,54258,54258,0.05,17.16111288070679,1.8821584165096283,4.459337830543518,10.819616222381592,0.04420628547668457,0.0011449575424194336,413
70,54358,54358,0.05,18.606000328063963,2.1392218232154847,4.714546203613281,11.752232074737549,0.044557785987854,0.001186704635620117,413
70,54458,54458,0.05,17.896914100646974,2.2923890590667724,4.3630961894989015,11.241428565979003,0.04373688697814941,0.001054692268371582,413
70,54558,54558,0.05,18.187433433532714,1.9930701494216918,4.646786689758301,11.547576522827148,0.043774080276489255,0.002206301689147949,413
70,54658,54658,0.05,18.484863090515137,2.1546273946762087,4.695728540420532,11.634507083892823,0.043945026397705075,0.0011341094970703125,413
71,54840,54840,0.05,18.0549015045166,1.9214671850204468,4.51382360458374,11.619610786437988,0.04272685050964355,0.0011791467666625976,413
71,54940,54940,0.05,17.885995864868164,1.8785645246505738,4.503872442245483,11.503558921813966,0.04567868709564209,0.0012491703033447265,413
71,55040,55040,0.05,18.057586669921875,2.2259851455688477,4.3418056726455685,11.48979606628418,0.04372789859771729,0.0018119096755981445,413
71,55140,55140,0.05,18.028614044189453,2.0883732080459594,4.5032611846923825,11.436979579925538,0.043383002281188965,0.0012450456619262696,413
71,55240,55240,0.05,18.18253688812256,2.011781632900238,4.49397919178009,11.67677583694458,0.04493272304534912,0.0011542558670043946,413
71,55340,55340,0.05,17.85362548828125,2.2135431289672853,4.5719239711761475,11.068158149719238,0.04335920810699463,0.0009996652603149413,413
71,55440,55440,0.05,17.840009689331055,2.1975440621376037,4.399806785583496,11.2426589012146,0.056785058975219724,0.0010847091674804688,413
72,55622,55622,0.05,18.237301445007326,2.1173192262649536,4.524497222900391,11.595485210418701,0.03946185111999512,0.0008606910705566406,413
72,55722,55722,0.05,17.778102970123292,2.2093228340148925,4.44023118019104,11.128549098968506,0.04234325885772705,0.0008763313293457031,413
72,55822,55822,0.05,17.95204563140869,1.6795740962028503,4.665895915031433,11.606575679779052,0.04306464195251465,0.0009988069534301758,413
72,55922,55922,0.05,17.986358833312988,2.243149769306183,4.435097789764404,11.308111095428467,0.04520730972290039,0.0009801387786865234,413
72,56022,56022,0.05,18.506805992126466,1.93737291097641,4.758034801483154,11.811398315429688,0.043167281150817874,0.0010939598083496093,413
72,56122,56122,0.05,18.30400619506836,2.2734094977378847,4.453975963592529,11.576620483398438,0.04977438449859619,0.0013479232788085938,413
72,56222,56222,0.05,18.551222038269042,2.0630869388580324,4.594572687149048,11.8935622215271,0.043998885154724124,0.0012049198150634766,413
73,56404,56404,0.05,17.192564392089842,1.559482890367508,4.423039126396179,11.210041809082032,0.04679648876190186,0.0012451171875,413
73,56504,56504,0.05,18.493017578125,2.185286450386047,4.626725101470948,11.681006050109863,0.04375741481781006,0.0010280609130859375,413
73,56604,56604,0.05,17.89765872955322,2.2988971710205077,4.377011823654175,11.221750068664551,0.048677253723144534,0.0010913610458374023,413
73,56704,56704,0.05,18.146473789215086,2.0841900944709777,4.5706315517425535,11.491652584075927,0.041166281700134276,0.0010380983352661134,413
73,56804,56804,0.05,17.92257308959961,1.9817644238471985,4.578407859802246,11.362400722503661,0.04138157367706299,0.0014059066772460938,413
73,56904,56904,0.05,18.041815567016602,2.379319739341736,4.392347145080566,11.270148658752442,0.038909101486206056,0.0013177156448364257,413
73,57004,57004,0.05,17.87831916809082,1.4862465977668762,4.531029891967774,11.861042594909668,0.043102145195007324,0.0011509895324707032,413
74,57186,57186,0.05,17.8701961517334,1.8743396520614624,4.369303345680237,11.626553630828857,0.05428779125213623,0.0011005401611328125,413
74,57286,57286,0.05,18.25810852050781,2.2406942486763,4.6010016918182375,11.416412353515625,0.0397904634475708,0.0009025335311889648,413
74,57386,57386,0.05,17.518055152893066,2.244822859764099,4.4271551132202145,10.846077251434327,0.04165914058685303,0.001194000244140625,413
74,57486,57486,0.05,18.035034561157225,2.137967073917389,4.606530356407165,11.290537261962891,0.042188501358032225,0.0011191844940185546,413
74,57586,57586,0.05,17.913672065734865,1.903427004814148,4.620612955093383,11.389632034301759,0.04732701778411865,0.0012733221054077148,413
74,57686,57686,0.05,18.076887130737305,2.5870798110961912,4.505752658843994,10.984054946899414,0.04161500930786133,0.0010601282119750977,413
74,57786,57786,0.05,18.29174098968506,2.177122640609741,4.4487786293029785,11.665840148925781,0.03970670700073242,0.001743149757385254,413
75,57968,57968,0.05,18.194575309753418,2.4720102548599243,4.340784120559692,11.38178071975708,0.0642592430114746,0.001340770721435547,413
75,58068,58068,0.05,18.032061195373537,2.0297064781188965,4.586647891998291,11.41570692062378,0.043116521835327146,0.0011389732360839843,413
75,58168,58168,0.05,18.588184547424316,2.036494326591492,4.633257651329041,11.918432331085205,0.04269249439239502,0.0010983705520629882,413
75,58268,58268,0.05,18.11382293701172,2.037295627593994,4.673512554168701,11.403014850616454,0.043914794921875,0.0012599468231201173,413
75,58368,58368,0.05,18.451774406433106,2.4138640999794005,4.743366336822509,11.294544124603272,0.043045425415039064,0.0015970706939697266,413
75,58468,58468,0.05,17.591779518127442,2.443210005760193,4.460385656356811,10.688184070587159,0.03949165344238281,0.0016581296920776367,413
75,58568,58568,0.05,17.62276601791382,1.8171640276908874,4.6362159729003904,11.169386291503907,0.05821304321289063,0.0010579586029052734,413
76,58750,58750,0.05,17.110258769989013,1.9845367193222045,4.442103147506714,10.683619213104247,0.04545459747314453,0.001315736770629883,413
76,58850,58850,0.05,17.64119577407837,2.043957459926605,4.563427400588989,11.03381118774414,0.04249427318572998,0.0011143445968627929,413
76,58950,58950,0.05,17.98276252746582,1.7369722485542298,4.569993352890014,11.675797271728516,0.04564523696899414,0.0012582778930664063,413
76,59050,59050,0.05,17.292012882232665,2.0580551385879517,4.664138746261597,10.56981897354126,0.04291830062866211,0.001101851463317871,413
76,59150,59150,0.05,18.60982151031494,2.1183449625968933,4.678327989578247,11.813148307800294,0.04514048099517822,0.0012085914611816406,413
76,59250,59250,0.05,17.627136325836183,1.9111003160476685,4.644131994247436,11.071904182434082,0.04042365550994873,0.0017868995666503907,413
76,59350,59350,0.05,17.458703994750977,1.9170484662055969,4.495767879486084,11.045887660980224,0.04272372722625732,0.0011295557022094726,413
77,59532,59532,0.05,18.489201164245607,2.301720917224884,4.581054401397705,11.606425380706787,0.046835803985595705,0.0014457464218139648,413
77,59632,59632,0.05,17.90495834350586,2.06227422952652,4.4006365776062015,11.442047309875488,0.04555673599243164,0.0012849807739257813,413
77,59732,59732,0.05,18.280052757263185,1.8180514812469482,4.694276189804077,11.76772518157959,0.045939183235168456,0.0011639118194580079,413
77,59832,59832,0.05,17.58752784729004,1.8684857845306397,4.721055603027343,10.997986125946046,0.04521934986114502,0.0012820243835449218,413
77,59932,59932,0.05,17.743896293640137,2.304695117473602,4.482974028587341,10.956226825714111,0.04285573959350586,0.001087498664855957,413
77,60032,60032,0.05,18.024266624450682,2.029276764392853,4.744640922546386,11.250348758697509,0.04293668270111084,0.001076674461364746,413
77,60132,60132,0.05,17.56220760345459,2.0549217104911803,4.497964143753052,11.009321594238282,0.04341623783111572,0.0013058185577392578,413
78,60314,60314,0.05,17.5185604095459,2.2162750959396362,4.375616216659546,10.926669120788574,0.04910478591918945,0.0012703180313110352,413
78,60414,60414,0.05,17.95655918121338,2.36880886554718,4.346271109580994,11.241479206085206,0.04419848918914795,0.0011145114898681641,413
78,60514,60514,0.05,17.673952865600587,1.7713911890983582,4.701556968688965,11.201004791259766,0.042924356460571286,0.0011252403259277345,413
78,60614,60614,0.05,18.0034517288208,2.0656476616859436,4.511234855651855,11.426569080352783,0.04351165294647217,0.0010998249053955078,413
78,60714,60714,0.05,18.293760681152342,1.9645869493484498,4.589342546463013,11.739831161499023,0.04237794876098633,0.0009772300720214844,413
78,60814,60814,0.05,17.841397857666017,2.144479477405548,4.322737693786621,11.374180698394776,0.04432203769683838,0.0011113643646240234,413
78,60914,60914,0.05,18.48462677001953,2.3641674280166627,4.604675722122193,11.515783882141113,0.04765760898590088,0.0013963699340820313,413
79,61096,61096,0.05,18.018172645568846,2.1542041182518004,4.742174911499023,11.121793937683105,0.035311126708984376,0.0006690025329589844,413
79,61196,61196,0.05,17.902222442626954,2.1263895273208617,4.531127643585205,11.244705390930175,0.0393505334854126,0.0011956453323364257,413
79,61296,61296,0.05,17.674320411682128,2.1042250752449037,4.3932373285293576,11.17685775756836,0.04574360847473145,0.001221299171447754,413
79,61396,61396,0.05,17.815981292724608,1.9751984000205993,4.321845936775207,11.518936824798583,0.03957786560058594,0.0010079622268676757,413
79,61496,61496,0.05,17.719556999206542,2.0587717056274415,4.534195232391357,11.12658987045288,0.038070845603942874,0.0014966487884521484,413
79,61596,61596,0.05,18.029326820373534,1.6014043927192687,4.605016708374023,11.822905826568604,0.04251816272735596,0.0010431766510009765,413
79,61696,61696,0.05,18.24308795928955,2.0573201417922973,4.744324254989624,11.441443538665771,0.04514331817626953,0.0012172460556030273,413
80,61878,61878,0.05,17.444769382476807,2.1559606313705446,4.201664757728577,11.087144088745116,0.043526840209960935,0.0010782957077026367,413
80,61978,61978,0.05,16.897373104095458,1.8871801733970641,4.173189234733582,10.83700351715088,0.0661555290222168,0.0010830163955688477,413
80,62078,62078,0.05,18.258524894714355,2.1854836463928224,4.451735973358154,11.621305370330811,0.04064478874206543,0.0010593891143798827,413
80,62178,62178,0.05,18.148844242095947,2.4703116059303283,4.56335346698761,11.11517915725708,0.044656896591186525,0.001000523567199707,413
80,62278,62278,0.05,18.050171661376954,1.9656507134437562,4.7212629318237305,11.36325798034668,0.04302210807800293,0.0010988950729370118,413
80,62378,62378,0.05,18.09370889663696,2.0570492804050446,4.638251304626465,11.39840841293335,0.04640185832977295,0.001679205894470215,413
80,62478,62478,0.05,18.21846103668213,1.9706920623779296,4.573176050186158,11.67459316253662,0.04421734809875488,0.0010987281799316405,413
81,62660,62660,0.05,17.862035465240478,1.5984579801559449,4.524802565574646,11.73877477645874,0.040447044372558597,0.0011257171630859376,413
81,62760,62760,0.05,18.386482810974123,2.105743682384491,4.518214416503906,11.762524795532226,0.03886728286743164,0.00095977783203125,413
81,62860,62860,0.05,18.014600658416747,1.7072599172592162,4.889886665344238,11.417453956604003,0.04425199031829834,0.0009967803955078125,413
81,62960,62960,0.05,18.066535663604736,1.977994441986084,4.6484767436981205,11.440064716339112,0.04358906745910644,0.0010905981063842774,413
81,63060,63060,0.05,18.247540283203126,1.882971966266632,4.836271619796753,11.52829647064209,0.043696260452270506,0.0010471582412719727,413
81,63160,63160,0.05,18.01906795501709,2.400595319271088,4.625168943405152,10.993303966522216,0.04677150249481201,0.0018102645874023438,413
81,63260,63260,0.05,17.7485107421875,2.437415659427643,4.407083511352539,10.904011440277099,0.04439575672149658,0.001725316047668457,413
82,63442,63442,0.05,17.85520534515381,1.8204653859138489,4.506486177444458,11.528253746032714,0.045180130004882815,0.0012567520141601562,413
82,63542,63542,0.05,18.67265682220459,2.011718821525574,4.793475246429443,11.867462539672852,0.06505298614501953,0.0011200904846191406,413
82,63642,63642,0.05,18.547574043273926,2.0937428712844848,4.751531028747559,11.702300262451171,0.04104492664337158,0.0012797832489013672,413
82,63742,63742,0.05,18.332365798950196,1.7758046865463257,4.497307300567627,12.05925407409668,0.04517598152160644,0.0018846511840820313,413
82,63842,63842,0.05,18.008113670349122,2.4188516616821287,4.122180104255676,11.467081928253174,0.05755600929260254,0.0010255813598632813,413
82,63942,63942,0.05,17.508242988586424,1.8783830642700194,4.39009416103363,11.239765644073486,0.04491729736328125,0.0010763168334960937,413
82,64042,64042,0.05,17.993516063690187,2.235754680633545,4.548439025878906,11.209322738647462,0.04480433464050293,0.001145648956298828,413
83,64224,64224,0.05,18.02565994262695,2.2453590869903564,4.607317018508911,11.172983360290527,0.0448267936706543,0.001111149787902832,413
83,64324,64324,0.05,17.786130714416505,1.862733244895935,4.487020111083984,11.436377334594727,0.044724321365356444,0.0011603116989135742,413
83,64424,64424,0.05,18.034387397766114,2.2003021359443666,4.373156952857971,11.46092872619629,0.0432192325592041,0.0011149883270263673,413
83,64524,64524,0.05,17.55943365097046,2.021236610412598,4.428364992141724,11.109832096099854,0.04203598499298096,0.0010411739349365234,413
83,64624,64624,0.05,17.8273775100708,1.9360286474227906,4.548517751693725,11.342831134796143,0.06435573101043701,0.0010999679565429688,413
83,64724,64724,0.05,18.19044780731201,2.0921881437301635,4.767359137535095,11.330900478363038,0.043353724479675296,0.0011675357818603516,413
83,64824,64824,0.05,18.002753829956056,2.0276124358177183,4.615025329589844,11.360115909576416,0.04186892509460449,0.0010645151138305663,413
84,65006,65006,0.05,17.52958526611328,2.210333597660065,4.170690798759461,11.148560905456543,0.0451411247253418,0.001359248161315918,413
84,65106,65106,0.05,17.946085357666014,2.0133225202560423,4.550861811637878,11.381900978088378,0.04481971263885498,0.0018149614334106445,413
84,65206,65206,0.05,17.94495735168457,2.06731641292572,4.400723099708557,11.476917839050293,0.03882324695587158,0.001302647590637207,413
84,65306,65306,0.05,17.72257709503174,2.5061357498168944,4.228263688087464,10.988177871704101,0.04549849033355713,0.0013252019882202149,413
84,65406,65406,0.05,17.93679361343384,2.019618535041809,4.508739042282104,11.408436107635499,0.06997780799865723,0.0017667770385742187,413
84,65506,65506,0.05,17.611316299438478,1.9757204592227935,4.404791355133057,11.230804347991944,0.04053905010223389,0.0011306285858154296,413
84,65606,65606,0.05,18.18116569519043,2.1601431012153625,4.618490695953369,11.402531814575195,0.04691989421844482,0.0017917871475219727,413
85,65788,65788,0.05,17.813739204406737,2.168307602405548,4.463512420654297,11.181919288635253,0.03876681327819824,0.0008359909057617188,413
85,65888,65888,0.05,17.586600303649902,1.7561360895633698,4.359439992904663,11.471024131774902,0.04262251853942871,0.001163649559020996,413
85,65988,65988,0.05,17.584643363952637,1.9267428994178772,4.573751640319824,11.084148597717284,0.04333946704864502,0.0010971307754516601,413
85,66088,66088,0.05,17.7837251663208,1.6978191614151001,4.498524022102356,11.587381649017335,0.04145827293395996,0.0011220932006835937,413
85,66188,66188,0.05,18.264519882202148,1.7620627164840699,4.616477394104004,11.885979843139648,0.06629891395568847,0.001287841796875,413
85,66288,66288,0.05,18.083489418029785,2.0741684556007387,4.653954792022705,11.355366134643555,0.03788416385650635,0.0010935544967651367,413
85,66388,66388,0.05,18.017965888977052,1.9117177248001098,4.738504314422608,11.367743682861327,0.040253186225891115,0.0010720252990722655,413
86,66570,66570,0.05,18.132945823669434,2.1167289137840273,4.595998334884643,11.420218658447265,0.04599754810333252,0.0012258529663085938,413
86,66670,66670,0.05,17.819153785705566,1.5653838634490966,4.5600510597229,11.693718719482423,0.04376075267791748,0.002729344367980957,413
86,66770,66770,0.05,17.204712772369383,1.9226815938949584,4.409843778610229,10.872187519073487,0.04553241729736328,0.0013159751892089845,413
86,66870,66870,0.05,17.921826171875,1.8763715267181396,4.442691850662231,11.602762985229493,0.04384770393371582,0.0012429237365722656,413
86,66970,66970,0.05,18.290110206604005,2.1889397740364074,4.822141313552857,11.279029083251952,0.06933085918426514,0.0018575191497802734,413
86,67070,67070,0.05,18.43314437866211,1.8535857319831848,4.8149316787719725,11.764626693725585,0.044099950790405275,0.0010760307312011718,413
86,67170,67170,0.05,18.24868679046631,2.244549512863159,4.7160879611969,11.288049507141114,0.048164200782775876,0.0012803077697753906,413
87,67352,67352,0.05,18.055310821533205,2.122628116607666,4.14597852230072,11.78670425415039,0.04356684684753418,0.0011335134506225586,413
87,67452,67452,0.05,18.2315336227417,2.2721671938896177,4.274626159667969,11.684739971160889,0.041011476516723634,0.001981234550476074,413
87,67552,67552,0.05,18.461215209960937,2.418586456775665,4.604581308364868,11.438047313690186,0.04193613529205322,0.0012639999389648438,413
87,67652,67652,0.05,17.99214897155762,2.3703890800476075,4.450063419342041,11.171695899963378,0.04619109630584717,0.0015604019165039063,413
87,67752,67752,0.05,18.340247344970702,2.221273398399353,4.631365513801574,11.487608337402344,0.06711306571960449,0.001319289207458496,413
87,67852,67852,0.05,18.232675743103027,1.7664507269859313,4.754370212554932,11.711854934692383,0.04270083904266357,0.0011934280395507813,413
87,67952,67952,0.05,17.697356033325196,1.4895228624343873,4.595387744903564,11.612445163726807,0.036895465850830075,0.0010045289993286133,413
88,68134,68134,0.05,18.21333866119385,2.3017534971237184,4.355486273765564,11.556099224090577,0.04568359851837158,0.0021111249923706056,413
88,68234,68234,0.05,18.02169828414917,1.7342354774475097,4.517235279083252,11.77022762298584,0.042553162574768065,0.0011316776275634766,413
88,68334,68334,0.05,16.974049854278565,1.8754155218601227,4.270042419433594,10.82859172821045,0.040479850769042966,0.0011143207550048829,413
88,68434,68434,0.05,17.71935119628906,1.7885649919509887,4.33728334903717,11.59350299835205,0.04367341995239258,0.0012443780899047852,413
88,68534,68534,0.05,18.761563301086426,1.6542867302894593,4.907246398925781,12.20003023147583,0.04271607398986817,0.0010811090469360352,413
88,68634,68634,0.05,17.602102279663086,2.148475873470306,4.439640951156616,11.01398525238037,0.046458101272583006,0.0022513151168823244,413
88,68734,68734,0.05,18.453720474243163,2.0944162368774415,4.5119490146636965,11.847355175018311,0.03562693595886231,0.0011436939239501953,413
89,68916,68916,0.05,18.14854488372803,2.160306394100189,4.425232768058777,11.563006019592285,0.04672882556915283,0.0014077425003051758,413
89,69016,69016,0.05,17.698114109039306,1.642806923389435,4.545031213760376,11.510275840759277,0.045160675048828126,0.0018919944763183595,413
89,69116,69116,0.05,18.152879905700683,2.0827404975891115,4.3134102582931515,11.756729030609131,0.04185471534729004,0.0016499042510986328,413
89,69216,69216,0.05,18.864238357543947,1.876202654838562,4.766730785369873,12.221305084228515,0.04213371276855469,0.0012126684188842774,413
89,69316,69316,0.05,17.903735160827637,1.727704644203186,4.5860536098480225,11.589976787567139,0.046869206428527835,0.0012353897094726563,413
89,69416,69416,0.05,18.48289546966553,2.289120984077454,4.517086601257324,11.676687717437744,0.04334936141967773,0.0010717153549194337,413
89,69516,69516,0.05,17.516067600250246,1.9284090995788574,4.357311344146728,11.23034725189209,0.04309508800506592,0.0012561321258544923,413
90,69698,69698,0.05,18.281995964050292,2.2165427923202516,4.462267136573791,11.603185844421386,0.04510760307312012,0.0015465497970581054,413
90,69798,69798,0.05,17.834048461914062,1.980809462070465,4.383219742774964,11.470019149780274,0.042418265342712404,0.0012207746505737305,413
90,69898,69898,0.05,18.21895065307617,2.105895149707794,4.682916045188904,11.430139350891114,0.046092557907104495,0.0011785030364990234,413
90,69998,69998,0.05,17.25673704147339,2.241314935684204,4.302647948265076,10.712774276733398,0.042726659774780275,0.0015094518661499024,413
90,70098,70098,0.05,18.379728889465333,2.2625866413116453,4.5703195333480835,11.546822929382325,0.04316239356994629,0.0009355306625366211,413
90,70198,70198,0.05,17.875420379638673,1.70395268201828,4.481956601142883,11.68951120376587,0.04510684013366699,0.0012812376022338866,413
90,70298,70298,0.05,17.969549465179444,1.8415037393569946,4.351873135566711,11.776172256469726,0.041133451461791995,0.0016091346740722656,413
91,70480,70480,0.05,17.768317413330077,2.2663794994354247,4.203191614151001,11.298746395111085,0.0436359167098999,0.0012781143188476563,413
91,70580,70580,0.05,17.9043062210083,1.9332369685173034,4.487517070770264,11.483551979064941,0.04255809783935547,0.0012117862701416016,413
91,70680,70680,0.05,18.28285655975342,2.390601861476898,4.328866791725159,11.56338815689087,0.0445232629776001,0.0013150691986083985,413
91,70780,70780,0.05,18.188435745239257,2.27599059343338,4.353680658340454,11.5587646484375,0.04232165813446045,0.0011251211166381837,413
91,70880,70880,0.05,18.17252960205078,2.1815996527671815,4.596427488327026,11.394502258300781,0.042061877250671384,0.001060819625854492,413
91,70980,70980,0.05,17.852392196655273,2.2072303891181946,4.540202021598816,11.104959774017335,0.04754297733306885,0.0012650251388549804,413
91,71080,71080,0.05,18.07921905517578,2.0999020457267763,4.491850733757019,11.487466430664062,0.04601418972015381,0.0011610031127929688,413
92,71262,71262,0.05,17.708711242675783,2.2081937313079836,4.434551095962524,11.065966320037841,0.036663603782653806,0.0010626792907714843,413
92,71362,71362,0.05,18.407483863830567,2.131242561340332,4.385259962081909,11.890981101989746,0.035454297065734865,0.0010976076126098632,413
92,71462,71462,0.05,17.779170417785643,2.1241821169853212,4.52148027420044,11.133508110046387,0.043337345123291016,0.0012302160263061523,413
92,71562,71562,0.05,18.498101806640626,1.9682338237762451,4.564989280700684,11.964878749847411,0.04366302490234375,0.0016240358352661132,413
92,71662,71662,0.05,18.24189224243164,2.1940811395645143,4.566833782196045,11.480977058410645,0.04334561824798584,0.001073598861694336,413
92,71762,71762,0.05,18.54311637878418,2.1605784416198732,4.630021429061889,11.752516555786134,0.041299962997436525,0.001086282730102539,413
92,71862,71862,0.05,18.118871879577636,2.0515914440155028,4.490252208709717,11.577028179168702,0.044661307334899904,0.0010872602462768555,413
93,72044,72044,0.05,18.075517654418945,2.197340738773346,4.505100345611572,11.373076629638671,0.04282674789428711,0.0012128591537475587,413
93,72144,72144,0.05,18.168459320068358,2.203128707408905,4.612714147567749,11.352616500854491,0.04614582061767578,0.0017942667007446289,413
93,72244,72244,0.05,17.988362979888915,1.9955015063285828,4.5685245275497435,11.424336910247803,0.04378204345703125,0.0011374235153198242,413
93,72344,72344,0.05,18.077581214904786,1.9057025909423828,4.626757335662842,11.545121479034425,0.04263548851013184,0.001115107536315918,413
93,72444,72444,0.05,18.07713737487793,2.1635537981987,4.5571739196777346,11.356410026550293,0.045213174819946286,0.0011157751083374023,413
93,72544,72544,0.05,18.159434700012206,2.6439473628997803,4.506226444244385,11.009260749816894,0.03906223773956299,0.0010066032409667969,413
93,72644,72644,0.05,17.96058235168457,2.009866678714752,4.449760246276855,11.500955390930176,0.04342584609985352,0.0010050296783447265,413
94,72826,72826,0.05,17.202411270141603,1.5596023201942444,4.506387162208557,11.13642168045044,0.046257972717285156,0.002281856536865234,413
94,72926,72926,0.05,18.032916831970216,2.132858729362488,4.363142490386963,11.536915683746338,0.037447786331176756,0.0024211883544921877,413
94,73026,73026,0.05,18.069953155517577,2.155935513973236,4.557726311683655,11.3562912940979,0.04526937007904053,0.0013871908187866211,413
94,73126,73126,0.05,17.33998556137085,1.958361768722534,4.458658504486084,10.922965145111084,0.041831374168395996,0.001149606704711914,413
94,73226,73226,0.05,18.319532203674317,2.1074968338012696,4.553197717666626,11.658837890625,0.043603253364562986,0.0014351367950439452,413
94,73326,73326,0.05,18.017198753356933,2.1770097613334656,4.456592273712158,11.383596420288086,0.04412989616394043,0.0011746644973754882,413
94,73426,73426,0.05,18.636391830444335,2.285986065864563,4.77112455368042,11.579281330108643,0.04363715648651123,0.0011261224746704102,413
95,73608,73608,0.05,17.795921516418456,2.0487900257110594,4.414112758636475,11.333018779754639,0.04478311538696289,0.0012792348861694336,413
95,73708,73708,0.05,18.073889923095702,2.133954393863678,4.480248212814331,11.459687423706054,0.0478020429611206,0.0013820409774780273,413
95,73808,73808,0.05,17.516257953643798,2.0472229719161987,4.523326015472412,10.945708847045898,0.05665678977966308,0.0011747121810913087,413
95,73908,73908,0.05,17.647364139556885,2.265057718753815,4.339673662185669,11.042632675170898,0.044019889831542966,0.00127716064453125,413
95,74008,74008,0.05,18.480457305908203,2.2736606359481812,4.36012909412384,11.846667575836182,0.040104126930236815,0.0011811256408691406,413
95,74108,74108,0.05,18.04612159729004,1.9552800416946412,4.60802812576294,11.482813167572022,0.06525495052337646,0.0012355804443359374,413
95,74208,74208,0.05,17.583970260620116,2.316163170337677,4.312433791160584,10.955373191833496,0.036967897415161134,0.0021367549896240236,413
96,74390,74390,0.05,17.32342185974121,2.1762884974479677,4.43922188282013,10.707911682128906,0.046771001815795896,0.0012232065200805664,413
96,74490,74490,0.05,17.347862434387206,1.9047036588191986,4.446190047264099,10.996968841552734,0.04694979190826416,0.0016446590423583984,413
96,74590,74590,0.05,17.3704740524292,1.940968668460846,4.243811988830567,11.185693264007568,0.06281757354736328,0.0018302202224731445,413
96,74690,74690,0.05,17.87231159210205,2.1656211376190186,4.609955167770385,11.096735095977783,0.048156905174255374,0.0014110088348388671,413
96,74790,74790,0.05,18.263678550720215,2.4218515396118163,4.472790479660034,11.369036388397216,0.044658994674682616,0.0013016939163208007,413
96,74890,74890,0.05,18.067475509643554,1.6495367169380188,4.777315425872803,11.64062328338623,0.06764533519744872,0.0013045072555541992,413
96,74990,74990,0.05,17.534018325805665,2.0800456285476683,4.486812019348145,10.967161083221436,0.04382390975952148,0.0013398408889770507,413
97,75172,75172,0.05,17.664665985107423,1.8692607760429383,4.403184294700623,11.392220783233643,0.042307162284851076,0.0011216402053833008,413
97,75272,75272,0.05,17.91530885696411,2.166718363761902,4.68140971660614,11.06718044281006,0.04145305156707764,0.0008304357528686523,413
97,75372,75372,0.05,18.633590507507325,1.8655037045478822,4.632580757141113,12.13550615310669,0.05827686786651611,0.0009965181350708007,413
97,75472,75472,0.05,18.11788902282715,2.1492976546287537,4.597689414024353,11.370901489257813,0.040190267562866214,0.0011943817138671876,413
97,75572,75572,0.05,17.81447353363037,2.2709323525428773,4.577232742309571,10.966308879852296,0.04592838287353516,0.001321887969970703,413
97,75672,75672,0.05,18.339461517333984,2.0332268595695497,4.787845325469971,11.518389320373535,0.04395081996917725,0.0017247438430786134,413
97,75772,75772,0.05,17.546530342102052,1.8349600672721862,4.440713262557983,11.270857048034667,0.041459059715270995,0.0011362791061401366,413
98,75954,75954,0.05,17.288174057006835,1.9005276918411256,4.3772135257720945,11.010433006286622,0.0445479154586792,0.001178407669067383,413
98,76054,76054,0.05,18.054386138916016,2.146456277370453,4.467411780357361,11.440517616271972,0.042221593856811526,0.0010772943496704102,413
98,76154,76154,0.05,17.381551361083986,2.2501107692718505,4.227097702026367,10.904342937469483,0.0470261812210083,0.002059173583984375,413
98,76254,76254,0.05,17.838197040557862,2.1524532318115233,4.404364967346192,11.281378936767577,0.04394228458404541,0.0015159130096435546,413
98,76354,76354,0.05,18.082502555847167,2.183228242397308,4.404803800582886,11.494470500946045,0.04410920143127441,0.0014322519302368164,413
98,76454,76454,0.05,17.727385330200196,1.865443193912506,4.5335362434387205,11.32840576171875,0.06651358604431153,0.0012686491012573243,413
98,76554,76554,0.05,17.28930549621582,1.6311349391937255,4.614099597930908,11.044071102142334,0.04071166515350342,0.0017410039901733399,413
99,76736,76736,0.05,18.034855461120607,2.430575966835022,4.363742923736572,11.24053659439087,0.047063159942626956,0.0013427019119262695,413
99,76836,76836,0.05,17.87611331939697,1.8577786803245544,4.388153791427612,11.63018102645874,0.043578386306762695,0.0013356685638427734,413
99,76936,76936,0.05,17.638576126098634,1.837524688243866,4.387246251106262,11.413805103302002,0.044626688957214354,0.0011992216110229491,413
99,77036,77036,0.05,18.083244705200194,1.8838382959365845,4.4531977891922,11.746208477020264,0.0441281795501709,0.001204514503479004,413
99,77136,77136,0.05,17.884393882751464,1.4050079464912415,4.632345819473267,11.84704008102417,0.0436650276184082,0.0012620210647583008,413
99,77236,77236,0.05,18.087809562683105,2.33218138217926,4.824094247817993,10.931534385681152,0.04523546695709228,0.0011554956436157227,413
99,77336,77336,0.05,17.91268672943115,2.491041886806488,4.48314471244812,10.93849983215332,0.04435372352600098,0.0011815309524536132,413
100,77518,77518,0.05,18.069096946716307,2.0839575052261354,4.469098305702209,11.516040802001953,0.04000742435455322,0.001134777069091797,413
100,77618,77618,0.05,18.03911590576172,1.8129666805267335,4.53781795501709,11.688330841064452,0.04621298313140869,0.0018284320831298828,413
100,77718,77718,0.05,17.686940383911132,2.1224883675575255,4.271597290039063,11.292854309082031,0.04290947914123535,0.000989079475402832,413
100,77818,77818,0.05,18.285387992858887,2.1551669120788572,4.293717861175537,11.836503314971925,0.03987882137298584,0.0009189605712890625,413
100,77918,77918,0.05,18.53243045806885,2.5272028923034666,4.533165025711059,11.472062397003175,0.040318870544433595,0.0008095741271972656,413
100,78018,78018,0.05,18.74499340057373,2.148126995563507,4.625910305976868,11.970956134796143,0.06933012008666992,0.0012946605682373046,413
100,78118,78118,0.05,17.92278461456299,2.3686293005943297,4.317373180389405,11.23678216934204,0.04136805534362793,0.001322770118713379,413
101,78300,78300,0.05,17.884430408477783,2.252618932723999,4.238750100135803,11.393061351776122,0.04616067409515381,0.0020398378372192385,413
101,78400,78400,0.05,17.838139724731445,2.5923261642456055,4.142540669441223,11.103272914886475,0.04096345901489258,0.001581287384033203,413
101,78500,78500,0.05,18.536580085754395,1.8324214100837708,4.789902067184448,11.91425666809082,0.04415349960327149,0.0016857147216796874,413
101,78600,78600,0.05,17.96895408630371,1.7134538173675538,4.472468662261963,11.78303165435791,0.042893266677856444,0.0012030839920043946,413
101,78700,78700,0.05,17.445735740661622,2.0785616636276245,4.503441047668457,10.863732624053956,0.04256618022918701,0.0015834808349609376,413
101,78800,78800,0.05,17.39848623275757,1.898969793319702,4.487492632865906,11.012023735046387,0.04583585262298584,0.0017968177795410155,413
101,78900,78900,0.05,18.1179931640625,2.2710109829902647,4.399816870689392,11.447164821624757,0.044827055931091306,0.0012905120849609375,413
102,79082,79082,0.05,17.930484962463378,2.1506972193717955,4.566648006439209,11.213139915466309,0.04152743816375733,0.0008791446685791016,413
102,79182,79182,0.05,17.898676490783693,1.9319688558578492,4.582600164413452,11.384107398986817,0.0306499719619751,0.0006682395935058594,413
102,79282,79282,0.05,18.42086124420166,2.375825655460358,4.535901880264282,11.509133911132812,0.049103498458862305,0.0013405084609985352,413
102,79382,79382,0.05,17.80472297668457,2.1683511972427367,4.421841263771057,11.214530754089356,0.041754937171936034,0.0016252756118774413,413
102,79482,79482,0.05,17.738403511047363,2.0917766451835633,4.314890217781067,11.331736850738526,0.045102691650390624,0.0012919902801513672,413
102,79582,79582,0.05,18.451156044006346,2.1865182757377624,4.623646688461304,11.640991115570069,0.043508076667785646,0.0011693477630615235,413
102,79682,79682,0.05,18.320859718322755,2.394606041908264,4.6599030017852785,11.266350746154785,0.03885033130645752,0.0009192466735839844,413
103,79864,79864,0.05,18.439080047607423,2.0588632345199587,4.642172622680664,11.738044261932373,0.05942599773406983,0.0011002779006958007,413
103,79964,79964,0.05,17.82136173248291,1.7804173231124878,4.643958258628845,11.396986389160157,0.03960797786712646,0.0018295526504516601,413
103,80064,80064,0.05,17.698682975769042,1.9934791564941405,4.494070911407471,11.211133098602295,0.042634105682373045,0.0013025283813476562,413
103,80164,80164,0.05,17.629818534851076,1.5433492541313172,4.652969598770142,11.433499622344971,0.06265380382537841,0.023904252052307128,413
103,80264,80264,0.05,17.910267162323,2.27102644443512,4.555808162689209,11.083432388305663,0.04808862209320068,0.001640486717224121,413
103,80364,80364,0.05,18.41422462463379,1.8083455920219422,4.455769968032837,12.150108909606933,0.03881714344024658,0.0012556552886962891,413
103,80464,80464,0.05,18.260873794555664,2.1020130276679994,4.633756113052368,11.52510461807251,0.04116907119750977,0.0008324146270751953,413
104,80646,80646,0.05,17.424290275573732,2.4261623859405517,4.25381371974945,10.744314002990723,0.04436826705932617,0.0013596296310424804,413
104,80746,80746,0.05,17.902922248840333,1.5726385593414307,4.5034180879592896,11.826865577697754,0.04373629093170166,0.00237581729888916,413
104,80846,80846,0.05,18.06619987487793,1.9145220994949341,4.371605682373047,11.780072021484376,0.0487562894821167,0.0014289617538452148,413
104,80946,80946,0.05,18.280270767211913,2.0193341851234434,4.700834608078003,11.560101890563965,0.05580384731292724,0.0009500026702880859,413
104,81046,81046,0.05,18.183356475830077,2.150820755958557,4.489136338233948,11.543399333953857,0.04159166812896729,0.0017964839935302734,413
104,81146,81146,0.05,17.977636337280273,2.2243378520011903,4.439092779159546,11.314205741882324,0.04521050453186035,0.001150655746459961,413
104,81246,81246,0.05,17.647366046905518,2.463508903980255,4.38543930053711,10.798417854309083,0.04627552032470703,0.0013360977172851562,413
105,81428,81428,0.05,17.501188659667967,1.9629960656166077,4.292350935935974,11.24584140777588,0.06877598762512208,0.0015466928482055664,413
105,81528,81528,0.05,17.928753089904784,2.327910602092743,4.211382961273193,11.389459705352783,0.04262013435363769,0.0012403249740600586,413
105,81628,81628,0.05,18.215946197509766,1.7910450458526612,4.716397047042847,11.708504104614258,0.04262063503265381,0.0011995077133178712,413
105,81728,81728,0.05,17.885686683654786,2.0151118516921995,4.4323200464248655,11.438254928588867,0.04373502731323242,0.0012831449508666991,413
105,81828,81828,0.05,17.908017253875734,2.283627212047577,4.687639451026916,10.9367506980896,0.03750026226043701,0.0008523225784301758,413
105,81928,81928,0.05,17.51108798980713,2.373189628124237,4.144558668136597,10.993339538574219,0.046695828437805176,0.0013242483139038086,413
105,82028,82028,0.05,18.819751739501953,1.8795048236846923,4.754000353813171,12.18624668121338,0.043802952766418456,0.0012113809585571288,413
106,82210,82210,0.05,18.12400703430176,1.78417626619339,4.56524076461792,11.774589920043946,0.05414175987243652,0.0009914398193359374,413
106,82310,82310,0.05,17.716906547546387,1.718536639213562,4.475981950759888,11.5223876953125,0.04296944141387939,0.0012240171432495116,413
106,82410,82410,0.05,17.645716857910156,2.0572420358657837,4.393319320678711,11.195155143737793,0.045795750617980954,0.0013239145278930663,413
106,82510,82510,0.05,17.639538288116455,1.7280494570732117,4.522160911560059,11.389328098297119,0.04788360595703125,0.0013842582702636719,413
106,82610,82610,0.05,17.77255458831787,2.0782966136932375,4.519744539260865,11.1745135307312,0.04407103061676025,0.0018399715423583984,413
106,82710,82710,0.05,18.076072883605956,2.26711962223053,4.464120769500733,11.344832706451417,0.04594011306762695,0.0016934871673583984,413
106,82810,82810,0.05,18.39820499420166,2.064569890499115,4.6230474472045895,11.710587692260741,0.04448673725128174,0.001341104507446289,413
107,82992,82992,0.05,17.601672744750978,1.887101948261261,4.345905828475952,11.368664932250976,0.0424919843673706,0.0010210275650024414,413
107,83092,83092,0.05,18.0148063659668,2.2284958004951476,4.464770436286926,11.321540546417236,0.04030900001525879,0.0007940292358398438,413
107,83192,83192,0.05,17.795157051086427,1.7265718698501586,4.297409987449646,11.771175289154053,0.04508554935455322,0.0019145250320434571,413
107,83292,83292,0.05,17.58883590698242,1.7058326601982117,4.40028977394104,11.482713794708252,0.048175597190856935,0.0012056350708007813,413
107,83392,83392,0.05,18.44546775817871,2.2541144490242004,4.59579176902771,11.595561599731445,0.04433088302612305,0.0016242742538452148,413
107,83492,83492,0.05,17.998659229278566,2.1002531170845034,4.620199537277221,11.278206729888916,0.04400787353515625,0.0011268377304077149,413
107,83592,83592,0.05,17.593588256835936,1.9314041256904602,4.545529794692993,11.116654205322266,0.0660851001739502,0.0026355266571044924,413
108,83774,83774,0.05,17.598882007598878,1.9305039525032044,4.206791090965271,11.461587238311768,0.03825383186340332,0.0012158632278442382,413
108,83874,83874,0.05,17.5065279006958,1.6146960258483887,4.343420004844665,11.548411750793457,0.041255950927734375,0.0010927915573120117,413
108,83974,83974,0.05,17.95335464477539,1.8777042508125306,4.651066637039184,11.424583530426025,0.044179558753967285,0.0012419939041137696,413
108,84074,84074,0.05,18.112492847442628,1.7397403717041016,4.66282091140747,11.709931373596191,0.045100831985473634,0.001813054084777832,413
108,84174,84174,0.05,17.47434310913086,1.9545836925506592,4.559327268600464,10.960432243347167,0.04145882129669189,0.0019325971603393554,413
108,84274,84274,0.05,17.684245014190672,1.4438538670539856,4.457364177703857,11.783027172088623,0.04583859443664551,0.0011982917785644531,413
108,84374,84374,0.05,17.904043769836427,2.1567246675491334,4.5927191257476805,11.154599857330322,0.04204437732696533,0.0012440681457519531,413
109,84556,84556,0.05,18.31646270751953,2.10891569852829,4.565523028373718,11.642024040222168,0.045673060417175296,0.0012993335723876954,413
109,84656,84656,0.05,17.17560749053955,2.5121052265167236,4.302654695510864,10.360847568511963,0.04218924045562744,0.0012018680572509766,413
109,84756,84756,0.05,17.71111135482788,2.2700422763824464,4.362108540534973,11.078960514068603,0.034085845947265624,0.0008608818054199219,413
109,84856,84856,0.05,18.09060573577881,2.2639607548713685,4.378781747817993,11.447863292694091,0.04487664699554443,0.001186513900756836,413
109,84956,84956,0.05,18.00511779785156,1.9646095156669616,4.501558113098144,11.53895025253296,0.04443790912628174,0.001308131217956543,413
109,85056,85056,0.05,18.384136390686034,2.1477015614509583,4.540560412406921,11.695874214172363,0.03805093765258789,0.0011791944503784179,413
109,85156,85156,0.05,18.110133934020997,2.3120750904083254,4.5485235214233395,11.249535179138183,0.03734171390533447,0.0014158725738525391,413
110,85338,85338,0.05,17.597796630859374,1.8460476994514465,4.500237894058228,11.251511096954346,0.04485609531402588,0.0017299652099609375,413
110,85438,85438,0.05,17.748923683166502,2.1293978691101074,4.397713232040405,11.221812629699707,0.04677298069000244,0.0013401031494140625,413
110,85538,85538,0.05,18.030698585510255,2.220930111408234,4.465811109542846,11.343957233428956,0.04537966251373291,0.0011801004409790039,413
110,85638,85638,0.05,17.7242280960083,2.3655192136764525,4.191613411903381,11.167095470428468,0.046879148483276366,0.0010943412780761719,413
110,85738,85738,0.05,18.535871505737305,2.1300042986869814,4.496010446548462,11.909856986999511,0.03985006809234619,0.0015111207962036134,413
110,85838,85838,0.05,17.966709709167482,1.8965226888656617,4.671203660964966,11.398983192443847,0.04016420841217041,0.0008337974548339843,413
110,85938,85938,0.05,17.442597579956054,1.9647125601768494,4.370672988891601,11.107212448120118,0.047174620628356936,0.0016483783721923829,413
111,86120,86120,0.05,17.51715717315674,2.1002094864845278,4.219659757614136,11.197288036346436,0.04792959690093994,0.0015559434890747071,413
111,86220,86220,0.05,17.88302001953125,2.127268135547638,4.490596961975098,11.26515464782715,0.043893861770629886,0.0013614654541015624,413
111,86320,86320,0.05,17.673551750183105,2.5170069694519044,4.479379367828369,10.677165412902832,0.04452495574951172,0.001090240478515625,413
111,86420,86420,0.05,17.52465534210205,1.6989867448806764,4.266322326660156,11.559346294403076,0.04296159744262695,0.0012379884719848633,413
111,86520,86520,0.05,18.4134183883667,2.254561686515808,4.701818203926086,11.457038307189942,0.0418243408203125,0.0015308618545532226,413
111,86620,86620,0.05,17.59017562866211,1.9493695139884948,4.394089460372925,11.24671630859375,0.04386448860168457,0.0013622760772705079,413
111,86720,86720,0.05,18.042874908447267,2.4032308399677276,4.242842030525208,11.396802234649659,0.04304482936859131,0.001269698143005371,413
112,86902,86902,0.05,17.88992919921875,1.977945476770401,4.397992992401123,11.513990592956542,0.04530801773071289,0.0011601924896240234,413
112,87002,87002,0.05,18.132349014282227,2.1619875550270082,4.46700873374939,11.503352928161622,0.045105910301208495,0.001775217056274414,413
112,87102,87102,0.05,18.057818603515624,2.144815707206726,4.607007694244385,11.305994701385497,0.03730792999267578,0.0009207963943481445,413
112,87202,87202,0.05,17.959400177001953,1.9906527876853943,4.780662298202515,11.188085174560547,0.04269404411315918,0.0013287067413330078,413
112,87302,87302,0.05,18.141248989105225,2.526125121116638,4.304168844223023,11.310955333709718,0.04387993812561035,0.001269078254699707,413
112,87402,87402,0.05,17.782886123657228,1.931828761100769,4.500875520706177,11.350181674957275,0.0447443962097168,0.0014598369598388672,413
112,87502,87502,0.05,18.10912799835205,2.1266091227531434,4.483966445922851,11.498552513122558,0.042645740509033206,0.0017241239547729492,413
113,87684,87684,0.05,16.990045166015626,2.0610092639923097,4.291755723953247,10.6372802734375,0.043925690650939944,0.0011444091796875,413
113,87784,87784,0.05,17.49354248046875,1.6480680584907532,4.593271803855896,11.252202320098878,0.04026052951812744,0.001163148880004883,413
113,87884,87884,0.05,17.89271068572998,1.9532930254936218,4.487943315505982,11.451473999023438,0.03829538822174072,0.0007879495620727539,413
113,87984,87984,0.05,18.472830390930177,1.934828758239746,4.668511152267456,11.869490814208984,0.04681401252746582,0.0012778282165527345,413
113,88084,88084,0.05,18.122819900512695,2.2401087522506713,4.548232126235962,11.334478950500488,0.04242353439331055,0.0012133598327636718,413
113,88184,88184,0.05,17.805743980407716,1.7755519270896911,4.472433233261109,11.557758808135986,0.04222326278686524,0.0011918783187866212,413
113,88284,88284,0.05,17.86429080963135,2.203958439826965,4.461670231819153,11.198662281036377,0.0480881929397583,0.0014812707901000976,413
114,88466,88466,0.05,17.57662410736084,1.786997425556183,4.464314651489258,11.325312042236328,0.046199631690979,0.001962733268737793,413
114,88566,88566,0.05,18.12325210571289,2.20490380525589,4.497001671791077,11.421346282958984,0.04271984100341797,0.0010284662246704101,413
114,88666,88666,0.05,17.637737560272218,1.6970765590667725,4.366808748245239,11.573852252960204,0.042687082290649415,0.0016809701919555664,413
114,88766,88766,0.05,18.192727279663085,1.7348819613456725,4.703766870498657,11.754078578948974,0.046244025230407715,0.0015574216842651368,413
114,88866,88866,0.05,17.35269651412964,1.4772533833980561,4.592382168769836,11.283061027526855,0.042436528205871585,0.001074361801147461,413
114,88966,88966,0.05,17.887459754943848,1.735891342163086,4.535071468353271,11.61649694442749,0.04315109252929687,0.0011929035186767577,413
114,89066,89066,0.05,18.095929908752442,1.8672187447547912,4.585744404792786,11.642966747283936,0.04658741950988769,0.001382732391357422,413
115,89248,89248,0.05,17.520538902282716,1.577509492635727,4.39928297996521,11.54374647140503,0.0447847843170166,0.0014201641082763673,413
115,89348,89348,0.05,17.856692504882812,2.359462654590607,4.4067117929458615,11.09051809310913,0.0449927806854248,0.0019521236419677735,413
115,89448,89448,0.05,17.860730934143067,2.163261961936951,4.64384708404541,11.053621768951416,0.04525930881500244,0.002005195617675781,413
115,89548,89548,0.05,17.996886253356934,2.1918439149856566,4.35627064704895,11.448771572113037,0.04439289569854736,0.001166224479675293,413
115,89648,89648,0.05,18.249151039123536,2.240889477729797,4.468676137924194,11.539585208892822,0.04765331745147705,0.0014169454574584962,413
115,89748,89748,0.05,18.504529190063476,2.043469858169556,4.773908424377441,11.687150955200195,0.04942934513092041,0.0015499114990234375,413
115,89848,89848,0.05,17.648247528076173,2.0371196031570435,4.324349451065063,11.286778545379638,0.0687448501586914,0.0013059854507446289,413
116,90030,90030,0.05,18.367762184143068,1.7866772174835206,4.693342161178589,11.88774299621582,0.04345424175262451,0.0011181831359863281,413
116,90130,90130,0.05,18.356972312927248,1.8838162064552306,4.645612525939941,11.827543830871582,0.039428186416625974,0.0014148473739624024,413
116,90230,90230,0.05,18.007722091674804,1.8459254503250122,4.364705228805542,11.797091865539551,0.046105241775512694,0.0011628627777099609,413
116,90330,90330,0.05,17.930172538757326,1.9817594766616822,4.483443427085876,11.464969635009766,0.044162750244140625,0.0012378692626953125,413
116,90430,90430,0.05,17.323609828948975,1.6416141629219054,4.552810382843018,11.12918529510498,0.04300398826599121,0.0012043476104736327,413
116,90530,90530,0.05,18.211009788513184,1.8750963091850281,4.557560205459595,11.778353309631347,0.0413630485534668,0.0009156703948974609,413
116,90630,90630,0.05,18.069529914855956,1.784762728214264,4.632620239257813,11.652147102355958,0.05533068180084229,0.0010723590850830079,413
117,90812,90812,0.05,17.991710090637206,1.9562622666358949,4.651894044876099,11.383554172515868,0.04227752685546875,0.0011732101440429688,413
117,90912,90912,0.05,18.185586547851564,1.754971581697464,4.557087826728821,11.873526668548584,0.043068099021911624,0.0012209177017211913,413
117,91012,91012,0.05,17.72791996002197,2.176898515224457,4.3010321140289305,11.249989318847657,0.0437558650970459,0.0024207592010498046,413
117,91112,91112,0.05,17.85114097595215,2.322714602947235,4.394927287101746,11.133499050140381,0.04632327556610107,0.0018973588943481446,413
117,91212,91212,0.05,18.514808654785156,2.244478678703308,4.43242130279541,11.837908840179443,0.044652485847473146,0.0018508434295654297,413
117,91312,91312,0.05,17.851502323150633,2.2926770210266114,4.62077567577362,10.93804988861084,0.04494843482971191,0.0017563819885253907,413
117,91412,91412,0.05,17.968256187438964,2.228392171859741,4.5648946285247805,11.174969291687011,0.04374406337738037,0.0013247489929199218,413
118,91594,91594,0.05,17.53692274093628,1.8787844896316528,4.576272916793823,11.081865406036377,0.04463188648223877,0.002042818069458008,413
118,91694,91694,0.05,17.836115455627443,2.1756072878837585,4.449925565719605,11.210582542419434,0.04268956184387207,0.0012231111526489259,413
118,91794,91794,0.05,17.580937004089357,2.397935175895691,4.263413524627685,10.919588184356689,0.04336030483245849,0.0012814998626708984,413
118,91894,91894,0.05,17.67757396697998,1.554729413986206,4.556958723068237,11.565885829925538,0.03701813220977783,0.0010522365570068359,413
118,91994,91994,0.05,18.2271635055542,1.8062086224555969,4.372972393035889,12.047982692718506,0.0404146671295166,0.0009340286254882812,413
118,92094,92094,0.05,18.167175674438475,2.4561466813087462,4.44145450592041,11.269574451446534,0.04663474559783935,0.0012367963790893555,413
118,92194,92194,0.05,18.182360649108887,1.5049636840820313,4.912211513519287,11.765185356140137,0.048676133155822754,0.001355457305908203,413
119,92376,92376,0.05,17.586533641815187,1.8738703966140746,4.621767449378967,11.090895652770996,0.03373091220855713,0.0008760452270507813,413
119,92476,92476,0.05,17.544588470458983,2.0628091216087343,4.4247719049453735,11.057007884979248,0.05036895275115967,0.0025271177291870117,413
119,92576,92576,0.05,17.686686325073243,2.3123708724975587,4.390399646759033,10.983915615081788,0.042076730728149415,0.0019397258758544922,413
119,92676,92676,0.05,17.725725746154787,2.032089960575104,4.356692957878113,11.336942863464355,0.04069688320159912,0.0011475801467895508,413
119,92776,92776,0.05,18.396069717407226,2.1315783262252808,4.514864087104797,11.749627494812012,0.041726994514465335,0.0013656139373779297,413
119,92876,92876,0.05,18.14663486480713,1.9076069712638855,4.58249454498291,11.656533145904541,0.042505955696105956,0.0014551877975463867,413
119,92976,92976,0.05,18.000035667419432,2.1108601450920106,4.511601877212525,11.377574062347412,0.045174598693847656,0.0012723684310913086,413
120,93158,93158,0.05,18.238581085205077,2.119680869579315,4.399812960624695,11.719087028503418,0.046546101570129395,0.0013669252395629883,413
120,93258,93258,0.05,17.67767677307129,1.8266204476356507,4.431738615036011,11.419317817687988,0.04640638828277588,0.0013808727264404297,413
120,93358,93358,0.05,18.456818199157716,2.036541748046875,4.514238929748535,11.906037616729737,0.04569876194000244,0.001336812973022461,413
120,93458,93458,0.05,17.31995611190796,2.217540240287781,4.260255146026611,10.842161083221436,0.04155828952789307,0.0012070178985595704,413
120,93558,93558,0.05,18.056567573547362,1.859423565864563,4.277912497520447,11.91923131942749,0.03973321914672852,0.0008196592330932617,413
120,93658,93658,0.05,18.021669006347658,1.88187837600708,4.646178770065307,11.493611812591553,0.03423278331756592,0.0007863521575927734,413
120,93758,93758,0.05,18.138398933410645,2.035647249221802,4.712967777252198,11.389783668518067,0.04568171501159668,0.0012779951095581055,413
121,93940,93940,0.05,18.33420886993408,2.007350754737854,4.559546184539795,11.767311668395996,0.03582022190093994,0.0010290145874023438,413
121,94040,94040,0.05,17.73928232192993,1.7720309376716614,4.40392279624939,11.563328838348388,0.04210488796234131,0.0010553359985351562,413
121,94140,94140,0.05,17.732969093322755,1.7421176552772522,4.458122277259827,11.532729434967042,0.04166898727416992,0.0017651557922363282,413
121,94240,94240,0.05,17.670997047424315,2.2187427282333374,4.314382338523865,11.137871837615966,0.0502199649810791,0.0013264179229736327,413
121,94340,94340,0.05,18.552824211120605,1.9940954089164733,4.774362850189209,11.784365558624268,0.046910548210144044,0.0012688636779785156,413
121,94440,94440,0.05,17.85683822631836,2.1529786586761475,4.471959352493286,11.231900405883788,0.04119899272918701,0.0011584043502807617,413
121,94540,94540,0.05,18.015418434143065,2.291904890537262,4.640202832221985,11.083310794830322,0.02735757827758789,0.0007848024368286132,413
122,94722,94722,0.05,17.684045028686523,1.8950112819671632,4.319938468933105,11.46909532546997,0.042799639701843264,0.0013374567031860351,413
122,94822,94822,0.05,18.317363357543947,2.1185439944267275,4.7026618957519535,11.496157550811768,0.04716126918792725,0.0012546300888061524,413
122,94922,94922,0.05,18.196915245056154,2.150368022918701,4.324546360969544,11.722001075744629,0.04228267669677734,0.0011995077133178712,413
122,95022,95022,0.05,17.964060974121093,2.3372344732284547,4.504910135269165,11.121916198730469,0.045934224128723146,0.0013322114944458007,413
122,95122,95122,0.05,18.260336303710936,2.134055185317993,4.649835252761841,11.476445960998536,0.049463200569152835,0.0015772104263305664,413
122,95222,95222,0.05,18.017205429077148,1.69417906999588,4.706597685813904,11.616428565979003,0.04389200210571289,0.0013308286666870116,413
122,95322,95322,0.05,18.517526626586914,2.2671088933944703,4.3235763788223265,11.926841259002686,0.04485573768615723,0.0014477252960205078,413
123,95504,95504,0.05,18.750520324707033,2.0489885330200197,4.602467679977417,12.099064254760743,0.043418169021606445,0.0011450290679931641,413
123,95604,95604,0.05,16.90354127883911,1.8990655481815337,4.148909258842468,10.855566215515136,0.042485833168029785,0.0010315656661987304,413
123,95704,95704,0.05,17.5896915435791,2.1358799934387207,4.329050445556641,11.124761009216309,0.04594986438751221,0.0012305498123168946,413
123,95804,95804,0.05,18.463404273986818,1.7253305792808533,4.524139666557312,12.21393404006958,0.04042038917541504,0.0009224891662597656,413
123,95904,95904,0.05,17.822388458251954,1.8628293216228484,4.473336505889892,11.486222457885741,0.043283605575561525,0.00137021541595459,413
123,96004,96004,0.05,18.191886997222902,1.7637049913406373,4.7732384443283085,11.65494384765625,0.03720848560333252,0.0012103796005249023,413
123,96104,96104,0.05,18.350896072387695,2.2594940304756164,4.76330189704895,11.328100109100342,0.034917163848876956,0.0015342950820922852,413
124,96286,96286,0.05,17.826408004760744,1.841194999217987,4.3619423627853395,11.623270797729493,0.04103031158447266,0.0015908479690551758,413
124,96386,96386,0.05,17.97035789489746,2.206751799583435,4.40116662979126,11.36243953704834,0.04851820468902588,0.0013619661331176758,413
124,96486,96486,0.05,18.0271484375,2.210288333892822,4.3321120262146,11.484748458862304,0.04387166500091553,0.0013746023178100586,413
124,96586,96586,0.05,17.657156944274902,2.1883366227149965,4.2984178304672245,11.170402336120606,0.04588825702667236,0.0019928693771362306,413
124,96686,96686,0.05,17.962810707092284,1.9391186475753783,4.577320408821106,11.446371841430665,0.04338750839233398,0.0020906686782836913,413
124,96786,96786,0.05,18.23744468688965,2.7763277649879456,4.610116910934448,10.850999450683593,0.04401416778564453,0.001209568977355957,413
124,96886,96886,0.05,18.33376693725586,2.212910270690918,4.51522045135498,11.605636310577392,0.04329979419708252,0.0012193679809570312,413
125,97068,97068,0.05,18.159081268310548,1.969187843799591,4.462219715118408,11.727673721313476,0.0423436164855957,0.0017792701721191407,413
125,97168,97168,0.05,18.306564712524413,2.402920126914978,4.451985287666321,11.451659297943115,0.03403403759002686,0.0008280754089355468,413
125,97268,97268,0.05,17.885733222961427,2.0571040511131287,4.51026349067688,11.318365669250488,0.042153549194335935,0.001075577735900879,413
125,97368,97368,0.05,18.153371238708495,1.8364519476890564,4.6672196865081785,11.649699497222901,0.039240455627441405,0.0017330408096313476,413
125,97468,97468,0.05,18.167929458618165,2.337933623790741,4.440850925445557,11.389144706726075,0.04205584526062012,0.0012720108032226562,413
125,97568,97568,0.05,17.985882186889647,2.0081053256988524,4.553988027572632,11.4237886428833,0.04461116790771484,0.0013127803802490234,413
125,97668,97668,0.05,18.356781482696533,2.0741705656051637,4.635268878936768,11.647342014312745,0.04405288696289063,0.0019911527633666992,413
126,97850,97850,0.05,17.721435928344725,1.6352905988693238,4.47948317527771,11.606662368774414,0.046910548210144044,0.0013208627700805665,413
126,97950,97950,0.05,17.540871810913085,1.7233105659484864,4.52582197189331,11.291739463806152,0.042855358123779295,0.0011614322662353515,413
126,98050,98050,0.05,17.55375232696533,2.133295941352844,4.482230162620544,10.93822603225708,0.04565293788909912,0.0021687746047973633,413
126,98150,98150,0.05,17.69220848083496,1.7441230416297913,4.44314980506897,11.504935455322265,0.04399552345275879,0.001220536231994629,413
126,98250,98250,0.05,17.64705123901367,1.8337552189826964,4.54593858718872,11.267357349395752,0.04278388023376465,0.0011707067489624024,413
126,98350,98350,0.05,18.088126564025877,2.5258354544639587,4.36434326171875,11.197947692871093,0.0399338960647583,0.0012169361114501953,413
126,98450,98450,0.05,17.811776161193848,2.0870958089828493,4.5201037406921385,11.204576683044433,0.04846210479736328,0.0016478776931762695,413
127,98632,98632,0.05,17.798494148254395,2.0651155710220337,4.491387796401978,11.241990852355958,0.03751816749572754,0.000914907455444336,413
127,98732,98732,0.05,18.3116397857666,2.042591154575348,4.591105842590332,11.677942848205566,0.043690848350524905,0.001316213607788086,413
127,98832,98832,0.05,17.54972372055054,2.039094144105911,4.42501220703125,11.085617446899414,0.04523701667785644,0.001357722282409668,413
127,98932,98932,0.05,17.733579635620117,1.9740576505661012,4.44041223526001,11.319110012054443,0.04510378837585449,0.002019834518432617,413
127,99032,99032,0.05,17.87325448989868,1.9729903221130372,4.486515283584595,11.413748836517334,0.04468827247619629,0.0020455121994018555,413
127,99132,99132,0.05,17.96844062805176,1.7622061967849731,4.38404951095581,11.822185134887695,0.04636461734771728,0.001397418975830078,413
127,99232,99232,0.05,18.660756874084473,2.378240501880646,4.575937056541443,11.706579208374023,0.03978350162506104,0.0015320539474487304,413
128,99414,99414,0.05,18.138939094543456,2.3127822279930115,4.482352900505066,11.343803977966308,0.04456171989440918,0.0012648344039916993,413
128,99514,99514,0.05,18.11600704193115,1.8858439564704894,4.337933039665222,11.892230033874512,0.04235360622406006,0.0013000965118408203,413
128,99614,99614,0.05,18.361499404907228,2.5538591146469116,4.508632659912109,11.299007415771484,0.04215238094329834,0.0012305498123168946,413
128,99714,99714,0.05,18.345485877990722,2.3563754081726076,4.493542551994324,11.495567798614502,0.04245936870574951,0.0012195110321044922,413
128,99814,99814,0.05,18.069963455200195,2.1600943207740784,4.372268605232239,11.537600708007812,0.06335053443908692,0.0012261152267456054,413
128,99914,99914,0.05,18.0042516708374,2.3418173789978027,4.487357068061828,11.175077342987061,0.046142959594726564,0.0013322830200195312,413
128,100014,100014,0.05,18.368202018737794,1.9274282336235047,4.6734425067901615,11.76733102798462,0.04191813468933105,0.0012111425399780273,413
129,100196,100196,0.05,18.466476821899413,1.814222252368927,4.549340152740479,12.102914237976075,0.04371387958526611,0.0013957262039184571,413
129,100296,100296,0.05,18.015357398986815,2.156087815761566,4.335411500930786,11.523858261108398,0.044844627380371094,0.0012267112731933593,413
129,100396,100396,0.05,18.17708225250244,1.9017905950546266,4.6734827041625975,11.601809215545654,0.04645340442657471,0.0013274908065795898,413
129,100496,100496,0.05,17.63700065612793,2.0103251576423644,4.351087856292724,11.2755877494812,0.04525480270385742,0.001398468017578125,413
129,100596,100596,0.05,18.04034767150879,2.2418304920196532,4.523351693153382,11.275165462493897,0.040201663970947266,0.0008445024490356445,413
129,100696,100696,0.05,17.68675594329834,1.8363203585147858,4.636307144165039,11.214128303527833,0.042038989067077634,0.0010575532913208007,413
129,100796,100796,0.05,17.93494415283203,2.488490581512451,4.166602730751038,11.279851055145263,0.046534252166748044,0.0012997150421142577,413
130,100978,100978,0.05,18.572532653808594,1.9233488082885741,4.450952672958374,12.19823112487793,0.045171570777893064,0.001875162124633789,413
130,101078,101078,0.05,17.33208532333374,1.7932746648788451,4.494199800491333,11.044610595703125,0.043425130844116214,0.0012320756912231445,413
130,101178,101178,0.05,18.172253799438476,1.9364681243896484,4.7977574348449705,11.438028335571289,0.047046351432800296,0.0011827945709228516,413
130,101278,101278,0.05,17.840552234649657,2.1589853286743166,4.3692608833312985,11.312306308746338,0.04626016616821289,0.0017382383346557617,413
130,101378,101378,0.05,17.944976806640625,2.325867247581482,4.615373158454895,11.003736400604248,0.04277794361114502,0.0012146949768066407,413
130,101478,101478,0.05,18.22807083129883,2.2097552895545958,4.583775234222412,11.434540271759033,0.039885449409484866,0.0015155553817749023,413
130,101578,101578,0.05,17.600433349609375,2.159620499610901,4.423115062713623,11.01769790649414,0.042607879638671874,0.0013019561767578125,413
131,101760,101760,0.05,17.847609329223634,2.2019058585166933,4.539228200912476,11.106475257873536,0.04080789089202881,0.0014134645462036133,413
131,101860,101860,0.05,17.94431495666504,1.915175771713257,4.411662244796753,11.61747694015503,0.04520993232727051,0.001856088638305664,413
131,101960,101960,0.05,18.019140434265136,2.3465530633926392,4.314623546600342,11.357964324951173,0.04689912796020508,0.0022990226745605467,413
131,102060,102060,0.05,17.676551628112794,2.279922604560852,4.2956298112869264,11.10099925994873,0.04157109260559082,0.0012011528015136719,413
131,102160,102160,0.05,17.751025867462157,2.2652931571006776,4.3508563995361325,11.134876155853272,0.04773690700531006,0.0013039350509643556,413
131,102260,102260,0.05,18.17766170501709,2.2500519871711733,4.384773421287536,11.54283628463745,0.04374959468841553,0.001190328598022461,413
131,102360,102360,0.05,18.328448486328124,1.9265357494354247,4.568194055557251,11.833718585968018,0.04311997890472412,0.001366877555847168,413
132,102542,102542,0.05,17.594294452667235,1.973154878616333,4.379172205924988,11.241967487335206,0.04370715618133545,0.001324295997619629,413
132,102642,102642,0.05,17.695656776428223,1.7807750821113586,4.549828386306762,11.365053081512452,0.046260643005371097,0.0013731002807617187,413
132,102742,102742,0.05,17.704899311065674,1.9796184659004212,4.4247243165969845,11.300556468963624,0.048354053497314455,0.001348567008972168,413
132,102842,102842,0.05,18.494676399230958,1.8003587961196899,4.726093769073486,11.968224048614502,0.04753909111022949,0.0013536691665649414,413
132,102942,102942,0.05,18.21167869567871,2.2707054376602174,4.439448642730713,11.501524543762207,0.04487485885620117,0.0018921613693237305,413
132,103042,103042,0.05,17.601596450805665,2.01500141620636,4.44193663597107,11.144658660888672,0.04548513889312744,0.0011661767959594727,413
132,103142,103142,0.05,17.94752197265625,2.3243537664413454,4.53495044708252,11.08821792602539,0.043762946128845216,0.0013892650604248047,413
133,103324,103324,0.05,17.64752788543701,2.003041183948517,4.41569447517395,11.22879238128662,0.031032490730285644,0.0009555816650390625,413
133,103424,103424,0.05,18.086416053771973,1.8555838227272035,4.485600805282592,11.745231628417969,0.043396711349487305,0.002045726776123047,413
133,103524,103524,0.05,18.16933078765869,2.3732414484024047,4.378582406044006,11.417506694793701,0.04250679016113281,0.0016727209091186523,413
133,103624,103624,0.05,18.746038818359374,2.7486125349998476,4.559850740432739,11.437575435638427,0.04120614528656006,0.0018618345260620118,413
133,103724,103724,0.05,17.62313585281372,1.9556500554084777,4.3265255212783815,11.340960502624512,0.04658122062683105,0.0014665365219116212,413
133,103824,103824,0.05,18.2634334564209,2.0639501094818113,4.480090165138245,11.719393348693847,0.04448342323303223,0.0013991594314575195,413
133,103924,103924,0.05,17.934570693969725,1.7554811477661132,4.39843716621399,11.780652236938476,0.03949785232543945,0.0010902166366577148,413
134,104106,104106,0.05,17.708551025390626,2.204014265537262,4.259403014183045,11.245133876800537,0.04603865146636963,0.0015837907791137694,413
134,104206,104206,0.05,17.849813652038574,2.012937879562378,4.626533269882202,11.210342311859131,0.042851495742797854,0.0012364149093627929,413
134,104306,104306,0.05,17.80855083465576,2.2464611887931825,4.338156342506409,11.223933124542237,0.06729681491851806,0.0019220590591430664,413
134,104406,104406,0.05,17.681918907165528,1.9630152583122253,4.42043833732605,11.298465251922607,0.04075977802276611,0.0012158870697021485,413
134,104506,104506,0.05,17.302828788757324,2.1242984890937806,4.251831197738648,10.926699161529541,0.044423913955688475,0.0012494325637817383,413
134,104606,104606,0.05,18.60734157562256,1.6975820779800415,4.835287237167359,12.074472332000733,0.0654005765914917,0.0014833688735961914,413
134,104706,104706,0.05,18.353326988220214,2.1186617255210876,4.536755967140198,11.697909164428712,0.043820309638977054,0.0013499498367309571,413
135,104888,104888,0.05,18.17326431274414,2.2429465532302855,4.327154040336609,11.60316343307495,0.04194142818450928,0.0018276691436767579,413
135,104988,104988,0.05,18.019214248657228,2.224507486820221,4.618530702590943,11.176176357269288,0.045100998878479,0.00119473934173584,413
135,105088,105088,0.05,18.028235244750977,2.044751298427582,4.509812188148499,11.473671817779541,0.044793128967285156,0.001461195945739746,413
135,105188,105188,0.05,17.666178131103514,2.242322862148285,4.269987463951111,11.153867530822755,0.04782876968383789,0.0026016473770141602,413
135,105288,105288,0.05,17.17325849533081,1.8031398177146911,4.439607191085815,10.930511569976806,0.035578131675720215,0.0012890100479125977,413
135,105388,105388,0.05,18.0850923538208,2.050850307941437,4.688760566711426,11.345481777191162,0.06653995513916015,0.0014708518981933593,413
135,105488,105488,0.05,17.886462211608887,2.1116552710533143,4.550628042221069,11.224178981781005,0.04401607513427734,0.001281428337097168,413
136,105670,105670,0.05,17.563237476348878,2.186917507648468,4.465045738220215,10.911274433135986,0.042838644981384275,0.0012868881225585938,413
136,105770,105770,0.05,18.130137634277343,1.8036564946174622,4.603585505485535,11.722895240783691,0.04389209747314453,0.0014166116714477539,413
136,105870,105870,0.05,17.860295867919923,1.9269662618637085,4.451028490066529,11.482301044464112,0.07370254993438721,0.0015182733535766602,413
136,105970,105970,0.05,17.915303421020507,2.2760748863220215,4.457007789611817,11.18222074508667,0.043364763259887695,0.0018486976623535156,413
136,106070,106070,0.05,17.355073356628417,2.250320792198181,4.322138261795044,10.782614707946777,0.04540383815765381,0.0020742177963256835,413
136,106170,106170,0.05,17.939763641357423,2.1694674849510194,4.493998050689697,11.276298141479492,0.044680666923522946,0.001354050636291504,413
136,106270,106270,0.05,18.002052307128906,2.167029637098312,4.357791829109192,11.477230644226074,0.042842531204223634,0.001296401023864746,413
137,106452,106452,0.05,17.902167320251465,2.130817234516144,4.220315027236938,11.551035022735595,0.04163913726806641,0.0012274980545043945,413
137,106552,106552,0.05,18.522726249694824,2.2263618230819704,4.759715127944946,11.536649036407471,0.04662885665893555,0.0018532514572143556,413
137,106652,106652,0.05,18.403766632080078,2.5210700154304506,4.430622673034668,11.452074241638183,0.04116489887237549,0.0013088941574096679,413
137,106752,106752,0.05,18.37115364074707,1.9769632935523986,4.501021909713745,11.893168640136718,0.04319169521331787,0.0012360811233520508,413
137,106852,106852,0.05,17.774321365356446,2.078082525730133,4.323269367218018,11.372969341278075,0.03993535041809082,0.0011580228805541993,413
137,106952,106952,0.05,17.855507850646973,1.9010245144367217,4.408148837089539,11.546334552764893,0.04354734420776367,0.0013876676559448243,413
137,107052,107052,0.05,17.899250411987303,2.0348123788833616,4.392188978195191,11.472249221801757,0.044825267791748044,0.0013323068618774415,413
138,107234,107234,0.05,17.445297050476075,2.1775119304656982,4.193525719642639,11.074259662628174,0.040799713134765624,0.001389455795288086,413
138,107334,107334,0.05,18.034918785095215,2.2022104263305664,4.506669211387634,11.326039218902588,0.04397928714752197,0.0018494367599487306,413
138,107434,107434,0.05,18.277971076965333,2.2619422912597655,4.56309826374054,11.452930068969726,0.06787152290344238,0.0013061761856079102,413
138,107534,107534,0.05,17.473519706726073,1.8692497849464416,4.35666790008545,11.247602176666259,0.04229207038879394,0.001106119155883789,413
138,107634,107634,0.05,18.615342712402345,2.4442780017852783,4.545260596275329,11.625804233551026,0.04433305263519287,0.0012432336807250977,413
138,107734,107734,0.05,17.74761199951172,1.7014742255210877,4.486114811897278,11.560023212432862,0.0702021598815918,0.001581120491027832,413
138,107834,107834,0.05,18.060742568969726,2.144328498840332,4.386179828643799,11.530234432220459,0.042327594757080075,0.0013955593109130859,413
139,108016,108016,0.05,17.71895112991333,1.9170262932777404,4.329781222343445,11.472143650054932,0.04326190948486328,0.0015329360961914063,413
139,108116,108116,0.05,17.980044746398924,1.9782658576965333,4.490094542503357,11.511684226989747,0.045862650871276854,0.0011497259140014649,413
139,108216,108216,0.05,17.80557289123535,2.059561002254486,4.369717693328857,11.376294136047363,0.04049994945526123,0.0012185335159301757,413
139,108316,108316,0.05,17.54042043685913,1.6348872780799866,4.578803014755249,11.326730251312256,0.04268670082092285,0.0012748241424560547,413
139,108416,108416,0.05,17.949606323242186,1.9335484981536866,4.543868494033814,11.472189617156982,0.045954322814941405,0.0025933504104614256,413
139,108516,108516,0.05,18.465267944335938,2.280560255050659,4.419152021408081,11.765555381774902,0.04419794082641602,0.0014765024185180663,413
139,108616,108616,0.05,17.909964561462402,2.111508047580719,4.692563486099243,11.105892944335938,0.04253971576690674,0.0013509750366210937,413
140,108798,108798,0.05,18.233347511291505,2.614689064025879,4.426640415191651,11.192017936706543,0.04366521835327149,0.002032613754272461,413
140,108898,108898,0.05,17.884675598144533,2.383773159980774,4.528247857093811,10.972654628753663,0.04521422386169434,0.0017443180084228515,413
140,108998,108998,0.05,17.860083961486815,2.1710458278656004,4.387136173248291,11.301901912689209,0.04799439907073975,0.0014093637466430664,413
140,109098,109098,0.05,17.585025215148924,1.9523557662963866,4.209821391105652,11.422848224639893,0.04435269832611084,0.001196885108947754,413
140,109198,109198,0.05,17.76809368133545,2.2953049659729006,4.060735845565796,11.412052822113036,0.041519665718078615,0.0009456872940063477,413
140,109298,109298,0.05,17.44885673522949,2.227310001850128,4.266133546829224,10.955413150787354,0.04207181930541992,0.0018496990203857421,413
140,109398,109398,0.05,17.856760597229005,1.6968432903289794,4.789651823043823,11.370265674591064,0.04432432651519776,0.0013622522354125976,413
141,109580,109580,0.05,17.880992889404297,1.826443362236023,4.533390808105469,11.521158790588379,0.04092967510223389,0.000966024398803711,413
141,109680,109680,0.05,17.62350845336914,2.051023519039154,4.2446479320526125,11.327837371826172,0.04387552738189697,0.0013955593109130859,413
141,109780,109780,0.05,17.06928119659424,1.7698203563690185,4.429937553405762,10.86952314376831,0.044037485122680665,0.001485753059387207,413
141,109880,109880,0.05,17.61640863418579,2.080354428291321,4.326380038261414,11.20967435836792,0.04538602828979492,0.0013207674026489257,413
141,109980,109980,0.05,18.63450469970703,1.935082232952118,4.614012718200684,12.085409355163574,0.03726239204406738,0.0010632514953613282,413
141,110080,110080,0.05,18.05652275085449,2.052759611606598,4.574054813385009,11.429708671569824,0.04106826782226562,0.0010205745697021485,413
141,110180,110180,0.05,17.8883487701416,2.0124078512191774,4.5484038352966305,11.327537441253662,0.04298393726348877,0.0013567686080932617,413
142,110362,110362,0.05,17.758831024169922,1.6941019475460053,4.477175951004028,11.587553024291992,0.04571244716644287,0.001473069190979004,413
142,110462,110462,0.05,17.668187522888182,2.314480423927307,4.261582231521606,11.092124843597412,0.04433653354644775,0.001445913314819336,413
142,110562,110562,0.05,17.383856201171874,2.0103866934776304,4.195718145370483,11.177751159667968,0.043001627922058104,0.0013710498809814454,413
142,110662,110662,0.05,17.26954803466797,1.3020189225673675,4.489329218864441,11.478199768066407,0.043551087379455566,0.0012405633926391602,413
142,110762,110762,0.05,17.82546195983887,2.3195788621902467,4.38635151386261,11.119531440734864,0.043529081344604495,0.0011657238006591796,413
142,110862,110862,0.05,18.244740295410157,2.3227952241897585,4.5274810791015625,11.394464111328125,0.04429762363433838,0.0014134645462036133,413
142,110962,110962,0.05,18.034369277954102,2.253768354654312,4.439918494224548,11.34068250656128,0.04794700145721435,0.0015528440475463868,413
143,111144,111144,0.05,17.508501243591308,1.9314847588539124,4.40575270652771,11.171263790130615,0.04433495998382568,0.0013766288757324219,413
143,111244,111244,0.05,17.72665367126465,2.119728171825409,4.581906270980835,11.025019645690918,0.03733203411102295,0.000998520851135254,413
143,111344,111344,0.05,17.59979114532471,2.245096278190613,4.3768908977508545,10.977804183959961,0.06633009910583496,0.0014061927795410156,413
143,111444,111444,0.05,17.76937789916992,2.0814637422561644,4.419255018234253,11.268658924102784,0.04136390686035156,0.0010413169860839845,413
143,111544,111544,0.05,17.85097179412842,1.8748044967651367,4.361312007904052,11.614855098724366,0.0494133472442627,0.0014033079147338866,413
143,111644,111644,0.05,18.631204223632814,1.9002549767494201,4.739784574508667,11.991164493560792,0.040172696113586426,0.001001262664794922,413
143,111744,111744,0.05,18.39304599761963,2.107455551624298,4.859039783477783,11.42655086517334,0.03457784652709961,0.0010808944702148438,413
144,111926,111926,0.05,17.15447235107422,1.8780555129051208,4.298997688293457,10.977418994903564,0.044510698318481444,0.0020998477935791015,413
144,112026,112026,0.05,17.964980697631837,1.9248526573181153,4.353103160858154,11.687025165557861,0.04104645252227783,0.0015352964401245117,413
144,112126,112126,0.05,17.91138610839844,2.206186830997467,4.466178750991821,11.239020347595215,0.034866619110107425,0.0008959293365478516,413
144,112226,112226,0.05,17.92471742630005,1.8988169074058532,4.420551371574402,11.605349445343018,0.04371120929718018,0.002447056770324707,413
144,112326,112326,0.05,18.348473930358885,2.16648268699646,4.521103382110596,11.660887813568115,0.04757809638977051,0.0019289493560791016,413
144,112426,112426,0.05,17.717072582244874,1.940884280204773,4.341363143920899,11.434825229644776,0.04284646511077881,0.0014022588729858398,413
144,112526,112526,0.05,17.37964572906494,1.5848557710647584,4.620383310317993,11.174406623840332,0.04264290332794189,0.0011616945266723633,413
145,112708,112708,0.05,17.724775123596192,2.3581315994262697,4.387278199195862,10.979365348815918,0.04517111778259277,0.0024485111236572264,413
145,112808,112808,0.05,18.49108715057373,1.6889713883399964,4.3235208749771115,12.478594779968262,0.046402907371520995,0.001392054557800293,413
145,112908,112908,0.05,18.337929344177248,1.8647307753562927,4.455662322044373,12.01753625869751,0.06756730079650879,0.001999378204345703,413
145,113008,113008,0.05,17.699834251403807,2.1258004784584044,4.477833676338196,11.096199893951416,0.043201017379760745,0.001277780532836914,413
145,113108,113108,0.05,17.815518379211426,1.9074716925621034,4.6665778160095215,11.24146900177002,0.0463975191116333,0.0013051271438598634,413
145,113208,113208,0.05,18.268440818786623,2.0497691512107847,4.4752837181091305,11.743388080596924,0.045801734924316405,0.0013708353042602539,413
145,113308,113308,0.05,17.94388656616211,2.04760262966156,4.4924177646636965,11.403866291046143,0.046181750297546384,0.001584482192993164,413
146,113490,113490,0.05,17.919264030456542,2.123028612136841,4.521754550933838,11.27448034286499,0.05016589164733887,0.0014724969863891602,413
146,113590,113590,0.05,18.15303440093994,2.1333763122558596,4.258561205863953,11.761096668243407,0.04443671703338623,0.001253795623779297,413
146,113690,113690,0.05,18.139821910858153,2.360783541202545,4.467507839202881,11.311530494689942,0.06979110240936279,0.0014029502868652343,413
146,113790,113790,0.05,17.782908821105956,2.145660936832428,4.489710521697998,11.14753704071045,0.04500334262847901,0.00192568302154541,413
146,113890,113890,0.05,18.221940803527833,2.0084848642349242,4.630389642715454,11.583066082000732,0.04323105812072754,0.0017670869827270507,413
146,113990,113990,0.05,17.466275215148926,1.5734859347343444,4.7101068019866945,11.182682323455811,0.06784064769744873,0.001515340805053711,413
146,114090,114090,0.05,18.802324104309083,2.1147894501686095,4.6981102466583256,11.989424514770509,0.041733169555664064,0.001734161376953125,413
147,114272,114272,0.05,17.962392807006836,2.242277646064758,4.4418692111969,11.278245735168458,0.04341466426849365,0.001161479949951172,413
147,114372,114372,0.05,18.284511184692384,2.2574504017829895,4.559216690063477,11.467844772338868,0.04477014541625977,0.001340794563293457,413
147,114472,114472,0.05,17.75006523132324,2.2855774223804475,4.277571749687195,11.186915969848632,0.043304824829101564,0.0014104843139648438,413
147,114572,114572,0.05,17.705784225463866,1.4156319856643678,4.659700322151184,11.630452060699463,0.04547305107116699,0.0017831563949584962,413
147,114672,114672,0.05,17.535206985473632,2.1738555788993836,4.339400100708008,11.02195110321045,0.04608302116394043,0.0012715578079223633,413
147,114772,114772,0.05,17.71910400390625,2.0427287459373473,4.272116804122925,11.404258441925048,0.039281678199768064,0.0013112068176269532,413
147,114872,114872,0.05,18.142996978759765,1.902877724170685,4.527323818206787,11.712795162200928,0.04157576560974121,0.001250624656677246,413
148,115054,115054,0.05,17.96382064819336,1.586724865436554,4.3815367937088014,11.995559215545654,0.044878363609313965,0.0013719797134399414,413
148,115154,115154,0.05,17.442320251464842,1.634934937953949,4.447082209587097,11.360302829742432,0.04462258815765381,0.001320481300354004,413
148,115254,115254,0.05,18.036273956298828,1.925685203075409,4.628984594345093,11.481604099273682,0.04561238288879395,0.0013113737106323243,413
148,115354,115354,0.05,16.888347816467284,1.5202235877513885,4.316397476196289,11.051726531982421,0.04115126132965088,0.001225590705871582,413
148,115454,115454,0.05,18.52896842956543,2.0079294085502624,4.690223026275635,11.830816173553467,0.04302291870117188,0.0011400222778320313,413
148,115554,115554,0.05,18.585645294189455,2.3067277312278747,4.828006362915039,11.45091142654419,0.04395866394042969,0.0012443065643310547,413
148,115654,115654,0.05,18.432967567443846,2.3834262013435366,4.4491712808609005,11.600370407104492,0.036949872970581055,0.0013524770736694336,413
149,115836,115836,0.05,17.867490577697755,1.8885909080505372,4.39220027923584,11.58669900894165,0.044360899925231935,0.001706552505493164,413
149,115936,115936,0.05,18.29213752746582,1.9846327185630799,4.337438559532165,11.970066356658936,0.043089103698730466,0.001257777214050293,413
149,116036,116036,0.05,18.146322822570802,1.9813870251178742,4.450146627426148,11.714789295196534,0.04163334369659424,0.0013864278793334962,413
149,116136,116136,0.05,17.925281238555907,1.902970814704895,4.6392546653747555,11.38305606842041,0.0456068754196167,0.0013399600982666015,413
149,116236,116236,0.05,18.377342987060548,2.0110456228256224,4.568573045730591,11.797724151611328,0.04422547817230225,0.0013848066329956055,413
149,116336,116336,0.05,18.330804061889648,1.8959375262260436,4.828575325012207,11.606291389465332,0.047393512725830075,0.0019188880920410155,413
149,116436,116436,0.05,17.81088161468506,2.2335133075714113,4.4399491310119625,11.1374192237854,0.0436420202255249,0.001486063003540039,413
150,116618,116618,0.05,17.83904323577881,2.52552387714386,4.48339478969574,10.830124473571777,0.044668936729431154,0.001264643669128418,413
150,116718,116718,0.05,17.934684371948244,1.8016050577163696,4.500410842895508,11.632668781280518,0.04671523571014404,0.0013599395751953125,413
150,116818,116818,0.05,17.727785491943358,1.9603231310844422,4.487273120880127,11.280189418792725,0.040653347969055176,0.000977802276611328,413
150,116918,116918,0.05,17.385638618469237,1.9680191278457642,4.284801912307739,11.13281774520874,0.04120609760284424,0.0009700775146484375,413
150,117018,117018,0.05,17.654271602630615,1.6062644362449645,4.688375663757324,11.359631824493409,0.04599180221557617,0.0013653039932250977,413
150,117118,117118,0.05,17.398333835601807,1.8897801518440247,4.478820848464966,11.029733180999756,0.04614260196685791,0.0014024496078491211,413
150,117218,117218,0.05,17.47574977874756,1.5133914351463318,4.407489705085754,11.554868221282959,0.04548900127410889,0.0013286113739013673,413
151,117400,117400,0.005000000000000001,16.49259967803955,2.0852187991142275,3.387122917175293,11.020258045196533,0.048324871063232425,0.0018767356872558595,413
151,117500,117500,0.005000000000000001,16.979469871520998,2.240815109014511,3.5695939540863035,11.169060897827148,0.050689411163330075,0.001940608024597168,413
151,117600,117600,0.005000000000000001,17.115824604034422,1.9930095493793487,3.531150984764099,11.591664123535157,0.04536957740783691,0.001951909065246582,413
151,117700,117700,0.005000000000000001,16.58848991394043,1.8895585656166076,3.456156873703003,11.242774295806885,0.045627689361572264,0.0019630670547485353,413
151,117800,117800,0.005000000000000001,16.414291191101075,1.609755915403366,3.405873489379883,11.398661804199218,0.048155784606933594,0.0020416259765625,413
151,117900,117900,0.005000000000000001,16.371624279022218,1.9399181723594665,3.2256952285766602,11.20601053237915,0.04447915554046631,0.001952052116394043,413
151,118000,118000,0.005000000000000001,16.286748027801515,1.4713865578174592,3.4412965774536133,11.374064731597901,0.04321048259735107,0.0013532638549804688,413
152,118182,118182,0.005000000000000001,16.36021022796631,2.095381236076355,3.2151798486709593,11.049648857116699,0.040242481231689456,0.0012141227722167968,413
152,118282,118282,0.005000000000000001,15.98229455947876,2.019946986436844,3.1759141445159913,10.7864333152771,0.04379348754882813,0.0017361879348754884,413
152,118382,118382,0.005000000000000001,16.774065589904787,2.156181478500366,3.183235287666321,11.434648799896241,0.04480612277984619,0.0014212846755981446,413
152,118482,118482,0.005000000000000001,16.297977256774903,1.5942727982997895,3.166839861869812,11.53686456680298,0.043912434577941896,0.0018777132034301757,413
152,118582,118582,0.005000000000000001,16.912222957611085,2.036915570497513,3.346557927131653,11.528749370574952,0.042693376541137695,0.0011848211288452148,413
152,118682,118682,0.005000000000000001,16.389248657226563,1.2670908868312836,3.2476547002792358,11.874502849578857,0.0423875093460083,0.0014060497283935546,413
152,118782,118782,0.005000000000000001,16.012081813812255,2.013821119070053,3.2576849460601807,10.740575790405273,0.04253895282745361,0.0013018369674682618,413
153,118964,118964,0.005000000000000001,16.614059162139892,1.7567324697971345,3.2533526182174684,11.603974056243896,0.04718518257141113,0.00191650390625,413
153,119064,119064,0.005000000000000001,16.32744445800781,1.5454875767230987,3.249764823913574,11.53219232559204,0.04138436317443848,0.0010411262512207032,413
153,119164,119164,0.005000000000000001,16.119401264190675,1.92716703414917,3.126341128349304,11.065893268585205,0.043873834609985354,0.0011777639389038085,413
153,119264,119264,0.005000000000000001,15.69725513458252,1.3056108057498932,3.056120181083679,11.335524082183838,0.04628081321716308,0.001460433006286621,413
153,119364,119364,0.005000000000000001,15.529485893249511,1.794621354341507,3.0550267934799193,10.679837512969971,0.04667162895202637,0.0012507677078247071,413
153,119464,119464,0.005000000000000001,15.912591934204102,1.7387315332889557,3.018369746208191,11.155490589141845,0.04207255840301514,0.0009721994400024414,413
153,119564,119564,0.005000000000000001,16.276551914215087,1.836416530609131,3.2157057523727417,11.224429512023926,0.0374014139175415,0.0013245344161987305,413
154,119746,119746,0.005000000000000001,16.230203533172606,1.7118455827236176,3.0473887443542482,11.470969200134277,0.06909162998199463,0.0261181116104126,413
154,119846,119846,0.005000000000000001,14.874188232421876,1.2999211370944976,2.881355810165405,10.692911338806152,0.04327771663665771,0.0016269683837890625,413
154,119946,119946,0.005000000000000001,15.42394323348999,1.8684417307376862,2.897291088104248,10.658210563659669,0.04304513931274414,0.0010028600692749024,413
154,120046,120046,0.005000000000000001,16.284010314941405,1.9318357348442077,3.0743448734283447,11.277829837799072,0.04548826217651367,0.0017320632934570313,413
154,120146,120146,0.005000000000000001,15.574315929412842,1.6931277453899383,3.091584849357605,10.789603328704834,0.044440841674804686,0.0015625238418579101,413
154,120246,120246,0.005000000000000001,16.350891876220704,1.638388854265213,3.015665817260742,11.696837043762207,0.04393887519836426,0.0013245344161987305,413
154,120346,120346,0.005000000000000001,16.013323020935058,1.6546641707420349,3.1692803621292116,11.189378452301025,0.04066977500915527,0.0009042978286743164,413
155,120528,120528,0.005000000000000001,16.19025754928589,2.090666300058365,3.1810063123703003,10.918584823608398,0.04310851097106934,0.001504659652709961,413
155,120628,120628,0.005000000000000001,15.887975311279297,1.7574919939041138,2.973284149169922,11.157199096679687,0.03835968971252442,0.001313924789428711,413
155,120728,120728,0.005000000000000001,15.764693450927734,1.4220681250095368,2.9753774642944335,11.367247772216796,0.04335241317749024,0.0011178255081176758,413
155,120828,120828,0.005000000000000001,15.338315773010255,1.6193278551101684,2.9374456882476805,10.78154239654541,0.039845848083496095,0.001057887077331543,413
155,120928,120928,0.005000000000000001,16.004934978485107,2.0303155839443208,3.0671354293823243,10.90748405456543,0.05152561664581299,0.0014592409133911133,413
155,121028,121028,0.005000000000000001,16.60860710144043,1.9027496576309204,3.084010934829712,11.621846294403076,0.044710755348205566,0.0012335777282714844,413
155,121128,121128,0.005000000000000001,15.509204483032226,1.7168966054916381,3.0491602420806885,10.74314775466919,0.046605801582336424,0.0027762889862060548,413
156,121310,121310,0.005000000000000001,16.197335529327393,1.8338114500045777,3.127075695991516,11.236448287963867,0.043021750450134275,0.0015886306762695312,413
156,121410,121410,0.005000000000000001,15.836629295349121,1.8806613683700562,2.923792028427124,11.0321759223938,0.04325106143951416,0.0019416093826293945,413
156,121510,121510,0.005000000000000001,16.285385513305663,1.9054801702499389,3.0855602025985718,11.294344997406006,0.043782806396484374,0.001251816749572754,413
156,121610,121610,0.005000000000000001,15.990285396575928,1.533273994922638,3.0905081272125243,11.366503238677979,0.03879694938659668,0.0009311676025390625,413
156,121710,121710,0.005000000000000001,15.754246044158936,2.156463932991028,2.931851696968079,10.665930366516113,0.04125065803527832,0.0011596441268920898,413
156,121810,121810,0.005000000000000001,15.53465976715088,1.6196624636650085,3.0975173711776733,10.81747989654541,0.04147160053253174,0.0012433052062988282,413
156,121910,121910,0.005000000000000001,16.15380802154541,2.2200278639793396,3.007841420173645,10.925938701629638,0.041023850440979004,0.0013417720794677735,413
157,122092,122092,0.005000000000000001,15.772685050964355,1.8156761884689332,3.0663666486740113,10.890642261505127,0.0450775146484375,0.002332043647766113,413
157,122192,122192,0.005000000000000001,16.00040225982666,1.557208400964737,2.9789276361465453,11.46426601409912,0.04631655216217041,0.002117824554443359,413
157,122292,122292,0.005000000000000001,15.757037734985351,1.6035371840000152,2.9545532941818236,11.19894723892212,0.04326610565185547,0.0012668609619140626,413
157,122392,122392,0.005000000000000001,16.191189670562743,1.698260533809662,3.123644804954529,11.36928424835205,0.04677884578704834,0.0014628171920776367,413
157,122492,122492,0.005000000000000001,16.221971416473387,1.6501871347427368,3.053961443901062,11.517822647094727,0.043078947067260745,0.0011674165725708008,413
157,122592,122592,0.005000000000000001,15.754109477996826,2.1204387664794924,2.9553259372711183,10.678344535827637,0.045679140090942386,0.0012933731079101563,413
157,122692,122692,0.005000000000000001,15.229574871063232,1.3082620322704315,2.9093863010406493,11.011926746368408,0.04748880863189697,0.0019815921783447265,413
158,122874,122874,0.005000000000000001,15.768804454803467,1.2479512870311738,2.9610265493392944,11.559826564788818,0.03942537307739258,0.0010179042816162109,413
158,122974,122974,0.005000000000000001,15.636342811584473,1.488197135925293,2.95067720413208,11.197468280792236,0.04543788433074951,0.0013106346130371093,413
158,123074,123074,0.005000000000000001,16.641497707366945,1.6741710484027863,3.094306397438049,11.873019981384278,0.04443283081054687,0.0013282060623168944,413
158,123174,123174,0.005000000000000001,16.127350521087646,2.4433778047561647,3.130332374572754,10.553640460968017,0.04263894557952881,0.0010916948318481444,413
158,123274,123274,0.005000000000000001,15.6968430519104,1.791720312833786,3.094059467315674,10.811063385009765,0.04123687744140625,0.0011286973953247071,413
158,123374,123374,0.005000000000000001,15.829075717926026,1.59286025762558,2.8907708644866945,11.345444488525391,0.03547539710998535,0.001035594940185547,413
158,123474,123474,0.005000000000000001,15.787427234649659,1.2831425368785858,2.9769729137420655,11.527311515808105,0.04383111000061035,0.0012686014175415038,413
159,123656,123656,0.005000000000000001,15.236374378204346,1.7087453126907348,2.928342604637146,10.599286365509034,0.03880624771118164,0.0012337446212768554,413
159,123756,123756,0.005000000000000001,16.02918748855591,1.8493494510650634,3.049816870689392,11.130021095275879,0.03981106281280518,0.001406693458557129,413
159,123856,123856,0.005000000000000001,15.70107717514038,1.4002293944358826,2.9133107900619506,11.387537097930908,0.04328286647796631,0.0014631986618041993,413
159,123956,123956,0.005000000000000001,15.497328186035157,1.6829069197177886,2.924878787994385,10.889542579650879,0.04423961639404297,0.0025994539260864257,413
159,124056,124056,0.005000000000000001,15.562520122528076,1.9403305351734161,2.9990747690200807,10.62311487197876,0.061303138732910156,0.0016100883483886718,413
159,124156,124156,0.005000000000000001,15.341349887847901,1.6980082213878631,2.877116298675537,10.76622552871704,0.04486129283905029,0.00254976749420166,413
159,124256,124256,0.005000000000000001,15.421794986724853,1.3677483916282653,2.842310571670532,11.211735916137695,0.04290702342987061,0.001232457160949707,413
160,124438,124438,0.005000000000000001,15.848652648925782,1.5362218618392944,2.9060200214385987,11.406410789489746,0.04099991321563721,0.0010791301727294921,413
160,124538,124538,0.005000000000000001,15.483250045776368,1.5000450015068054,2.9683603286743163,11.014844608306884,0.046299076080322264,0.001166367530822754,413
160,124638,124638,0.005000000000000001,15.605121612548828,1.550393807888031,3.0069952726364138,11.04773244857788,0.038425254821777347,0.001222848892211914,413
160,124738,124738,0.005000000000000001,15.767237186431885,1.8628017485141755,3.098079466819763,10.806356143951415,0.04755566120147705,0.0013320446014404297,413
160,124838,124838,0.005000000000000001,15.499378108978272,1.856934630870819,2.8583053588867187,10.784138298034668,0.0445864200592041,0.0018561840057373046,413
160,124938,124938,0.005000000000000001,15.957729625701905,1.8650916457176208,3.041576957702637,11.051061153411865,0.04366943836212158,0.0012791872024536133,413
160,125038,125038,0.005000000000000001,15.821662425994873,1.9369229912757873,2.9291395425796507,10.955599784851074,0.04773821830749512,0.0012789487838745118,413
161,125220,125220,0.005000000000000001,15.929593372344971,1.9839212119579315,2.927029776573181,11.01864242553711,0.044596505165100095,0.0013427495956420898,413
161,125320,125320,0.005000000000000001,15.589342308044433,1.510489720106125,2.85105562210083,11.22779712677002,0.04138028621673584,0.0015672922134399414,413
161,125420,125420,0.005000000000000001,14.41556396484375,1.6313395023345947,2.8856868505477906,9.898537540435791,0.04229736328125,0.0011925697326660156,413
161,125520,125520,0.005000000000000001,15.556413936614991,1.52754448056221,2.870828151702881,11.158041381835938,0.0459158182144165,0.0019032716751098632,413
161,125620,125620,0.005000000000000001,15.990432262420654,2.1259166479110716,2.9151798248291017,10.949335861206055,0.04371440410614014,0.0013648509979248048,413
161,125720,125720,0.005000000000000001,15.198914623260498,1.7477538645267487,2.807570481300354,10.643590068817138,0.04477834701538086,0.0013134479522705078,413
161,125820,125820,0.005000000000000001,15.871644020080566,1.7596974670886993,2.9969949960708617,11.11495132446289,0.04401013851165771,0.0014690399169921876,413
162,126002,126002,0.005000000000000001,15.62342472076416,1.6673279345035552,2.8276389122009276,11.128458023071289,0.04220538139343262,0.0011836767196655273,413
162,126102,126102,0.005000000000000001,15.6820556640625,2.167285442352295,2.8984057903289795,10.616364288330079,0.041699910163879396,0.0010056495666503906,413
162,126202,126202,0.005000000000000001,15.766982173919677,1.5148155510425567,2.7563102006912232,11.495856285095215,0.04609084129333496,0.0015989065170288086,413
162,126302,126302,0.005000000000000001,16.32656373977661,1.9365319967269898,2.9959920167922975,11.394039821624755,0.045690298080444336,0.0014796495437622071,413
162,126402,126402,0.005000000000000001,15.266719532012939,1.3977750360965728,2.7802547454833983,11.088689804077148,0.04161829948425293,0.0009574651718139649,413
162,126502,126502,0.005000000000000001,15.702696990966796,1.6441772282123566,2.8517401933670046,11.206779766082764,0.06866919994354248,0.0018345117568969727,413
162,126602,126602,0.005000000000000001,15.743872547149659,1.8771692931652069,3.0415457487106323,10.825157260894775,0.044073987007141116,0.0014861106872558593,413
163,126784,126784,0.005000000000000001,15.841219043731689,2.1414729952812195,3.0438764095306396,10.655869674682616,0.048908352851867676,0.0014157772064208984,413
163,126884,126884,0.005000000000000001,16.078867530822755,2.1403660774230957,2.9664928674697877,10.972008609771729,0.04081082344055176,0.0013817071914672852,413
163,126984,126984,0.005000000000000001,15.74432144165039,2.0483909845352173,2.8474129915237425,10.848517322540284,0.042497444152832034,0.0013968467712402344,413
163,127084,127084,0.005000000000000001,16.101008319854735,1.6565910458564759,2.8402976274490355,11.604119491577148,0.046700572967529295,0.0020593643188476563,413
163,127184,127184,0.005000000000000001,15.699360942840576,1.7611731231212615,2.8932509899139403,11.044936752319336,0.039751219749450686,0.0007475852966308594,413
163,127284,127284,0.005000000000000001,16.44586067199707,1.6021976113319396,2.9516249895095825,11.892038059234618,0.04051926136016846,0.0009168148040771485,413
163,127384,127384,0.005000000000000001,15.520949840545654,1.363494724035263,2.8798819541931153,11.277573204040527,0.04157278537750244,0.0010802268981933594,413
164,127566,127566,0.005000000000000001,15.514575004577637,1.4141855776309966,2.8384665489196776,11.261922931671142,0.068542742729187,0.0013933658599853515,413
164,127666,127666,0.005000000000000001,16.000290966033937,1.8542157113552094,3.0144663095474242,11.131608867645264,0.03756246566772461,0.0011742830276489258,413
164,127766,127766,0.005000000000000001,15.531342506408691,1.6861156821250916,2.806425404548645,11.038801288604736,0.049378156661987305,0.0019885540008544923,413
164,127866,127866,0.005000000000000001,14.844569873809814,1.0028306424617768,2.7733601331710815,11.068379211425782,0.06283113956451417,0.0014568090438842774,413
164,127966,127966,0.005000000000000001,15.889362144470216,1.7667240142822265,2.8653150320053102,11.257323169708252,0.04006946086883545,0.0012955427169799804,413
164,128066,128066,0.005000000000000001,15.175782012939454,1.3622262060642243,2.9919427394866944,10.821613025665282,0.041016888618469236,0.0011543750762939454,413
164,128166,128166,0.005000000000000001,15.220894908905029,1.9219276070594788,3.135422158241272,10.163545036315918,0.0421403169631958,0.0010886669158935546,413
165,128348,128348,0.005000000000000001,15.650295162200928,1.316882586479187,2.9690792322158814,11.364333343505859,0.04348530769348145,0.0020502090454101564,413
165,128448,128448,0.005000000000000001,15.841578960418701,2.1852551460266114,2.788417029380798,10.867906761169433,0.04324970245361328,0.0013551950454711915,413
165,128548,128548,0.005000000000000001,15.081539916992188,1.270758819580078,2.679653191566467,11.131127834320068,0.042978215217590335,0.0014313220977783202,413
165,128648,128648,0.005000000000000001,15.356349849700928,1.774546706676483,2.926529955863953,10.655273342132569,0.03953430652618408,0.0011987924575805665,413
165,128748,128748,0.005000000000000001,15.450267505645751,1.5526216924190521,2.7961740732192992,11.101471996307373,0.049090123176574706,0.0015180349349975587,413
165,128848,128848,0.005000000000000001,15.801696395874023,1.6283004403114318,3.001355767250061,11.1720401763916,0.04555332660675049,0.0018307685852050782,413
165,128948,128948,0.005000000000000001,15.528618335723877,1.591510033607483,2.8991095542907717,11.037998867034911,0.06535744667053223,0.0012388944625854493,413
166,129130,129130,0.005000000000000001,16.22964563369751,1.222226858139038,2.949810791015625,12.057607936859132,0.044827747344970706,0.00179290771484375,413
166,129230,129230,0.005000000000000001,15.476068878173828,1.5616067111492158,2.8001099109649656,11.114352130889893,0.046138572692871097,0.0018574714660644532,413
166,129330,129330,0.005000000000000001,15.510813426971435,2.1459904849529265,3.0959264039993286,10.268896770477294,0.04400227069854736,0.001395416259765625,413
166,129430,129430,0.005000000000000001,16.052057361602785,1.4405085623264313,2.9912897109985352,11.620258998870849,0.03512828350067139,0.0009837388992309571,413
166,129530,129530,0.005000000000000001,15.724849510192872,1.4778817892074585,2.8566092014312745,11.390358352661133,0.04453458786010742,0.0020276784896850588,413
166,129630,129630,0.005000000000000001,15.412018394470214,1.6689751327037812,2.875802683830261,10.867240810394287,0.04047131538391113,0.0023773193359375,413
166,129730,129730,0.005000000000000001,15.690703296661377,1.4402204155921936,2.9249181032180784,11.32556447982788,0.04278495311737061,0.0011956453323364257,413
167,129912,129912,0.005000000000000001,15.927429294586181,1.7439776957035065,2.864203858375549,11.319247817993164,0.04617044925689697,0.0019213199615478516,413
167,130012,130012,0.005000000000000001,14.826740932464599,1.3959260165691376,2.7225273132324217,10.708287811279297,0.04300849437713623,0.0012532949447631836,413
167,130112,130112,0.005000000000000001,15.625311946868896,1.7608748257160187,2.8927841663360594,10.97165298461914,0.04464702606201172,0.0019068956375122071,413
167,130212,130212,0.005000000000000001,15.483874988555907,1.7120956301689148,2.936783480644226,10.83499584197998,0.0449129581451416,0.0014538764953613281,413
167,130312,130312,0.005000000000000001,15.270160579681397,1.7478361785411836,2.8992458820343017,10.623078536987304,0.04656918048858642,0.0025774478912353516,413
167,130412,130412,0.005000000000000001,16.017512321472168,1.7122158885002137,2.966263842582703,11.339032554626465,0.04154815673828125,0.0013708829879760741,413
167,130512,130512,0.005000000000000001,15.87087287902832,1.8476323187351227,2.9415262937545776,11.081714153289795,0.04394505023956299,0.0013952255249023438,413
168,130694,130694,0.005000000000000001,15.707052612304688,2.2690927565097807,2.8423250675201417,10.595634746551514,0.044852256774902344,0.00131680965423584,413
168,130794,130794,0.005000000000000001,14.79395933151245,1.5813922822475432,2.7310442447662355,10.481522846221925,0.043004393577575684,0.0013527870178222656,413
168,130894,130894,0.005000000000000001,15.676363945007324,1.4775063812732696,2.7727803707122805,11.426077175140382,0.04400174617767334,0.0019953250885009766,413
168,130994,130994,0.005000000000000001,15.411759853363037,2.3470837235450746,2.9907616138458253,10.073914337158204,0.04449939727783203,0.0015211820602416993,413
168,131094,131094,0.005000000000000001,15.686859035491944,1.8972858369350434,2.973804473876953,10.815768814086914,0.05112316608428955,0.0014502286911010742,413
168,131194,131194,0.005000000000000001,15.884366893768311,1.616752690076828,2.9500361680984497,11.317577934265136,0.04002459049224853,0.0011137008666992187,413
168,131294,131294,0.005000000000000001,15.625600242614746,1.6908689320087433,2.8623044967651365,11.072426891326904,0.07098824977874756,0.0014515161514282227,413
169,131476,131476,0.005000000000000001,15.096744728088378,1.7094359397888184,2.978480410575867,10.4088285446167,0.04233520030975342,0.0013460636138916016,413
169,131576,131576,0.005000000000000001,16.2781662940979,1.424371749162674,2.9565478324890138,11.89724702835083,0.04135034084320068,0.0014256715774536132,413
169,131676,131676,0.005000000000000001,14.830686855316163,1.298134481906891,2.756335210800171,10.776217174530029,0.04115405082702637,0.0014142036437988282,413
169,131776,131776,0.005000000000000001,14.676987075805664,1.8731740713119507,2.8947031259536744,9.90910987854004,0.04285593032836914,0.0014688730239868163,413
169,131876,131876,0.005000000000000001,16.01315793991089,1.553425097465515,2.966282868385315,11.49345006942749,0.04419276714324951,0.0016732454299926759,413
169,131976,131976,0.005000000000000001,15.710217189788818,1.8821204841136931,2.920599603652954,10.90749683380127,0.04092936515808106,0.0011471986770629882,413
169,132076,132076,0.005000000000000001,15.471965503692626,2.04343985915184,3.046924662590027,10.38160057067871,0.042450118064880374,0.0011668920516967774,413
170,132258,132258,0.005000000000000001,15.629786109924316,1.8097523689270019,2.8886207580566405,10.93141279220581,0.04433739185333252,0.0012531042098999023,413
170,132358,132358,0.005000000000000001,16.084615898132324,1.4358771562576294,2.8759462356567385,11.772792434692382,0.04100310802459717,0.0009400606155395508,413
170,132458,132458,0.005000000000000001,15.517588901519776,1.5101035416126252,2.8547454833984376,11.152740097045898,0.04400627613067627,0.0009952545166015624,413
170,132558,132558,0.005000000000000001,15.78628330230713,1.4774359464645386,2.735917830467224,11.572929382324219,0.04185206890106201,0.0009421348571777344,413
170,132658,132658,0.005000000000000001,16.558286952972413,1.7930402398109435,3.042432403564453,11.722814464569092,0.0438460111618042,0.0010909318923950195,413
170,132758,132758,0.005000000000000001,15.793683433532715,1.5703513145446777,3.0114145517349242,11.211917495727539,0.04099726676940918,0.0009656667709350586,413
170,132858,132858,0.005000000000000001,15.973740577697754,1.839973545074463,2.899552416801453,11.234214401245117,0.036720657348632814,0.0010402679443359375,413
171,133040,133040,0.005000000000000001,15.212364387512206,1.992722475528717,2.9295883417129516,10.290053939819336,0.04008991718292236,0.0009647130966186524,413
171,133140,133140,0.005000000000000001,15.80426607131958,2.095948588848114,2.904129219055176,10.80418815612793,0.042156529426574704,0.0010834217071533203,413
171,133240,133240,0.005000000000000001,15.929851150512695,1.6644563794136047,2.8375951528549193,11.427799510955811,0.04271831512451172,0.0010512113571166993,413
171,133340,133340,0.005000000000000001,16.45255575180054,1.8147443413734436,2.9856358051300047,11.652175426483154,0.03977763652801514,0.0015619993209838867,413
171,133440,133440,0.005000000000000001,15.565561294555664,1.58805855512619,2.8683834314346313,11.109118986129761,0.04176030158996582,0.0009791851043701172,413
171,133540,133540,0.005000000000000001,15.862215614318847,1.6649054050445558,2.9332014083862306,11.264108753204345,0.044463300704956056,0.001716446876525879,413
171,133640,133640,0.005000000000000001,15.927085018157959,1.8921056985855103,3.0006539106369017,11.034325313568115,0.044303274154663085,0.0013189315795898438,413
172,133822,133822,0.005000000000000001,15.26661195755005,1.8038265824317932,2.8723742246627806,10.59041109085083,0.04482853412628174,0.0018250465393066407,413
172,133922,133922,0.005000000000000001,16.08358516693115,1.984038507938385,2.994912934303284,11.104633808135986,0.043561148643493655,0.0014066457748413085,413
172,134022,134022,0.005000000000000001,15.301308536529541,1.7749691605567932,2.9076184034347534,10.61872158050537,0.044473814964294436,0.0013411521911621093,413
172,134122,134122,0.005000000000000001,15.883866024017333,1.8977066636085511,2.932052159309387,11.054107284545898,0.03895051479339599,0.001008749008178711,413
172,134222,134222,0.005000000000000001,15.639681816101074,2.191413676738739,2.943850612640381,10.504417514801025,0.040272855758666994,0.0010378122329711913,413
172,134322,134322,0.005000000000000001,15.228065013885498,1.8327760875225068,3.0261693000793457,10.36911973953247,0.044561576843261716,0.001544809341430664,413
172,134422,134422,0.005000000000000001,16.082862091064452,1.9604955196380616,2.804372453689575,11.317994308471679,0.046135544776916504,0.0015291452407836914,413
173,134604,134604,0.005000000000000001,16.26902570724487,2.1385865449905395,3.0249356031417847,11.10550365447998,0.03699004650115967,0.0009536266326904297,413
173,134704,134704,0.005000000000000001,15.612526226043702,1.8243163108825684,2.918219804763794,10.869990062713622,0.03602979183197021,0.0008831262588500976,413
173,134804,134804,0.005000000000000001,15.304415512084962,1.7246502757072448,2.915730333328247,10.66403512954712,0.0413280725479126,0.0010244369506835938,413
173,134904,134904,0.005000000000000001,15.957545185089112,2.099583852291107,3.012648105621338,10.845313358306885,0.044795680046081546,0.0017693758010864258,413
173,135004,135004,0.005000000000000001,15.618459033966065,1.5713667809963225,2.7735585927963258,11.273533630371094,0.04021909236907959,0.0009068489074707031,413
173,135104,135104,0.005000000000000001,15.596635055541991,1.6736176788806916,2.880399560928345,11.042617511749267,0.04047234058380127,0.0009191036224365234,413
173,135204,135204,0.005000000000000001,15.878310108184815,1.5644600331783294,2.851090979576111,11.462759304046632,0.04209358692169189,0.0014948368072509766,413
174,135386,135386,0.005000000000000001,15.4573184967041,1.829311203956604,2.8261746168136597,10.801832389831542,0.03754782676696777,0.0013875722885131835,413
174,135486,135486,0.005000000000000001,15.522855472564697,1.4785272538661958,2.7706512212753296,11.273676872253418,0.03666765689849853,0.0008530616760253906,413
174,135586,135586,0.005000000000000001,15.146035861968993,1.4464052736759185,2.8294965028762817,10.870133972167968,0.04873723983764648,0.0017685413360595704,413
174,135686,135686,0.005000000000000001,15.362407112121582,1.8027934014797211,2.969466543197632,10.590147304534913,0.040151000022888184,0.0009831428527832032,413
174,135786,135786,0.005000000000000001,15.438050842285156,1.6341838181018828,2.8810975551605225,10.922769737243652,0.040846633911132815,0.002119016647338867,413
174,135886,135886,0.005000000000000001,15.707410430908203,2.0175609290599823,2.8832544088363647,10.80659523010254,0.038355255126953126,0.0009023427963256836,413
174,135986,135986,0.005000000000000001,15.251370429992676,1.4622645795345306,2.915653657913208,10.873452186584473,0.03884685039520264,0.0009568452835083008,413
175,136168,136168,0.005000000000000001,15.56190242767334,1.5038866758346559,2.864986753463745,11.193028831481934,0.04247148036956787,0.0011666774749755859,413
175,136268,136268,0.005000000000000001,15.425332164764404,1.3619721591472627,2.7144728183746336,11.34888734817505,0.030011081695556642,0.0006925582885742188,413
175,136368,136368,0.005000000000000001,16.12145185470581,1.6238285064697267,2.913283848762512,11.58433952331543,0.034671235084533694,0.0008281230926513672,413
175,136468,136468,0.005000000000000001,14.754478359222412,1.7408540487289428,2.8163000106811524,10.19732437133789,0.03775887489318848,0.0008777379989624023,413
175,136568,136568,0.005000000000000001,15.36172275543213,2.119634759426117,3.0020965099334718,10.239990997314454,0.033668923377990725,0.0008542537689208984,413
175,136668,136668,0.005000000000000001,15.316318607330322,2.011889362335205,2.8305016040802,10.473927688598632,0.04109222888946533,0.0010302305221557618,413
175,136768,136768,0.005000000000000001,15.7563627243042,1.6977413773536683,2.9763006210327148,11.082320499420167,0.04034743309020996,0.0009701728820800781,413
176,136950,136950,0.005000000000000001,15.600517082214356,1.8820241391658783,2.7663483142852785,10.952144622802734,0.0409583330154419,0.0010549068450927735,413
176,137050,137050,0.005000000000000001,15.736692237854005,1.7946303248405457,2.7708159923553466,11.171245956420899,0.04134187698364258,0.0013843536376953124,413
176,137150,137150,0.005000000000000001,15.006874561309814,1.5393291473388673,2.81605269908905,10.651492691040039,0.043318653106689455,0.0014493703842163087,413
176,137250,137250,0.005000000000000001,15.627976226806641,1.35845690369606,2.7908921957015993,11.478627109527588,0.04596014022827148,0.0015339374542236329,413
176,137350,137350,0.005000000000000001,15.993632602691651,1.570530319213867,2.930228281021118,11.492874050140381,0.04057354927062988,0.001080155372619629,413
176,137450,137450,0.005000000000000001,15.318902206420898,1.4981800734996795,2.707964539527893,11.112757778167724,0.043002748489379884,0.0012825965881347657,413
176,137550,137550,0.005000000000000001,16.128184700012206,1.9662779211997985,2.9331473827362062,11.22875919342041,0.04454119205474853,0.001262807846069336,413
177,137732,137732,0.005000000000000001,15.656187629699707,2.038295739889145,2.898102355003357,10.719789695739745,0.03788192272186279,0.0009179353713989258,413
177,137832,137832,0.005000000000000001,15.860095119476318,1.8702797591686249,2.8817775726318358,11.108037757873536,0.040694141387939455,0.0013691186904907227,413
177,137932,137932,0.005000000000000001,14.977564430236816,1.1725520551204682,2.911878561973572,10.893133735656738,0.05102298259735107,0.0014826297760009766,413
177,138032,138032,0.005000000000000001,15.48705530166626,1.588177239894867,2.808684802055359,11.090193367004394,0.043622922897338864,0.0014899253845214843,413
177,138132,138132,0.005000000000000001,15.653754806518554,1.6839067876338958,2.8268840312957764,11.142964267730713,0.04344336986541748,0.001276683807373047,413
177,138232,138232,0.005000000000000001,15.486700534820557,1.2696586012840272,2.725932550430298,11.491109371185303,0.04475557804107666,0.0011324644088745116,413
177,138332,138332,0.005000000000000001,15.525023269653321,1.5384130418300628,2.973260259628296,11.013350009918213,0.040445256233215335,0.0013137102127075196,413
178,138514,138514,0.005000000000000001,15.063223266601563,1.4559166491031648,2.6906954526901243,10.916611003875733,0.03460462093353271,0.0011473655700683593,413
178,138614,138614,0.005000000000000001,15.493119525909425,1.587652426958084,2.956252336502075,10.949214553833007,0.039840078353881835,0.0009221553802490235,413
178,138714,138714,0.005000000000000001,15.625073146820068,1.957026207447052,2.8827075481414797,10.785339260101319,0.04440131187438965,0.0022925138473510742,413
178,138814,138814,0.005000000000000001,15.66761302947998,1.846070784330368,3.0201278209686278,10.801414585113525,0.048333740234375,0.0015822887420654298,413
178,138914,138914,0.005000000000000001,15.344988059997558,1.4280263245105744,2.7314068555831907,11.18555498123169,0.04282193183898926,0.0013926506042480468,413
178,139014,139014,0.005000000000000001,14.508234691619872,1.4346905827522278,2.6800123929977415,10.393531608581544,0.04348089694976807,0.0010580778121948241,413
178,139114,139114,0.005000000000000001,15.43292303085327,2.164303517341614,3.024834394454956,10.243784999847412,0.041765141487121585,0.0010729789733886718,413
179,139296,139296,0.005000000000000001,15.348430252075195,1.731789630651474,2.9659311056137083,10.650709438323975,0.044628238677978514,0.001212310791015625,413
179,139396,139396,0.005000000000000001,15.618820095062256,1.6277380228042602,2.8712801694869996,11.1198016166687,0.040658068656921384,0.0009610414505004883,413
179,139496,139496,0.005000000000000001,15.233972835540772,1.7723166048526764,2.7577153205871583,10.703941059112548,0.0414386510848999,0.0015243291854858398,413
179,139596,139596,0.005000000000000001,15.228376960754394,2.0168495297431948,2.907617211341858,10.30391035079956,0.04107136726379394,0.0013378143310546875,413
179,139696,139696,0.005000000000000001,15.577896022796631,1.5709713041782378,2.8756641149520874,11.131260681152344,0.043897700309753415,0.0015744209289550782,413
179,139796,139796,0.005000000000000001,15.587972450256348,1.6946049571037292,2.884733533859253,11.008634090423584,0.047106170654296876,0.0019321203231811523,413
179,139896,139896,0.005000000000000001,16.571947193145753,1.834655648469925,2.9769760608673095,11.76031551361084,0.03697056770324707,0.0008827447891235352,413
180,140078,140078,0.005000000000000001,15.38037919998169,1.3717447638511657,2.8237656354904175,11.184868907928466,0.041123485565185545,0.0013348817825317382,413
180,140178,140178,0.005000000000000001,16.17661581039429,2.1648241579532623,3.160220170021057,10.851571559906006,0.04265615940093994,0.0011471271514892577,413
180,140278,140278,0.005000000000000001,15.692044544219971,1.8825663566589355,2.92226243019104,10.887215709686279,0.0406566858291626,0.0008873701095581055,413
180,140378,140378,0.005000000000000001,15.801903915405273,1.5371232807636261,2.825494980812073,11.43928565979004,0.04262776374816894,0.0012115955352783204,413
180,140478,140478,0.005000000000000001,14.88721809387207,1.3813730359077454,2.7502155542373656,10.755629539489746,0.04336602687835693,0.0016583919525146485,413
180,140578,140578,0.005000000000000001,15.99901990890503,1.667250245809555,2.951116442680359,11.38065309524536,0.042358016967773436,0.0012463569641113282,413
180,140678,140678,0.005000000000000001,15.538928413391114,1.7353494346141816,3.020250344276428,10.783328819274903,0.04009535312652588,0.00106964111328125,413
181,140860,140860,0.0005000000000000001,15.067352867126464,1.206117582321167,2.5227598905563355,11.338475513458253,0.04365973472595215,0.0013368606567382812,413
181,140960,140960,0.0005000000000000001,14.920748615264893,1.599066710472107,2.6442789316177366,10.677402782440186,0.03991591930389404,0.0010481834411621093,413
181,141060,141060,0.0005000000000000001,15.437432861328125,1.856362247467041,2.8244510173797606,10.756619453430176,0.04190070629119873,0.0010234832763671875,413
181,141160,141160,0.0005000000000000001,15.045120525360108,1.8606211841106415,2.7378496408462523,10.446649551391602,0.04562368392944336,0.0020216941833496095,413
181,141260,141260,0.0005000000000000001,15.62426691055298,1.3216292440891266,2.7251391649246215,11.577498817443848,0.04647021293640137,0.0028464794158935547,413
181,141360,141360,0.0005000000000000001,15.492411231994629,1.6869062960147858,2.670731472969055,11.134773445129394,0.043042325973510744,0.0018299341201782227,413
181,141460,141460,0.0005000000000000001,15.470516681671143,1.5929641246795654,2.747829532623291,11.12972297668457,0.04472191333770752,0.0012645721435546875,413
182,141642,141642,0.0005000000000000001,15.756338119506836,1.9205788791179657,2.779142737388611,11.056616592407227,0.04200899600982666,0.001109004020690918,413
182,141742,141742,0.0005000000000000001,15.36000165939331,1.943863719701767,2.635230016708374,10.780907917022706,0.044336676597595215,0.0011657476425170898,413
182,141842,141842,0.0005000000000000001,15.313306331634521,1.4053554117679596,2.7191821813583372,11.188768768310547,0.05574235916137695,0.000993824005126953,413
182,141942,141942,0.0005000000000000001,15.373328685760498,1.304225891828537,2.514305329322815,11.554797554016114,0.047438836097717284,0.0014628171920776367,413
182,142042,142042,0.0005000000000000001,14.52695541381836,1.4472623109817504,2.52006459236145,10.559628582000732,0.04167482852935791,0.0009705066680908203,413
182,142142,142142,0.0005000000000000001,14.966170978546142,1.1076428055763246,2.4362040996551513,11.422324275970459,0.04219861030578613,0.0011764287948608399,413
182,142242,142242,0.0005000000000000001,15.539862537384034,1.9374437987804414,2.754717969894409,10.847700500488282,0.03547310829162598,0.001513195037841797,413
183,142424,142424,0.0005000000000000001,15.377336120605468,1.7379291892051696,2.6086825847625734,11.030724334716798,0.03745284080505371,0.0013573169708251953,413
183,142524,142524,0.0005000000000000001,15.80783805847168,1.5169812202453614,2.6257834672927856,11.66507339477539,0.0427034854888916,0.0011871814727783202,413
183,142624,142624,0.0005000000000000001,15.022531223297118,1.7290132641792297,2.636838746070862,10.656679153442383,0.04215760231018066,0.0013040542602539063,413
183,142724,142724,0.0005000000000000001,15.199753093719483,1.3960482239723206,2.5368461847305297,11.266858673095703,0.03957884311676026,0.001055598258972168,413
183,142824,142824,0.0005000000000000001,14.551565265655517,1.478212022781372,2.536429595947266,10.536923694610596,0.04187793731689453,0.001180577278137207,413
183,142924,142924,0.0005000000000000001,15.039102840423585,1.0388809323310852,2.540528416633606,11.45969362258911,0.044108247756958006,0.0011941909790039063,413
183,143024,143024,0.0005000000000000001,15.040910720825195,1.6146299481391906,2.519409441947937,10.906871318817139,0.041051268577575684,0.0010565757751464845,413
184,143206,143206,0.0005000000000000001,14.701558494567871,2.05158548951149,2.616137409210205,10.033835411071777,0.040193033218383786,0.0011985301971435547,413
184,143306,143306,0.0005000000000000001,14.969774341583252,1.6371025621891022,2.5139414787292482,10.818730211257934,0.040249204635620116,0.0010758638381958008,413
184,143406,143406,0.0005000000000000001,15.174853706359864,1.894063365459442,2.654566836357117,10.62622365951538,0.04051368236541748,0.0010264158248901368,413
184,143506,143506,0.0005000000000000001,15.371642971038819,1.919524121284485,2.5818668603897095,10.870251941680909,0.04157710075378418,0.0011782169342041016,413
184,143606,143606,0.0005000000000000001,15.074365711212158,1.4884572684764863,2.53477144241333,11.051136875152588,0.041553187370300296,0.0009253263473510742,413
184,143706,143706,0.0005000000000000001,14.901554012298584,1.9093084156513214,2.5346413373947145,10.457604312896729,0.037299084663391116,0.0010924816131591796,413
184,143806,143806,0.0005000000000000001,15.092164707183837,2.1424656569957734,2.559344983100891,10.39035415649414,0.03300759792327881,0.0008225440979003906,413
185,143988,143988,0.0005000000000000001,15.886095333099366,1.8902128875255584,2.726464366912842,11.269418048858643,0.059229373931884766,0.0009866476058959961,413
185,144088,144088,0.0005000000000000001,15.12870225906372,2.014429044723511,2.6674231052398683,10.44685001373291,0.04098236560821533,0.0009512186050415039,413
185,144188,144188,0.0005000000000000001,15.52913303375244,1.4368717551231385,2.572006583213806,11.520254802703857,0.04254999160766602,0.0010036706924438476,413
185,144288,144288,0.0005000000000000001,15.127030849456787,1.2353955864906312,2.402511239051819,11.48912410736084,0.058625316619873045,0.0012030839920043946,413
185,144388,144388,0.0005000000000000001,15.135322856903077,1.5546579301357268,2.45187668800354,11.128788185119628,0.04150383472442627,0.0011014461517333985,413
185,144488,144488,0.0005000000000000001,15.04263515472412,1.4421708106994628,2.5716629028320312,11.028801441192627,0.039935731887817384,0.001061868667602539,413
185,144588,144588,0.0005000000000000001,15.278092098236083,1.4329806983470916,2.5871005058288574,11.258010768890381,0.04229419231414795,0.0011362075805664063,413
186,144770,144770,0.0005000000000000001,14.57899522781372,1.2646633207798004,2.5327422618865967,10.781589603424072,0.041658973693847655,0.0010733604431152344,413
186,144870,144870,0.0005000000000000001,15.946660041809082,2.049776190519333,2.6758121490478515,11.22107162475586,0.04161858558654785,0.0011262178421020507,413
186,144970,144970,0.0005000000000000001,15.124582481384277,1.2941264986991883,2.575085186958313,11.255370807647704,0.0447425127029419,0.0011096715927124024,413
186,145070,145070,0.0005000000000000001,14.786982917785645,1.4875607132911681,2.565568208694458,10.733854007720947,0.040068316459655764,0.0011191844940185546,413
186,145170,145170,0.0005000000000000001,15.346441841125488,1.7628150045871736,2.6272209882736206,10.956405639648438,0.047116541862487794,0.0021645307540893556,413
186,145270,145270,0.0005000000000000001,15.84411334991455,1.7497337639331818,2.5470183372497557,11.547361278533936,0.04179511070251465,0.0014506816864013673,413
186,145370,145370,0.0005000000000000001,14.877746200561523,1.61693235039711,2.5162446975708006,10.744569110870362,0.04583151340484619,0.0013130426406860352,413
187,145552,145552,0.0005000000000000001,15.510877132415771,1.6843022584915162,2.5775622367858886,11.249012565612793,0.04386096000671387,0.0012554407119750976,413
187,145652,145652,0.0005000000000000001,14.486590671539307,0.9357674658298493,2.391107749938965,11.159715461730958,0.044841980934143065,0.002043271064758301,413
187,145752,145752,0.0005000000000000001,15.188250064849854,1.6481089890003204,2.505647325515747,11.03449363708496,0.04460387229919434,0.0019742250442504883,413
187,145852,145852,0.0005000000000000001,15.29262866973877,1.8272200405597687,2.7285919904708864,10.736816596984863,0.03378636837005615,0.001218104362487793,413
187,145952,145952,0.0005000000000000001,15.385821914672851,2.4127766132354735,2.661608934402466,10.311436367034911,0.042928886413574216,0.0012230157852172851,413
187,146052,146052,0.0005000000000000001,15.44942684173584,1.927010977268219,2.6812910556793215,10.841124629974365,0.043665957450866696,0.0015814781188964843,413
187,146152,146152,0.0005000000000000001,15.443857097625733,1.2058608293533326,2.412558841705322,11.825437450408936,0.03886544704437256,0.0014457464218139648,413
188,146334,146334,0.0005000000000000001,14.955127239227295,1.5824639976024628,2.5482538819313048,10.82440938949585,0.03068664073944092,0.0009321451187133789,413
188,146434,146434,0.0005000000000000001,15.132143211364745,1.559788131713867,2.5772062301635743,10.995148944854737,0.046538257598876955,0.002251124382019043,413
188,146534,146534,0.0005000000000000001,14.962162303924561,1.2227075576782227,2.5584742069244384,11.180980396270751,0.0377124547958374,0.0025753021240234376,413
188,146634,146634,0.0005000000000000001,14.85686616897583,1.527091145515442,2.5594939947128297,10.770280742645264,0.03680155277252197,0.001461625099182129,413
188,146734,146734,0.0005000000000000001,16.02988471984863,1.7905562579631806,2.546721935272217,11.692606544494629,0.043337345123291016,0.002100205421447754,413
188,146834,146834,0.0005000000000000001,15.139054203033448,1.4571201026439666,2.6799432039260864,11.00199089050293,0.03508758544921875,0.0009610891342163086,413
188,146934,146934,0.0005000000000000001,15.395619010925293,2.0284679651260378,2.6254546642303467,10.741696453094482,0.06477878093719483,0.0022401332855224608,413
189,147116,147116,0.0005000000000000001,14.530897617340088,1.2566350638866424,2.5117640614509584,10.762498569488525,0.04331636428833008,0.0015827417373657227,413
189,147216,147216,0.0005000000000000001,14.88271780014038,1.2792653679847716,2.634432315826416,10.969020080566406,0.041038107872009275,0.0008964776992797851,413
189,147316,147316,0.0005000000000000001,15.428408241271972,1.490910106897354,2.5095333576202394,11.427964878082275,0.042324614524841306,0.000968480110168457,413
189,147416,147416,0.0005000000000000001,15.343917846679688,1.5689526826143265,2.463621211051941,11.311344051361084,0.04209830760955811,0.0011744737625122071,413
189,147516,147516,0.0005000000000000001,15.047621250152588,1.435446959733963,2.5909085273742676,11.021265888214112,0.03841822147369385,0.0010049581527709962,413
189,147616,147616,0.0005000000000000001,15.332752990722657,1.8839739561080933,2.5712148666381838,10.87756414413452,0.043310904502868654,0.001790165901184082,413
189,147716,147716,0.0005000000000000001,14.554453563690185,1.1626088559627532,2.530785059928894,10.861059665679932,0.0426062822341919,0.0012247085571289063,413
190,147898,147898,0.0005000000000000001,14.804760551452636,1.803991425037384,2.5871729135513304,10.413596248626709,0.041037678718566895,0.001252603530883789,413
190,147998,147998,0.0005000000000000001,14.896140003204346,1.5078745007514953,2.4864474654197695,10.901817989349365,0.04268512725830078,0.0012351751327514648,413
190,148098,148098,0.0005000000000000001,15.923050117492675,1.968925654888153,2.637515926361084,11.31660852432251,0.03949217796325684,0.0007960319519042969,413
190,148198,148198,0.0005000000000000001,15.55646505355835,1.5986661076545716,2.5853458404541017,11.372453117370606,0.04462273120880127,0.001396036148071289,413
190,148298,148298,0.0005000000000000001,15.50684633255005,2.0520498871803285,2.5990803241729736,10.855716133117676,0.04512641429901123,0.0013422727584838866,413
190,148398,148398,0.0005000000000000001,15.451488399505616,1.8139650762081145,2.59587140083313,11.041652011871339,0.042601275444030764,0.0012743234634399413,413
190,148498,148498,0.0005000000000000001,15.359939193725586,1.6754185676574707,2.554491424560547,11.130029201507568,0.04440960884094238,0.001166391372680664,413
191,148680,148680,0.0005000000000000001,15.233093547821046,1.6503686606884003,2.513979196548462,11.068745803833007,0.03992328643798828,0.0010647773742675781,413
191,148780,148780,0.0005000000000000001,14.772788429260254,1.3512271165847778,2.3982436537742613,11.023317623138428,0.043949341773986815,0.0017046213150024414,413
191,148880,148880,0.0005000000000000001,15.120063304901123,1.7777396738529205,2.6548934459686278,10.68743019104004,0.043634772300720215,0.001892256736755371,413
191,148980,148980,0.0005000000000000001,15.457246780395508,1.7228681802749635,2.580390787124634,11.153987693786622,0.042203426361083984,0.0010491132736206055,413
191,149080,149080,0.0005000000000000001,15.400958251953124,1.4513970196247101,2.4982422828674316,11.45131893157959,0.04647693634033203,0.002071666717529297,413
191,149180,149180,0.0005000000000000001,15.101794910430907,1.7892798334360123,2.570500648021698,10.74201421737671,0.04679152965545654,0.0014329671859741211,413
191,149280,149280,0.0005000000000000001,14.963422584533692,1.5581792056560517,2.452837061882019,10.952406311035157,0.04276738166809082,0.0019531488418579102,413
192,149462,149462,0.0005000000000000001,14.792382049560548,1.3071213066577911,2.514922630786896,10.970337867736816,0.04432480335235596,0.001245594024658203,413
192,149562,149562,0.0005000000000000001,14.779108142852783,0.978377741575241,2.3160432100296022,11.484687328338623,0.04566316604614258,0.0013685226440429688,413
192,149662,149662,0.0005000000000000001,15.240384197235107,2.083274447917938,2.71938271522522,10.437726879119873,0.0451967716217041,0.0014044761657714844,413
192,149762,149762,0.0005000000000000001,15.190076923370361,1.6238093614578246,2.4274689197540282,11.13879852294922,0.04069721698760986,0.0012500762939453125,413
192,149862,149862,0.0005000000000000001,14.894330787658692,1.372987562417984,2.49329696893692,11.028046321868896,0.04721133708953858,0.000909733772277832,413
192,149962,149962,0.0005000000000000001,14.096479320526123,1.4785791039466858,2.478365969657898,10.139534378051758,0.044167494773864745,0.0013161897659301758,413
192,150062,150062,0.0005000000000000001,15.432133960723878,1.6515338003635407,2.6217899322509766,11.15881052017212,0.045774316787719725,0.0012963771820068359,413
193,150244,150244,0.0005000000000000001,14.573091220855712,1.1863826394081116,2.471032428741455,10.91567621231079,0.04136424064636231,0.0018661737442016602,413
193,150344,150344,0.0005000000000000001,15.452706432342529,1.9062898337841034,2.5306207656860353,11.015795993804932,0.04374377727508545,0.0014163970947265625,413
193,150444,150444,0.0005000000000000001,15.619531059265137,1.4090691268444062,2.4504892349243166,11.759972858428956,0.0439680814743042,0.0020490169525146486,413
193,150544,150544,0.0005000000000000001,14.158354091644288,1.269392156600952,2.3747591018676757,10.514202690124511,0.04742124080657959,0.0025417327880859373,413
193,150644,150644,0.0005000000000000001,14.369956779479981,1.3380288481712341,2.351656997203827,10.680270957946778,0.04056072235107422,0.0009190320968627929,413
193,150744,150744,0.0005000000000000001,15.288154411315919,1.435745519399643,2.4428399443626403,11.409568977355956,0.03721587657928467,0.0009272575378417968,413
193,150844,150844,0.0005000000000000001,15.280942630767822,1.419368252158165,2.4788651943206785,11.382709503173828,0.040337657928466795,0.0014374256134033203,413
194,151026,151026,0.0005000000000000001,14.960548686981202,1.0723032891750335,2.4466322660446167,11.441613006591798,0.044319868087768555,0.001719498634338379,413
194,151126,151126,0.0005000000000000001,14.844251728057861,1.817312341928482,2.608865237236023,10.418074035644532,0.046633219718933104,0.001909780502319336,413
194,151226,151226,0.0005000000000000001,14.985023784637452,1.548064661026001,2.5211321353912353,10.915826797485352,0.04603264331817627,0.001514101028442383,413
194,151326,151326,0.0005000000000000001,14.642945289611816,1.0499426424503326,2.348000979423523,11.245001697540284,0.04367537498474121,0.0013534069061279298,413
194,151426,151426,0.0005000000000000001,15.374048137664795,1.74696284532547,2.518769884109497,11.108315467834473,0.0466118335723877,0.0014009952545166015,413
194,151526,151526,0.0005000000000000001,15.171032428741455,1.8874330163002013,2.6432745933532713,10.640324878692628,0.055184435844421384,0.0010049819946289062,413
194,151626,151626,0.0005000000000000001,15.144167518615722,1.2843958199024201,2.417063665390015,11.44270830154419,0.04423768520355224,0.0015403509140014648,413
195,151808,151808,0.0005000000000000001,15.031606578826905,1.592804604768753,2.5334808111190794,10.905320978164672,0.04594728946685791,0.002113795280456543,413
195,151908,151908,0.0005000000000000001,15.511673736572266,1.9269948959350587,2.7461820602416993,10.838496780395507,0.04457497596740723,0.0021513938903808595,413
195,152008,152008,0.0005000000000000001,14.931477260589599,1.9516262352466582,2.5872817039489746,10.392569446563721,0.06978788375854492,0.002126169204711914,413
195,152108,152108,0.0005000000000000001,15.389705371856689,1.5139463424682618,2.4692105054855347,11.406548500061035,0.04778335094451904,0.0026157140731811524,413
195,152208,152208,0.0005000000000000001,14.657674884796142,1.1548590749502181,2.4319552898406984,11.070860576629638,0.04439303874969482,0.0014514446258544922,413
195,152308,152308,0.0005000000000000001,15.127278804779053,1.452432096004486,2.4280912041664124,11.246755695343017,0.04547164440155029,0.0014579296112060547,413
195,152408,152408,0.0005000000000000001,14.615916347503662,1.1771673381328582,2.5325175762176513,10.906231498718261,0.04541592597961426,0.0016007423400878906,413
196,152590,152590,0.0005000000000000001,15.000506973266601,1.1140201032161712,2.427270793914795,11.459215927124024,0.043111658096313475,0.0011149406433105468,413
196,152690,152690,0.0005000000000000001,14.845150756835938,1.6018083930015563,2.4790778756141663,10.764264678955078,0.04072670936584473,0.0010703563690185546,413
196,152790,152790,0.0005000000000000001,15.34031925201416,1.715368890762329,2.5337789058685303,11.0911714553833,0.034894251823425294,0.001345515251159668,413
196,152890,152890,0.0005000000000000001,14.966103553771973,1.5063137531280517,2.5993756294250487,10.860414218902587,0.029734587669372557,0.0008654594421386719,413
196,152990,152990,0.0005000000000000001,15.332241630554199,1.395458310842514,2.480953884124756,11.455829524993897,0.042102932929992676,0.0016531705856323241,413
196,153090,153090,0.0005000000000000001,14.95939016342163,1.5486373841762542,2.5638312339782714,10.846921634674072,0.04101572036743164,0.0010916948318481444,413
196,153190,153190,0.0005000000000000001,14.929985427856446,1.7852474272251129,2.5716531038284303,10.573084926605224,0.03779637813568115,0.0010124921798706054,413
197,153372,153372,0.0005000000000000001,15.236409759521484,1.5073514223098754,2.4141720056533815,11.314886379241944,0.042700672149658205,0.0013116121292114258,413
197,153472,153472,0.0005000000000000001,14.935751056671142,1.322817760705948,2.477825164794922,11.135108089447021,0.04174420833587646,0.0010299205780029297,413
197,153572,153572,0.0005000000000000001,14.826621723175048,1.295941710472107,2.359525465965271,11.171154308319093,0.041760373115539554,0.0012650012969970704,413
197,153672,153672,0.0005000000000000001,14.853552532196044,1.5491448521614075,2.5321817636489867,10.772225952148437,0.0393296480178833,0.0021436214447021484,413
197,153772,153772,0.0005000000000000001,15.461358261108398,1.6096228897571563,2.5253729581832887,11.326362323760986,0.042120623588562014,0.0011280059814453125,413
197,153872,153872,0.0005000000000000001,15.540567111968993,1.825936508178711,2.6694101810455324,11.04522066116333,0.04009177684783936,0.0020137786865234374,413
197,153972,153972,0.0005000000000000001,15.669723415374756,1.4607353806495667,2.438838982582092,11.770149230957031,0.04281003475189209,0.0011995315551757812,413
198,154154,154154,0.0005000000000000001,15.262324047088622,1.258481365442276,2.4416685819625856,11.56217393875122,0.042216706275939944,0.001095128059387207,413
198,154254,154254,0.0005000000000000001,14.825004386901856,1.4832486152648925,2.478858697414398,10.86289710998535,0.04256620407104492,0.0012027502059936523,413
198,154354,154354,0.0005000000000000001,15.477320289611816,1.552127856016159,2.426808500289917,11.498383903503418,0.036514878273010254,0.0009814023971557618,413
198,154454,154454,0.0005000000000000001,15.387638759613036,1.581769335269928,2.55611834526062,11.249750995635987,0.039469790458679196,0.0013597965240478515,413
198,154554,154554,0.0005000000000000001,14.971945858001709,1.4520609557628632,2.5686731576919555,10.951211643218993,0.043015027046203615,0.0013512849807739257,413
198,154654,154654,0.0005000000000000001,15.911741638183594,2.1398709952831267,2.7409059405326843,11.030965042114257,0.042894816398620604,0.0022861719131469726,413
198,154754,154754,0.0005000000000000001,15.491855812072753,1.8106092989444733,2.5274996995925902,11.153746700286865,0.042492127418518065,0.0013126611709594726,413
199,154936,154936,0.0005000000000000001,14.84979829788208,1.775742495059967,2.461551916599274,10.612504005432129,0.041362547874450685,0.001225423812866211,413
199,155036,155036,0.0005000000000000001,15.010868549346924,2.054404580593109,2.5923537015914917,10.364110279083253,0.04348123073577881,0.0015706300735473632,413
199,155136,155136,0.0005000000000000001,15.416730308532715,1.8364566147327424,2.502541661262512,11.07773208618164,0.032942461967468264,0.0009370565414428711,413
199,155236,155236,0.0005000000000000001,14.864964485168457,1.7797937214374542,2.4827391147613525,10.602431964874267,0.04608807563781738,0.0013625621795654297,413
199,155336,155336,0.0005000000000000001,15.540613746643066,1.4776159942150116,2.439490032196045,11.623507690429687,0.04025752544403076,0.0010324716567993164,413
199,155436,155436,0.0005000000000000001,15.208630752563476,1.7641815841197968,2.566144812107086,10.878304290771485,0.040558457374572754,0.002006077766418457,413
199,155536,155536,0.0005000000000000001,15.106333827972412,1.9050794541835785,2.7387317180633546,10.462522506713867,0.044922828674316406,0.0013776063919067384,413
200,155718,155718,0.0005000000000000001,14.681896018981934,1.433242291212082,2.4227339029312134,10.825919818878173,0.04508352279663086,0.002410578727722168,413
200,155818,155818,0.0005000000000000001,14.487017345428466,1.811547714471817,2.5170426607131957,10.15842695236206,0.039830708503723146,0.0019002199172973634,413
200,155918,155918,0.0005000000000000001,14.971321105957031,1.6488282084465027,2.3977355003356933,10.924757289886475,0.07044041156768799,0.0015202760696411133,413
200,156018,156018,0.0005000000000000001,14.580974769592284,1.415438163280487,2.4845253467559814,10.68101100921631,0.04650626182556152,0.0021880149841308595,413
200,156118,156118,0.0005000000000000001,14.932756900787354,2.328686249256134,2.6707870244979857,9.933283615112305,0.043072867393493655,0.0014273405075073242,413
200,156218,156218,0.0005000000000000001,15.103823375701904,1.198426330089569,2.370567286014557,11.534829998016358,0.0676912784576416,0.002698349952697754,413
200,156318,156318,0.0005000000000000001,15.059815216064454,1.6010315060615539,2.493673551082611,10.96511001586914,0.044564223289489745,0.0014239072799682618,413
201,156500,156500,0.0005000000000000001,15.337844944000244,1.6080939710140227,2.5398550271987914,11.189895915985108,0.04309425354003906,0.0023779869079589844,413
201,156600,156600,0.0005000000000000001,15.054717063903809,1.548539251089096,2.4558388233184814,11.050339126586914,0.03792238235473633,0.0011440277099609374,413
201,156700,156700,0.0005000000000000001,14.94770679473877,1.877403301000595,2.540513849258423,10.529789638519286,0.04145867824554443,0.0010342359542846679,413
201,156800,156800,0.0005000000000000001,14.72222900390625,1.7786517441272736,2.7609939336776734,10.182583332061768,0.03769533634185791,0.0014349460601806641,413
201,156900,156900,0.0005000000000000001,15.315670204162597,1.5672046303749085,2.436598014831543,11.311867713928223,0.04565746784210205,0.0014920949935913086,413
201,157000,157000,0.0005000000000000001,14.994595909118653,1.6211331367492676,2.6061093330383303,10.767353534698486,0.044293212890625,0.00207977294921875,413
201,157100,157100,0.0005000000000000001,15.465720462799073,1.7898635029792787,2.6877238512039185,10.98813304901123,0.05193328857421875,0.0015029430389404297,413
202,157282,157282,0.0005000000000000001,15.11703119277954,1.7302062213420868,2.496553587913513,10.890271377563476,0.045272326469421385,0.002128005027770996,413
202,157382,157382,0.0005000000000000001,15.143031978607178,1.7340367972850799,2.4264113187789915,10.982583999633789,0.043896031379699704,0.003249049186706543,413
202,157482,157482,0.0005000000000000001,14.724765014648437,1.1983691871166229,2.254338526725769,11.272057247161865,0.06374874114990234,0.0012186765670776367,413
202,157582,157582,0.0005000000000000001,14.61423854827881,1.5909371435642243,2.4239485263824463,10.599352836608887,0.04349524974822998,0.0017852783203125,413
202,157682,157682,0.0005000000000000001,14.817474174499512,1.8647168576717377,2.6239856004714968,10.328771686553955,0.04573051929473877,0.0019093990325927735,413
202,157782,157782,0.0005000000000000001,14.550818920135498,1.8076723873615266,2.5926995515823363,10.1504469871521,0.04396889209747314,0.0015186071395874023,413
202,157882,157882,0.0005000000000000001,15.362916851043702,1.2829432964324952,2.4576518535614014,11.622321701049804,0.04638075828552246,0.0015913724899291992,413
203,158064,158064,0.0005000000000000001,14.833770084381104,1.6928047120571137,2.423538017272949,10.717427349090576,0.034678101539611816,0.0009444713592529297,413
203,158164,158164,0.0005000000000000001,14.534772586822509,1.6079983770847321,2.489535093307495,10.437239074707032,0.035718536376953124,0.0014893531799316407,413
203,158264,158264,0.0005000000000000001,14.926450252532959,1.4697129487991334,2.3914791464805605,11.065258121490478,0.04000554084777832,0.0010119438171386718,413
203,158364,158364,0.0005000000000000001,14.555801582336425,1.421875774860382,2.526742625236511,10.607183074951172,0.032220077514648435,0.0007746934890747071,413
203,158464,158464,0.0005000000000000001,15.536898708343506,1.6798543095588685,2.5979418039321898,11.259102535247802,0.040236592292785645,0.0010070085525512695,413
203,158564,158564,0.0005000000000000001,15.337612915039063,1.857809454202652,2.469570541381836,11.010232925415039,0.04155499935150146,0.0010802268981933594,413
203,158664,158664,0.0005000000000000001,14.363677787780762,0.8849548280239106,2.4533859491348267,11.025336933135986,0.04121730327606201,0.0012429237365722656,413
204,158846,158846,0.0005000000000000001,14.648019504547118,1.567115581035614,2.420738661289215,10.660165214538575,0.04324140548706055,0.001631307601928711,413
204,158946,158946,0.0005000000000000001,15.335842418670655,1.368160855770111,2.5521742582321165,11.415507125854493,0.04066038131713867,0.0009759902954101562,413
204,159046,159046,0.0005000000000000001,14.190616989135743,1.6921001195907592,2.554386281967163,9.944130420684814,0.041987133026123044,0.001540398597717285,413
204,159146,159146,0.0005000000000000001,14.671348571777344,1.2320262312889099,2.437788224220276,11.00153408050537,0.03901915550231934,0.0010138988494873048,413
204,159246,159246,0.0005000000000000001,14.906010150909424,1.85667884349823,2.5359332084655763,10.513398456573487,0.03915293216705322,0.0009160041809082031,413
204,159346,159346,0.0005000000000000001,15.29639720916748,1.7978313863277435,2.6169702291488646,10.881595420837403,0.03971352577209473,0.00099489688873291,413
204,159446,159446,0.0005000000000000001,15.258675670623779,1.7309855282306672,2.5685676097869874,10.959122657775879,0.042362427711486815,0.0009768247604370118,413
205,159628,159628,0.0005000000000000001,15.48193416595459,1.988850438594818,2.655276656150818,10.837806987762452,0.0416492223739624,0.0010467052459716796,413
205,159728,159728,0.0005000000000000001,14.735442924499512,1.3370534539222718,2.4237190008163454,10.974670505523681,0.04066200256347656,0.0010450124740600587,413
205,159828,159828,0.0005000000000000001,14.60349416732788,1.646585762500763,2.5361082315444947,10.420800018310548,0.04111144542694092,0.0016330957412719726,413
205,159928,159928,0.0005000000000000001,15.067426586151123,1.2545185685157776,2.4218809604644775,11.391026973724365,0.04321231842041016,0.0013100862503051757,413
205,160028,160028,0.0005000000000000001,15.064594268798828,1.4738048255443572,2.4756357192993166,11.115153789520264,0.032347702980041505,0.0008675336837768554,413
205,160128,160128,0.0005000000000000001,15.453983592987061,2.038566988706589,2.7478846311569214,10.667532157897949,0.037096834182739256,0.0009743928909301758,413
205,160228,160228,0.0005000000000000001,14.659077072143555,1.5474534034729004,2.5363898038864137,10.575233840942383,0.04222085475921631,0.0011298418045043944,413
206,160410,160410,0.0005000000000000001,14.845376300811768,1.8832987606525422,2.5879045486450196,10.374173164367676,0.04308252334594727,0.0011586904525756835,413
206,160510,160510,0.0005000000000000001,14.874451541900635,1.571974629163742,2.498425269126892,10.804051828384399,0.0306779146194458,0.0008187294006347656,413
206,160610,160610,0.0005000000000000001,14.77838430404663,1.6618447780609131,2.575279402732849,10.541260147094727,0.04034626483917236,0.0009796619415283203,413
206,160710,160710,0.0005000000000000001,15.03438606262207,1.7437086880207062,2.617878246307373,10.672799205780029,0.04380016326904297,0.0011022329330444337,413
206,160810,160810,0.0005000000000000001,15.257655239105224,1.3781504571437835,2.3975878953933716,11.481916999816894,0.03928289413452148,0.0015741586685180664,413
206,160910,160910,0.0005000000000000001,14.831105804443359,2.018402284383774,2.8054656028747558,10.007237815856934,0.054827547073364256,0.0011208057403564453,413
206,161010,161010,0.0005000000000000001,15.118032455444336,1.7316724896430968,2.4917041540145872,10.894655895233154,0.04059023857116699,0.0009404182434082031,413
207,161192,161192,0.0005000000000000001,15.501141548156738,1.5744922161102295,2.4502811431884766,11.476368045806884,0.03986494541168213,0.0009352684020996094,413
207,161292,161292,0.0005000000000000001,15.382107830047607,1.8934030890464784,2.5812392711639403,10.907465362548828,0.039804601669311525,0.0015275239944458007,413
207,161392,161392,0.0005000000000000001,15.095604610443115,1.3634562015533447,2.5611697912216185,11.170978355407716,0.05346713066101074,0.0011439323425292969,413
207,161492,161492,0.0005000000000000001,15.005428218841553,1.7541957139968871,2.5812045335769653,10.670027828216552,0.03457355499267578,0.0007879495620727539,413
207,161592,161592,0.0005000000000000001,14.687450313568116,1.3006668865680695,2.4783523797988893,10.908430862426759,0.040240359306335446,0.0010191440582275391,413
207,161692,161692,0.0005000000000000001,14.625533294677734,1.7073645353317262,2.5087122201919554,10.409456157684327,0.03950393199920654,0.001096034049987793,413
207,161792,161792,0.0005000000000000001,15.834544563293457,1.746721762418747,2.688226556777954,11.399596405029296,0.041715407371521,0.0015285491943359375,413
208,161974,161974,0.0005000000000000001,15.06689977645874,1.669645720720291,2.4065277576446533,10.99072618484497,0.03954832553863526,0.0008591651916503906,413
208,162074,162074,0.0005000000000000001,15.786492443084716,2.057323783636093,2.6428259372711183,11.086342811584473,0.03933281898498535,0.0009545564651489257,413
208,162174,162174,0.0005000000000000001,14.28319787979126,0.8594349920749664,2.341792631149292,11.081970119476319,0.05072884559631348,0.0016928672790527343,413
208,162274,162274,0.0005000000000000001,15.599733638763428,1.8529916107654572,2.6684804439544676,11.078261661529542,0.04918117523193359,0.0016131639480590821,413
208,162374,162374,0.0005000000000000001,15.281772994995118,1.2566862881183625,2.4608227491378782,11.564263820648193,0.04133241176605225,0.0013520002365112304,413
208,162474,162474,0.0005000000000000001,15.247236824035644,2.0476743280887604,2.7105525016784666,10.48901014328003,0.0456632137298584,0.0014967918395996094,413
208,162574,162574,0.0005000000000000001,15.607079315185548,1.7476250767707824,2.440159225463867,11.419294929504394,0.0379319429397583,0.0009642362594604493,413
209,162756,162756,0.0005000000000000001,14.521740627288818,1.1922384440898894,2.473400831222534,10.856101417541504,0.03808870315551758,0.0009672880172729492,413
209,162856,162856,0.0005000000000000001,14.729292583465575,1.5223719716072082,2.4892727613449095,10.717648029327393,0.03520996570587158,0.0008774757385253906,413
209,162956,162956,0.0005000000000000001,15.313424777984618,1.5334091901779174,2.5160280227661134,11.263987636566162,0.039778614044189455,0.0011116743087768554,413
209,163056,163056,0.0005000000000000001,15.180183792114258,1.798960769176483,2.4941205739974976,10.887102603912354,0.042185282707214354,0.0011920452117919922,413
209,163156,163156,0.0005000000000000001,14.53937120437622,1.3016778469085692,2.39226348400116,10.845429992675781,0.039323616027832034,0.001473212242126465,413
209,163256,163256,0.0005000000000000001,14.557416915893555,1.4201364189386367,2.4713396310806273,10.665940761566162,0.06757938861846924,0.0015871047973632813,413
209,163356,163356,0.0005000000000000001,14.246953201293945,1.6727419257164002,2.4930428981781008,10.081168365478515,0.03863303661346436,0.0009840726852416992,413
210,163538,163538,0.0005000000000000001,13.871119022369385,1.2793247640132903,2.3430159449577332,10.248778152465821,0.042685198783874514,0.0010411262512207032,413
210,163638,163638,0.0005000000000000001,15.33050079345703,1.845110484957695,2.53552109003067,10.949869346618652,0.04189772605895996,0.000962376594543457,413
210,163738,163738,0.0005000000000000001,14.865316390991211,1.2423657178878784,2.3711156129837034,11.251835060119628,0.040297198295593264,0.001066446304321289,413
210,163838,163838,0.0005000000000000001,15.03428373336792,1.8809999525547028,2.6782684087753297,10.475015354156493,0.04334633350372315,0.0012004375457763672,413
210,163938,163938,0.0005000000000000001,14.552274703979492,1.0155242681503296,2.308024513721466,11.228726005554199,0.040974974632263184,0.0010468244552612304,413
210,164038,164038,0.0005000000000000001,14.865310001373292,1.3612982869148254,2.479201102256775,11.024810886383056,0.053815817832946776,0.0009737730026245118,413
210,164138,164138,0.0005000000000000001,15.666596698760987,1.719890570640564,2.444449305534363,11.502256870269775,0.03914475440979004,0.0010502099990844726,413
211,164320,164320,5.0000000000000016e-05,14.902839660644531,1.6122755527496337,2.472581458091736,10.81798267364502,0.039831686019897464,0.0010780572891235351,413
211,164420,164420,5.0000000000000016e-05,15.107634449005127,1.4401419043540955,2.532118892669678,11.135373592376709,0.04169588088989258,0.0011440038681030274,413
211,164520,164520,5.0000000000000016e-05,14.998651027679443,1.4967943251132965,2.4347660779953,11.067090797424317,0.0585742712020874,0.0015012979507446288,413
211,164620,164620,5.0000000000000016e-05,14.917596340179443,1.7792233228683472,2.513711166381836,10.624661827087403,0.03604707717895508,0.0013897418975830078,413
211,164720,164720,5.0000000000000016e-05,14.366182422637939,0.8318965941667557,2.210707974433899,11.323577880859375,0.03902082443237305,0.0015459060668945312,413
211,164820,164820,5.0000000000000016e-05,14.514213371276856,0.9661825060844421,2.3195505380630492,11.228480339050293,0.03945503234863281,0.0010857105255126954,413
211,164920,164920,5.0000000000000016e-05,15.101281452178956,1.6068343698978425,2.498669075965881,10.995777988433838,0.04154822826385498,0.0010292768478393556,413
212,165102,165102,5.0000000000000016e-05,14.724463081359863,1.208166593313217,2.414136028289795,11.102160453796387,0.04073975086212158,0.0011883020401000977,413
212,165202,165202,5.0000000000000016e-05,14.76000165939331,1.5521210372447967,2.483718252182007,10.724162292480468,0.03499982357025146,0.0009725570678710937,413
212,165302,165302,5.0000000000000016e-05,14.961079692840576,1.549621433019638,2.4687161326408384,10.942742156982423,0.04519243240356445,0.0021526098251342775,413
212,165402,165402,5.0000000000000016e-05,15.531295585632325,1.5912348747253418,2.415551745891571,11.524509143829345,0.04758298397064209,0.0015748500823974609,413
212,165502,165502,5.0000000000000016e-05,14.8756854057312,1.3009555459022522,2.3812641143798827,11.19346580505371,0.04351494312286377,0.0012917280197143554,413
212,165602,165602,5.0000000000000016e-05,15.154432392120361,1.4984518110752105,2.4352779388427734,11.220702648162842,0.04116909503936768,0.001414942741394043,413
212,165702,165702,5.0000000000000016e-05,14.422730255126954,1.4953544318675995,2.512245774269104,10.415130138397217,0.04728786945343018,0.0016533136367797852,413
213,165884,165884,5.0000000000000016e-05,15.205413055419921,1.6837022006511688,2.5101357460021974,11.01157522201538,0.04401061534881592,0.00262451171875,413
213,165984,165984,5.0000000000000016e-05,14.242102336883544,1.4566557675600051,2.318462920188904,10.466983556747437,0.04162616729736328,0.0012758970260620117,413
213,166084,166084,5.0000000000000016e-05,14.825231647491455,1.6904777228832244,2.5340074419975283,10.600746345520019,0.072560715675354,0.0016083002090454101,413
213,166184,166184,5.0000000000000016e-05,15.237290096282958,1.4959859311580659,2.460132622718811,11.281171798706055,0.04355325698852539,0.0013706207275390625,413
213,166284,166284,5.0000000000000016e-05,14.425456714630126,1.1457304179668426,2.32178053855896,10.957945728302002,0.04532914161682129,0.0014152288436889648,413
213,166384,166384,5.0000000000000016e-05,14.974194526672363,1.0288274109363555,2.3280884504318236,11.617278861999512,0.04345231056213379,0.0010503768920898438,413
213,166484,166484,5.0000000000000016e-05,15.761364841461182,1.5505433797836303,2.408096170425415,11.802725124359132,0.04252095222473144,0.001110243797302246,413
214,166666,166666,5.0000000000000016e-05,14.746746921539307,1.7030835151672363,2.4528170585632325,10.590846252441406,0.04490118026733399,0.0015752077102661132,413
214,166766,166766,5.0000000000000016e-05,14.812660408020019,1.699899023771286,2.406271207332611,10.70649013519287,0.03645114898681641,0.0010231971740722657,413
214,166866,166866,5.0000000000000016e-05,14.967827892303466,1.466295564174652,2.417422962188721,11.084109592437745,0.04606902599334717,0.002105402946472168,413
214,166966,166966,5.0000000000000016e-05,15.56126003265381,1.8221816539764404,2.5568564891815186,11.18222188949585,0.04720838069915771,0.00200347900390625,413
214,167066,167066,5.0000000000000016e-05,14.79565782546997,1.781303882598877,2.6149000406265257,10.399453830718993,0.04509263038635254,0.0021431684494018556,413
214,167166,167166,5.0000000000000016e-05,15.132125568389892,1.5837529480457306,2.442107820510864,11.106264972686768,0.046360182762146,0.002239489555358887,413
214,167266,167266,5.0000000000000016e-05,14.625985050201416,1.07151318192482,2.344817566871643,11.209654426574707,0.04190077781677246,0.0012172460556030273,413
215,167448,167448,5.0000000000000016e-05,15.560409641265869,1.974452841281891,2.5143563985824584,11.071600246429444,0.044969701766967775,0.0014389753341674805,413
215,167548,167548,5.0000000000000016e-05,14.835651206970216,1.4166841149330138,2.557900381088257,10.861066532135009,0.0448451042175293,0.003035163879394531,413
215,167648,167648,5.0000000000000016e-05,14.65551824569702,1.4286512911319733,2.414174127578735,10.812692737579345,0.04027273654937744,0.001112651824951172,413
215,167748,167748,5.0000000000000016e-05,14.8937481880188,1.7320073068141937,2.4945456981658936,10.667195320129395,0.045911216735839845,0.0020845651626586912,413
215,167848,167848,5.0000000000000016e-05,14.622657966613769,1.3255108714103698,2.2756845712661744,11.021462440490723,0.04419281482696533,0.0020451784133911134,413
215,167948,167948,5.0000000000000016e-05,15.683972549438476,1.599699902534485,2.390822720527649,11.693449783325196,0.044130373001098636,0.0013995170593261719,413
215,168048,168048,5.0000000000000016e-05,14.79901189804077,1.8362093806266784,2.5822707653045653,10.380531597137452,0.04429872035980224,0.0020004034042358397,413
216,168230,168230,5.0000000000000016e-05,14.733505153656006,1.5237935185432434,2.6534138441085817,10.556297779083252,0.046568655967712404,0.0014830827713012695,413
216,168330,168330,5.0000000000000016e-05,15.125523471832276,1.4615540564060212,2.3805218935012817,11.283447456359863,0.044108104705810544,0.0016043663024902343,413
216,168430,168430,5.0000000000000016e-05,15.160957622528077,1.490260237455368,2.426130199432373,11.24456720352173,0.04031782150268555,0.0010002613067626952,413
216,168530,168530,5.0000000000000016e-05,15.284434127807618,1.6305789053440094,2.4906071186065675,11.163248252868652,0.043345308303833006,0.001489400863647461,413
216,168630,168630,5.0000000000000016e-05,15.576016235351563,1.55529727935791,2.4133236169815064,11.607395267486572,0.043851590156555174,0.0011286973953247071,413
216,168730,168730,5.0000000000000016e-05,14.646196842193604,1.301857876777649,2.4575491428375242,10.886789798736572,0.04638760089874268,0.0013449907302856446,413
216,168830,168830,5.0000000000000016e-05,14.917953968048096,1.2208091229200364,2.3800573348999023,11.317087554931641,0.04677424430847168,0.0024722814559936523,413
217,169012,169012,5.0000000000000016e-05,15.09302635192871,1.1412612557411195,2.4118155956268312,11.539949512481689,0.04589908123016358,0.001486063003540039,413
217,169112,169112,5.0000000000000016e-05,14.956511306762696,1.291563907265663,2.385374677181244,11.279572772979737,0.04370648860931396,0.0029007911682128905,413
217,169212,169212,5.0000000000000016e-05,14.644987964630127,1.5917736113071441,2.4735949754714968,10.57961950302124,0.045336556434631345,0.002088117599487305,413
217,169312,169312,5.0000000000000016e-05,14.799837589263916,1.4118521809577942,2.458691895008087,10.92929368019104,0.03409121036529541,0.0012564897537231446,413
217,169412,169412,5.0000000000000016e-05,15.648359966278075,1.2690949320793152,2.3379676222801207,12.041297340393067,0.04561772346496582,0.0016542196273803711,413
217,169512,169512,5.0000000000000016e-05,14.512159633636475,1.7844457983970643,2.4160850763320925,10.311628723144532,0.04137487411499023,0.0014675140380859375,413
217,169612,169612,5.0000000000000016e-05,15.069149589538574,0.9708877980709076,2.277088224887848,11.821173286437988,0.039092183113098145,0.0020583391189575194,413
218,169794,169794,5.0000000000000016e-05,14.837588596343995,1.9233796536922454,2.5721503257751466,10.342058753967285,0.04312598705291748,0.001725172996520996,413
218,169894,169894,5.0000000000000016e-05,14.790130615234375,1.3923553645610809,2.413808059692383,10.983967399597168,0.04436466693878174,0.0016643762588500976,413
218,169994,169994,5.0000000000000016e-05,15.254549407958985,1.5498693823814391,2.447775435447693,11.25690450668335,0.04525678157806397,0.0016568422317504883,413
218,170094,170094,5.0000000000000016e-05,14.179930305480957,1.1696522891521455,2.4050681829452514,10.605209827423096,0.04257950782775879,0.0021291494369506834,413
218,170194,170194,5.0000000000000016e-05,14.290066909790038,1.563926923274994,2.4380699157714845,10.288070106506348,0.04229915142059326,0.0021642446517944336,413
218,170294,170294,5.0000000000000016e-05,14.864335632324218,1.6557952880859375,2.450975489616394,10.757564640045166,0.044989919662475585,0.0014331579208374024,413
218,170394,170394,5.0000000000000016e-05,14.967245388031007,1.9495556831359864,2.518103337287903,10.49958610534668,0.04380862712860108,0.00156707763671875,413
219,170576,170576,5.0000000000000016e-05,14.646059799194337,1.5469711184501649,2.437698721885681,10.661390018463134,0.046906900405883786,0.002183818817138672,413
219,170676,170676,5.0000000000000016e-05,14.934102153778076,0.9984483242034912,2.275920557975769,11.659733104705811,0.04429261684417725,0.001394796371459961,413
219,170776,170776,5.0000000000000016e-05,15.194742679595947,1.4929859399795533,2.330499362945557,11.371257305145264,0.07471015453338622,0.0015594244003295898,413
219,170876,170876,5.0000000000000016e-05,14.496707725524903,1.3581003159284593,2.349321150779724,10.78928632736206,0.0467146635055542,0.0014954566955566405,413
219,170976,170976,5.0000000000000016e-05,14.831161880493164,1.5776925027370452,2.3885209918022157,10.864948558807374,0.058178377151489255,0.002322220802307129,413
219,171076,171076,5.0000000000000016e-05,15.078328132629395,1.82081538438797,2.495565950870514,10.761946773529052,0.04934403896331787,0.0017711162567138673,413
219,171176,171176,5.0000000000000016e-05,14.60562629699707,1.4623977601528169,2.533373308181763,10.60985507965088,0.03688380718231201,0.0010945320129394532,413
220,171358,171358,5.0000000000000016e-05,15.331863975524902,1.86339191198349,2.553368639945984,10.91510362625122,0.04190549850463867,0.0012455224990844727,413
220,171458,171458,5.0000000000000016e-05,15.103042507171631,1.8452367544174195,2.429356908798218,10.828448677062989,0.043839216232299805,0.0012206315994262695,413
220,171558,171558,5.0000000000000016e-05,14.860161113739014,1.2798397898674012,2.410827624797821,11.169493675231934,0.06881215572357177,0.0018126487731933594,413
220,171658,171658,5.0000000000000016e-05,15.601698112487792,2.106198859214783,2.6179770946502687,10.877522087097168,0.04545516967773437,0.002507948875427246,413
220,171758,171758,5.0000000000000016e-05,15.371606063842773,1.5685810565948486,2.503528106212616,11.299496746063232,0.04405796527862549,0.0016470909118652343,413
220,171858,171858,5.0000000000000016e-05,15.280952072143554,1.4087768971920014,2.4858078002929687,11.386367225646973,0.04517817497253418,0.002805018424987793,413
220,171958,171958,5.0000000000000016e-05,15.237303447723388,1.7281761825084687,2.56090362071991,10.948223876953126,0.044123721122741696,0.0020056724548339843,413
221,172140,172140,5.0000000000000016e-05,14.839812088012696,1.7015646636486053,2.4455249428749086,10.692722511291503,0.04485456943511963,0.002603459358215332,413
221,172240,172240,5.0000000000000016e-05,15.021220588684082,1.8688364326953888,2.6695927381515503,10.482791519165039,0.043544769287109375,0.00132904052734375,413
221,172340,172340,5.0000000000000016e-05,14.015250110626221,1.3457482278347015,2.3543285846710207,10.315173244476318,0.06065921783447266,0.0011214733123779297,413
221,172440,172440,5.0000000000000016e-05,15.45513458251953,1.3050152957439423,2.4216631174087526,11.728456020355225,0.044319772720336915,0.0014877080917358398,413
221,172540,172540,5.0000000000000016e-05,14.922382831573486,1.6582220256328584,2.4550503492355347,10.80911045074463,0.045545196533203124,0.002451181411743164,413
221,172640,172640,5.0000000000000016e-05,14.434128570556641,1.3645975112915039,2.448726201057434,10.620804834365845,0.04323253631591797,0.0016797304153442383,413
221,172740,172740,5.0000000000000016e-05,15.250431060791016,1.6659813463687896,2.5605714559555053,11.023878288269042,0.042769765853881835,0.0018282890319824218,413
222,172922,172922,5.0000000000000016e-05,15.028139305114745,1.6074801623821258,2.542098879814148,10.878560256958007,0.04360198974609375,0.0020885705947875977,413
222,173022,173022,5.0000000000000016e-05,14.99500904083252,1.5980803787708282,2.4009296178817747,10.995999145507813,0.046398258209228514,0.002544879913330078,413
222,173122,173122,5.0000000000000016e-05,14.606599140167237,1.337251651287079,2.4930583953857424,10.776289224624634,0.05596742630004883,0.0011164426803588867,413
222,173222,173222,5.0000000000000016e-05,15.238525676727296,1.4862845599651338,2.500804090499878,11.251436996459962,0.042356324195861814,0.0017904043197631836,413
222,173322,173322,5.0000000000000016e-05,14.494769763946532,1.1949016273021698,2.3252068400382995,10.974661254882813,0.045170950889587405,0.0016450166702270507,413
222,173422,173422,5.0000000000000016e-05,15.318920803070068,1.743590658903122,2.5542681932449343,11.021062088012695,0.046770262718200686,0.001495671272277832,413
222,173522,173522,5.0000000000000016e-05,14.599150657653809,1.5291633665561677,2.3976560473442077,10.672331237792969,0.04165446758270264,0.0014513731002807617,413
223,173704,173704,5.0000000000000016e-05,14.782976055145264,1.3183223903179169,2.2780751943588258,11.186578559875489,0.05413599014282226,0.0017454385757446288,413
223,173804,173804,5.0000000000000016e-05,15.116927337646484,1.0965713083744049,2.3856051921844483,11.634751033782958,0.04538891315460205,0.001431441307067871,413
223,173904,173904,5.0000000000000016e-05,14.946373462677002,1.4867488086223601,2.411071610450745,11.048552989959717,0.04471242427825928,0.0021198511123657225,413
223,174004,174004,5.0000000000000016e-05,15.440881252288818,1.8156774938106537,2.562995672225952,11.062208080291748,0.04142031669616699,0.0011913537979125976,413
223,174104,174104,5.0000000000000016e-05,14.945558071136475,1.9371025681495666,2.483940052986145,10.524515342712402,0.04533522129058838,0.002705883979797363,413
223,174204,174204,5.0000000000000016e-05,14.86560287475586,1.996864765882492,2.5263247013092043,10.342413425445557,0.04659926891326904,0.0017181396484375,413
223,174304,174304,5.0000000000000016e-05,14.57406759262085,1.3955022990703583,2.509744167327881,10.668821239471436,0.04433095455169678,0.0014961957931518555,413
224,174486,174486,5.0000000000000016e-05,15.163211727142334,1.8445094764232635,2.5250558376312258,10.793646335601807,0.044778752326965335,0.0015392780303955078,413
224,174586,174586,5.0000000000000016e-05,14.07019920349121,1.3910020351409913,2.520965564250946,10.158231449127197,0.04524884223937988,0.0021675586700439452,413
224,174686,174686,5.0000000000000016e-05,14.478386402130127,1.7298265814781189,2.3577017307281496,10.39085807800293,0.04255046844482422,0.0013996124267578124,413
224,174786,174786,5.0000000000000016e-05,14.29254903793335,1.4198751270771026,2.283044385910034,10.589629554748536,0.039785242080688475,0.0010399341583251954,413
224,174886,174886,5.0000000000000016e-05,15.57280616760254,2.07478991150856,2.6160187244415285,10.88199758529663,0.04034044742584229,0.0015017986297607422,413
224,174986,174986,5.0000000000000016e-05,14.925346851348877,1.285888487100601,2.5704484462738035,11.069009971618652,0.04605355262756348,0.0020103216171264648,413
224,175086,175086,5.0000000000000016e-05,15.062011337280273,1.4609085261821746,2.4538817405700684,11.147221088409424,0.04458892345428467,0.002170372009277344,413
225,175268,175268,5.0000000000000016e-05,15.209494018554688,1.4481783270835877,2.4579084396362303,11.303407287597656,0.04464101791381836,0.0014656305313110352,413
225,175368,175368,5.0000000000000016e-05,14.860654735565186,0.9323352336883545,2.278123712539673,11.650195789337157,0.04559977054595947,0.0020499229431152344,413
225,175468,175468,5.0000000000000016e-05,15.04489049911499,1.3889730274677277,2.4747169256210326,11.181200313568116,0.051305389404296874,0.0015940189361572266,413
225,175568,175568,5.0000000000000016e-05,14.715756130218505,1.4412403881549836,2.2723650455474855,11.002150726318359,0.04048480987548828,0.0013532400131225585,413
225,175668,175668,5.0000000000000016e-05,14.96697416305542,1.641027069091797,2.4515016913414,10.874445343017578,0.040922141075134276,0.0012253046035766602,413
225,175768,175768,5.0000000000000016e-05,15.030791187286377,1.8644707083702088,2.557737112045288,10.608583354949952,0.03908414840698242,0.0011372804641723634,413
225,175868,175868,5.0000000000000016e-05,15.572603130340577,1.299461841583252,2.380965566635132,11.892175674438477,0.04522514343261719,0.0027367115020751954,413
226,176050,176050,5.0000000000000016e-05,15.65654935836792,1.9032088994979859,2.533784508705139,11.2195556640625,0.04147822856903076,0.001260662078857422,413
226,176150,176150,5.0000000000000016e-05,15.016397857666016,1.7655453324317931,2.5129682779312135,10.737883949279786,0.04539158344268799,0.002080535888671875,413
226,176250,176250,5.0000000000000016e-05,14.707546138763428,1.298135554790497,2.4226235151290894,10.986787128448487,0.04176363945007324,0.0011949539184570312,413
226,176350,176350,5.0000000000000016e-05,14.55248384475708,1.3175573527812958,2.365866458415985,10.869060134887695,0.03664882183074951,0.001134490966796875,413
226,176450,176450,5.0000000000000016e-05,15.269227027893066,2.0211586475372316,2.544509172439575,10.703559112548827,0.044066429138183594,0.0014812707901000976,413
226,176550,176550,5.0000000000000016e-05,14.161287212371827,1.232570230960846,2.291851508617401,10.636865615844727,0.041429567337036136,0.0009808301925659179,413
226,176650,176650,5.0000000000000016e-05,14.65097780227661,1.84081711769104,2.4539825677871705,10.35617799758911,0.04314236640930176,0.001525568962097168,413
227,176832,176832,5.0000000000000016e-05,15.285499858856202,1.6189721465110778,2.4873066425323485,11.179221248626709,0.040059685707092285,0.0013938426971435546,413
227,176932,176932,5.0000000000000016e-05,15.601513195037843,1.270994818210602,2.4255500078201293,11.90496826171875,0.03745908737182617,0.0011449098587036134,413
227,177032,177032,5.0000000000000016e-05,14.483670902252197,1.3969121038913728,2.3293391823768617,10.75741958618164,0.0485337495803833,0.0021186113357543946,413
227,177132,177132,5.0000000000000016e-05,14.595009994506835,1.1770356714725494,2.273147797584534,11.144826316833496,0.04712090492248535,0.0015737771987915038,413
227,177232,177232,5.0000000000000016e-05,15.078745269775391,1.3712690502405167,2.463926815986633,11.243549346923828,0.044811129570007324,0.001984095573425293,413
227,177332,177332,5.0000000000000016e-05,14.037580966949463,1.3793044567108155,2.3737584829330443,10.284517955780029,0.04244952201843262,0.0017980098724365234,413
227,177432,177432,5.0000000000000016e-05,14.925553226470948,1.7400710999965667,2.612787401676178,10.572694778442383,0.04304471015930176,0.0012007713317871093,413
228,177614,177614,5.0000000000000016e-05,14.113706398010255,1.333573007583618,2.3319947361946105,10.448138618469239,0.04333326816558838,0.0014970779418945312,413
228,177714,177714,5.0000000000000016e-05,13.96786289215088,1.4606535196304322,2.407672142982483,10.099537372589111,0.04771702289581299,0.0008833646774291992,413
228,177814,177814,5.0000000000000016e-05,15.899679851531982,1.8154320895671845,2.432604765892029,11.651643085479737,0.0368391752243042,0.0018108129501342774,413
228,177914,177914,5.0000000000000016e-05,15.260766315460206,1.8101674795150757,2.5654376745224,10.885161304473877,0.036612963676452635,0.001101207733154297,413
228,178014,178014,5.0000000000000016e-05,15.135748386383057,1.8099111199378968,2.4650546073913575,10.860782623291016,0.044121932983398435,0.0015609264373779297,413
228,178114,178114,5.0000000000000016e-05,14.786023712158203,1.5153752446174622,2.4768685817718508,10.793779945373535,0.04352800846099854,0.002023935317993164,413
228,178214,178214,5.0000000000000016e-05,14.853916454315186,1.384778755903244,2.2994067907333373,11.169730949401856,0.041423916816711426,0.0011808156967163086,413
229,178396,178396,5.0000000000000016e-05,14.774698829650879,0.9588018238544465,2.305311715602875,11.510585308074951,0.047745275497436526,0.001556229591369629,413
229,178496,178496,5.0000000000000016e-05,15.09306173324585,1.3070711374282837,2.4087162017822266,11.377274322509766,0.0702350378036499,0.024958491325378418,413
229,178596,178596,5.0000000000000016e-05,15.175718116760255,1.9469870686531068,2.543929326534271,10.68480167388916,0.045395636558532716,0.0023125410079956055,413
229,178696,178696,5.0000000000000016e-05,14.998942375183105,1.3373864382505416,2.26322546005249,11.398330593109131,0.04248425960540771,0.0016347646713256836,413
229,178796,178796,5.0000000000000016e-05,15.161495971679688,1.5254116237163544,2.45626437664032,11.179819869995118,0.040969252586364746,0.0017217159271240234,413
229,178896,178896,5.0000000000000016e-05,15.091665935516357,1.6640733301639556,2.574155306816101,10.853437232971192,0.040528154373168944,0.0015731096267700196,413
229,178996,178996,5.0000000000000016e-05,15.175058174133301,1.9195465445518494,2.7041314363479616,10.55137996673584,0.04424927234649658,0.0021610498428344727,413
230,179178,179178,5.0000000000000016e-05,14.506561279296875,1.589713105559349,2.460821032524109,10.456027030944824,0.045105361938476564,0.0015759706497192384,413
230,179278,179278,5.0000000000000016e-05,14.941045570373536,1.524044680595398,2.510026788711548,10.906974124908448,0.04546723365783691,0.0016998767852783204,413
230,179378,179378,5.0000000000000016e-05,14.798426723480224,1.6866752862930299,2.392355942726135,10.719395351409911,0.04636259078979492,0.0022857189178466797,413
230,179478,179478,5.0000000000000016e-05,14.340046882629395,1.4218613862991334,2.4330887317657472,10.485096740722657,0.046581816673278806,0.001501178741455078,413
230,179578,179578,5.0000000000000016e-05,13.343535804748536,1.1496768176555634,2.434440040588379,9.759418964385986,0.03647048473358154,0.0016678810119628907,413
230,179678,179678,5.0000000000000016e-05,15.63611478805542,1.926440316438675,2.5542269945144653,11.155447387695313,0.04300515651702881,0.0015521049499511719,413
230,179778,179778,5.0000000000000016e-05,14.752049541473388,1.3051913738250733,2.3807522773742678,11.066105842590332,0.04327218532562256,0.001531696319580078,413
231,179960,179960,5.0000000000000016e-05,15.217928028106689,1.6297037243843078,2.5193082094192505,11.068916130065919,0.038525629043579104,0.001066279411315918,413
231,180060,180060,5.0000000000000016e-05,14.679720401763916,1.617970696091652,2.4806816935539246,10.58106803894043,0.047226476669311526,0.0019706964492797853,413
231,180160,180160,5.0000000000000016e-05,14.748183059692384,1.2658842563629151,2.3105297923088073,11.171768951416016,0.0448422908782959,0.0014332771301269532,413
231,180260,180260,5.0000000000000016e-05,14.315090560913086,1.209446656703949,2.336743438243866,10.768900394439697,0.04320583343505859,0.0014616966247558594,413
231,180360,180360,5.0000000000000016e-05,14.329474925994873,1.2539735376834868,2.4317466139793398,10.643754768371583,0.045415616035461424,0.0016392230987548827,413
231,180460,180460,5.0000000000000016e-05,14.883714866638183,1.4600032150745392,2.345804750919342,11.07790699005127,0.0444282054901123,0.0027058601379394533,413
231,180560,180560,5.0000000000000016e-05,14.330248928070068,1.252187341451645,2.4321609258651735,10.645900535583497,0.046551871299743655,0.002064037322998047,413
232,180742,180742,5.0000000000000016e-05,15.180095767974853,1.9742084324359894,2.4821680545806886,10.723719167709351,0.03463563919067383,0.000832223892211914,413
232,180842,180842,5.0000000000000016e-05,14.820329952239991,1.2445910722017288,2.2681818842887878,11.307556915283204,0.03933515548706055,0.0016257047653198242,413
232,180942,180942,5.0000000000000016e-05,14.328992176055909,1.2128802478313445,2.409412145614624,10.706699752807618,0.04184129238128662,0.001001429557800293,413
232,181042,181042,5.0000000000000016e-05,15.221607208251953,1.4484070152044297,2.40536630153656,11.36783390045166,0.04538753032684326,0.001520538330078125,413
232,181142,181142,5.0000000000000016e-05,15.025033283233643,1.4869749248027802,2.4583633661270143,11.0796950340271,0.0403944730758667,0.001969790458679199,413
232,181242,181242,5.0000000000000016e-05,14.739710998535156,1.2665379911661148,2.392794132232666,11.080378913879395,0.03608009815216064,0.0011119365692138672,413
232,181342,181342,5.0000000000000016e-05,15.609232425689697,2.154485410451889,2.6338414907455445,10.820905590057373,0.029910707473754884,0.0009769916534423829,413
233,181524,181524,5.0000000000000016e-05,14.851251888275147,1.2872179985046386,2.4241241693496702,11.139909744262695,0.04283151626586914,0.001709914207458496,413
233,181624,181624,5.0000000000000016e-05,14.689430427551269,1.4329396486282349,2.411728525161743,10.844762516021728,0.043161535263061525,0.001447582244873047,413
233,181724,181724,5.0000000000000016e-05,14.954199028015136,1.5978388100862504,2.5458999276161194,10.810460186004638,0.04044654369354248,0.0009895086288452149,413
233,181824,181824,5.0000000000000016e-05,14.426539325714112,1.020305234193802,2.3791057109832763,11.027128314971923,0.04999432563781738,0.0016021013259887695,413
233,181924,181924,5.0000000000000016e-05,14.442495727539063,1.8818760156631469,2.645821738243103,9.914798164367676,0.05057637691497803,0.001571345329284668,413
233,182024,182024,5.0000000000000016e-05,15.316569137573243,1.9817186057567597,2.494652342796326,10.840198040008545,0.04270086288452148,0.0015475034713745117,413
233,182124,182124,5.0000000000000016e-05,14.803375911712646,1.8963069945573807,2.4870455265045166,10.420023345947266,0.04051618576049805,0.0012515068054199218,413
234,182306,182306,5.0000000000000016e-05,15.437075519561768,2.1362761497497558,2.700443720817566,10.60035572052002,0.04377133846282959,0.0015276670455932617,413
234,182406,182406,5.0000000000000016e-05,15.482485389709472,1.2861486077308655,2.4249696254730226,11.771367359161378,0.04388124942779541,0.0012711763381958007,413
234,182506,182506,5.0000000000000016e-05,14.719948863983154,1.4465659439563752,2.4569591522216796,10.816423797607422,0.04158251285552979,0.0012412548065185546,413
234,182606,182606,5.0000000000000016e-05,14.82528600692749,1.0716184258461,2.20315603017807,11.550511264801026,0.04665536880493164,0.0015357017517089843,413
234,182706,182706,5.0000000000000016e-05,14.610042095184326,1.321246123313904,2.5067236542701723,10.782072353363038,0.043953990936279295,0.002168726921081543,413
234,182806,182806,5.0000000000000016e-05,15.104967784881591,1.7771995902061462,2.512727165222168,10.815041065216064,0.046039700508117676,0.0021007537841796877,413
234,182906,182906,5.0000000000000016e-05,14.649393272399902,0.8682881236076355,2.3394591450691222,11.441646099090576,0.046441841125488284,0.0016198158264160156,413
235,183088,183088,5.0000000000000016e-05,15.381055068969726,1.7537745416164399,2.514035642147064,11.113244819641114,0.04490141868591309,0.0016649246215820312,413
235,183188,183188,5.0000000000000016e-05,14.459760761260986,1.3889257550239562,2.454140043258667,10.616694927215576,0.04344189167022705,0.0024017572402954103,413
235,183288,183288,5.0000000000000016e-05,14.682016849517822,1.6430658161640168,2.5516542196273804,10.487296962738037,0.03904681205749512,0.0012956857681274414,413
235,183388,183388,5.0000000000000016e-05,14.942630863189697,1.6824323296546937,2.4006200075149535,10.85957841873169,0.039980149269104,0.0009850025177001952,413
235,183488,183488,5.0000000000000016e-05,14.401188564300536,1.6421360075473785,2.5610026836395265,10.198049736022949,0.04504082202911377,0.0016480445861816405,413
235,183588,183588,5.0000000000000016e-05,14.533907699584962,1.774266391992569,2.466585326194763,10.293056106567382,0.04433884620666504,0.0015499591827392578,413
235,183688,183688,5.0000000000000016e-05,16.06837100982666,2.3934767842292786,2.7181883335113524,10.956706142425537,0.04778578281402588,0.0016459941864013672,413
236,183870,183870,5.0000000000000016e-05,14.988572883605958,1.471573156118393,2.384290027618408,11.13270969390869,0.046404695510864256,0.0015250444412231445,413
236,183970,183970,5.0000000000000016e-05,14.405005073547363,1.1727643489837647,2.4259639739990235,10.80627670288086,0.046184444427490236,0.0024394750595092773,413
236,184070,184070,5.0000000000000016e-05,15.059526538848877,2.1757618367671965,2.484810948371887,10.398953914642334,0.06823725700378418,0.02612626552581787,413
236,184170,184170,5.0000000000000016e-05,14.528482818603516,1.3927915573120118,2.4168498277664185,10.718841457366944,0.03910226821899414,0.0010496854782104492,413
236,184270,184270,5.0000000000000016e-05,15.049560642242431,1.6819609493017196,2.5309383273124695,10.836661338806152,0.037824463844299314,0.0010583162307739257,413
236,184370,184370,5.0000000000000016e-05,14.726758003234863,1.7248614490032197,2.4980826020240783,10.503814029693604,0.047572779655456546,0.002319478988647461,413
236,184470,184470,5.0000000000000016e-05,14.89684019088745,1.3341099083423615,2.4155935883522033,11.147136783599853,0.047005653381347656,0.0015261173248291016,413
237,184652,184652,5.0000000000000016e-05,14.82252836227417,1.1490917801856995,2.3585021257400514,11.31493444442749,0.0448958158493042,0.002219867706298828,413
237,184752,184752,5.0000000000000016e-05,15.594708919525146,1.9178157210350038,2.587452435493469,11.089440631866456,0.04516079425811768,0.0017847776412963866,413
237,184852,184852,5.0000000000000016e-05,14.633812046051025,1.7292200088500977,2.540913534164429,10.363678741455079,0.04572291374206543,0.002981257438659668,413
237,184952,184952,5.0000000000000016e-05,14.846947765350341,1.7231913447380065,2.5432068347930907,10.580549716949463,0.04788906574249267,0.001588726043701172,413
237,185052,185052,5.0000000000000016e-05,14.791913032531738,1.788523906469345,2.551259684562683,10.452129650115968,0.04386186599731445,0.0031749725341796873,413
237,185152,185152,5.0000000000000016e-05,14.651664447784423,1.6720515072345734,2.541845440864563,10.437767457962035,0.06808152198791503,0.002108168601989746,413
237,185252,185252,5.0000000000000016e-05,14.901368236541748,1.3323430955410003,2.4470957279205323,11.121929454803468,0.0463886022567749,0.0016112089157104491,413
238,185434,185434,5.0000000000000016e-05,14.850806331634521,1.5384344518184663,2.487210988998413,10.825160884857178,0.042229080200195314,0.0021240234375,413
238,185534,185534,5.0000000000000016e-05,14.512965965270997,1.6493567943572998,2.482743668556213,10.380865573883057,0.04127218723297119,0.001448345184326172,413
238,185634,185634,5.0000000000000016e-05,14.989713287353515,1.5857650220394135,2.4007109642028808,11.003237342834472,0.04715044498443603,0.002128887176513672,413
238,185734,185734,5.0000000000000016e-05,14.964232349395752,1.6993779838085175,2.507138729095459,10.757715511322022,0.04744131565093994,0.001494598388671875,413
238,185834,185834,5.0000000000000016e-05,14.963993740081786,1.5235130965709687,2.448828601837158,10.991652297973634,0.042280030250549314,0.00159146785736084,413
238,185934,185934,5.0000000000000016e-05,14.637904167175293,1.904725933074951,2.5934053540229796,10.139772891998291,0.04702239036560059,0.0016825675964355468,413
238,186034,186034,5.0000000000000016e-05,14.748069953918456,1.269641774892807,2.3300185203552246,11.148409557342529,0.04455006122589111,0.0021678447723388673,413
239,186216,186216,5.0000000000000016e-05,14.638648128509521,1.2152163088321686,2.313684177398682,11.10974760055542,0.044470691680908205,0.0019132137298583985,413
239,186316,186316,5.0000000000000016e-05,15.184642219543457,1.6455410897731781,2.465909242630005,11.073192024230957,0.043456196784973145,0.0020199060440063477,413
239,186416,186416,5.0000000000000016e-05,14.442236804962159,1.6326548874378204,2.388766074180603,10.420815753936768,0.0469017744064331,0.0016728639602661133,413
239,186516,186516,5.0000000000000016e-05,14.535092639923096,1.6679241180419921,2.4573922395706176,10.409776210784912,0.04572219848632812,0.0014551401138305664,413
239,186616,186616,5.0000000000000016e-05,14.44828233718872,1.5343860357999801,2.3873016119003294,10.526594734191894,0.04313716888427734,0.001520252227783203,413
239,186716,186716,5.0000000000000016e-05,14.42519235610962,1.961287409067154,2.6884747743606567,9.7754301071167,0.045961546897888186,0.0009582281112670898,413
239,186816,186816,5.0000000000000016e-05,14.79703779220581,1.6600042462348938,2.5575414180755613,10.5794921875,0.04637389183044434,0.001676321029663086,413
240,186998,186998,5.0000000000000016e-05,14.248713397979737,1.3176396429538726,2.3351978063583374,10.595875930786132,0.0420323371887207,0.0021534204483032227,413
240,187098,187098,5.0000000000000016e-05,14.318248748779297,1.0341276943683624,2.190726661682129,11.093394374847412,0.041362214088439944,0.0012849330902099609,413
240,187198,187198,5.0000000000000016e-05,14.789803791046143,1.7146734118461608,2.3661472678184508,10.708983230590821,0.06021251678466797,0.01837620735168457,413
240,187298,187298,5.0000000000000016e-05,14.461753463745117,0.9300532519817353,2.3550158977508544,11.176684284210205,0.04236340522766113,0.001433730125427246,413
240,187398,187398,5.0000000000000016e-05,15.047523307800294,1.856145840883255,2.5324849605560305,10.658892631530762,0.04454498291015625,0.0015027284622192382,413
240,187498,187498,5.0000000000000016e-05,15.122667503356933,1.5050039827823638,2.530495810508728,11.087167453765868,0.06360819339752197,0.001396918296813965,413
240,187598,187598,5.0000000000000016e-05,14.645195198059081,1.8754590153694153,2.4994576454162596,10.270278453826904,0.0400454044342041,0.001099538803100586,413
