2026/02/18 18:09:17 - mmengine - INFO - 
------------------------------------------------------------
System environment:
    sys.platform: linux
    Python: 3.8.20 (default, Oct  3 2024, 15:24:27) [GCC 11.2.0]
    CUDA available: True
    numpy_random_seed: 1618450972
    GPU 0: NVIDIA GeForce RTX 4090
    CUDA_HOME: /usr/local/cuda
    NVCC: Cuda compilation tools, release 11.3, V11.3.109
    GCC: gcc (Ubuntu 9.3.0-17ubuntu1~20.04) 9.3.0
    PyTorch: 1.11.0+cu113
    PyTorch compiling details: PyTorch built with:
  - GCC 7.3
  - C++ Version: 201402
  - Intel(R) Math Kernel Library Version 2020.0.0 Product Build 20191122 for Intel(R) 64 architecture applications
  - Intel(R) MKL-DNN v2.5.2 (Git Hash a9302535553c73243c632ad3c4c80beec3d19a1e)
  - OpenMP 201511 (a.k.a. OpenMP 4.5)
  - LAPACK is enabled (usually provided by MKL)
  - NNPACK is enabled
  - CPU capability usage: AVX2
  - CUDA Runtime 11.3
  - NVCC architecture flags: -gencode;arch=compute_37,code=sm_37;-gencode;arch=compute_50,code=sm_50;-gencode;arch=compute_60,code=sm_60;-gencode;arch=compute_70,code=sm_70;-gencode;arch=compute_75,code=sm_75;-gencode;arch=compute_80,code=sm_80;-gencode;arch=compute_86,code=sm_86
  - CuDNN 8.2
  - Magma 2.5.2
  - Build settings: BLAS_INFO=mkl, BUILD_TYPE=Release, CUDA_VERSION=11.3, CUDNN_VERSION=8.2.0, CXX_COMPILER=/opt/rh/devtoolset-7/root/usr/bin/c++, CXX_FLAGS= -Wno-deprecated -fvisibility-inlines-hidden -DUSE_PTHREADPOOL -fopenmp -DNDEBUG -DUSE_KINETO -DUSE_FBGEMM -DUSE_QNNPACK -DUSE_PYTORCH_QNNPACK -DUSE_XNNPACK -DSYMBOLICATE_MOBILE_DEBUG_HANDLE -DEDGE_PROFILER_USE_KINETO -O2 -fPIC -Wno-narrowing -Wall -Wextra -Werror=return-type -Wno-missing-field-initializers -Wno-type-limits -Wno-array-bounds -Wno-unknown-pragmas -Wno-sign-compare -Wno-unused-parameter -Wno-unused-function -Wno-unused-result -Wno-unused-local-typedefs -Wno-strict-overflow -Wno-strict-aliasing -Wno-error=deprecated-declarations -Wno-stringop-overflow -Wno-psabi -Wno-error=pedantic -Wno-error=redundant-decls -Wno-error=old-style-cast -fdiagnostics-color=always -faligned-new -Wno-unused-but-set-variable -Wno-maybe-uninitialized -fno-math-errno -fno-trapping-math -Werror=format -Wno-stringop-overflow, LAPACK_INFO=mkl, PERF_WITH_AVX=1, PERF_WITH_AVX2=1, PERF_WITH_AVX512=1, TORCH_VERSION=1.11.0, USE_CUDA=ON, USE_CUDNN=ON, USE_EXCEPTION_PTR=1, USE_GFLAGS=OFF, USE_GLOG=OFF, USE_MKL=ON, USE_MKLDNN=OFF, USE_MPI=OFF, USE_NCCL=ON, USE_NNPACK=ON, USE_OPENMP=ON, USE_ROCM=OFF, 

    TorchVision: 0.12.0+cu113
    OpenCV: 4.12.0
    MMEngine: 0.7.4

Runtime environment:
    cudnn_benchmark: False
    mp_cfg: {'mp_start_method': 'fork', 'opencv_num_threads': 0}
    dist_cfg: {'backend': 'nccl'}
    seed: 1618450972
    deterministic: False
    Distributed launcher: none
    Distributed training: False
    GPU number: 1
------------------------------------------------------------

2026/02/18 18:09:17 - mmengine - INFO - Config:
default_scope = 'mmcls'
default_hooks = dict(
    timer=dict(type='IterTimerHook'),
    logger=dict(type='LoggerHook', interval=100),
    param_scheduler=dict(type='ParamSchedulerHook'),
    checkpoint=dict(
        type='CheckpointHook',
        interval=0,
        save_best='accuracy/top1',
        rule='greater',
        max_keep_ckpts=1,
        save_last=False),
    sampler_seed=dict(type='DistSamplerSeedHook'),
    visualization=dict(type='VisualizationHook', enable=False))
env_cfg = dict(
    cudnn_benchmark=False,
    mp_cfg=dict(mp_start_method='fork', opencv_num_threads=0),
    dist_cfg=dict(backend='nccl'))
vis_backends = [dict(type='LocalVisBackend')]
visualizer = dict(
    type='ClsVisualizer', vis_backends=[dict(type='LocalVisBackend')])
log_level = 'INFO'
load_from = None
resume = False
randomness = dict(seed=None, deterministic=False)
optim_wrapper = dict(
    optimizer=dict(type='SGD', lr=0.05, momentum=0.9, weight_decay=0.0005))
param_scheduler = [
    dict(
        type='MultiStepLR',
        by_epoch=True,
        milestones=[150, 180, 210],
        gamma=0.1)
]
train_cfg = dict(by_epoch=True, max_epochs=240, val_interval=1)
val_cfg = dict()
test_cfg = dict()
auto_scale_lr = dict(base_batch_size=256)
dataset_type = 'CIFAR100'
data_preprocessor = dict(
    num_classes=100,
    mean=[129.304, 124.07, 112.434],
    std=[68.17, 65.392, 70.418],
    to_rgb=False,
    batch_augments=dict(
        augments=[
            dict(type='Mixup', alpha=0.4),
            dict(type='CutMix', alpha=1.0)
        ],
        probs=[0.6, 0.2]))
train_pipeline = [
    dict(type='RandomCrop', crop_size=32, padding=4),
    dict(type='RandomFlip', prob=0.5, direction='horizontal'),
    dict(type='PackClsInputs')
]
test_pipeline = [dict(type='PackClsInputs')]
train_dataloader = dict(
    pin_memory=True,
    persistent_workers=True,
    collate_fn=dict(type='default_collate'),
    batch_size=64,
    num_workers=4,
    dataset=dict(
        type='CIFAR100',
        data_prefix='../datasets/mmcls',
        test_mode=False,
        pipeline=[
            dict(type='RandomCrop', crop_size=32, padding=4),
            dict(type='RandomFlip', prob=0.5, direction='horizontal'),
            dict(type='PackClsInputs')
        ]),
    sampler=dict(type='DefaultSampler', shuffle=True))
val_dataloader = dict(
    pin_memory=True,
    persistent_workers=True,
    collate_fn=dict(type='default_collate'),
    batch_size=64,
    num_workers=4,
    dataset=dict(
        type='CIFAR100',
        data_prefix='../datasets/mmcls',
        test_mode=True,
        pipeline=[dict(type='PackClsInputs')]),
    sampler=dict(type='DefaultSampler', shuffle=False))
val_evaluator = dict(type='Accuracy', topk=(1, ))
test_dataloader = dict(
    pin_memory=True,
    persistent_workers=True,
    collate_fn=dict(type='default_collate'),
    batch_size=64,
    num_workers=4,
    dataset=dict(
        type='CIFAR100',
        data_prefix='../datasets/mmcls',
        test_mode=True,
        pipeline=[dict(type='PackClsInputs')]),
    sampler=dict(type='DefaultSampler', shuffle=False))
test_evaluator = dict(type='Accuracy', topk=(1, ))
model = dict(
    type='ClassificationDistiller',
    teacher_pretrained='weights/resnet32x4_81.63.pth',
    teacher_cfg='projects/_models_/cifar100_resnet32x4.py',
    student_cfg='projects/_models_/cifar100_resnet8x4.py',
    distill_cfg=dict(
        loss_ori=dict(type='ORILoss', use_this=True, loss_weight=1.0),
        loss_uatm=dict(
            type='UATMLoss', use_this=True, temp=4.0, loss_weight=15.0),
        loss_ugsa=dict(
            type='UGSALoss', use_this=True, loss_type='kl', loss_weight=1.0)))
launcher = 'none'
work_dir = 'work_dirs/cifar100/resnet32x4_resnet8x4/UATM+UGSA_temp=4.0_loss_weight=15.0+loss_weight=1.0_1'

2026/02/18 18:09:18 - mmengine - INFO - Because batch augmentations are enabled, the data preprocessor automatically enables the `to_onehot` option to generate one-hot format labels.
2026/02/18 18:09:25 - mmengine - INFO - Distributed training is not used, all SyncBatchNorm (SyncBN) layers in the model will be automatically reverted to BatchNormXd layers if they are used.
2026/02/18 18:09:25 - mmengine - INFO - Hooks will be executed in the following order:
before_run:
(VERY_HIGH   ) RuntimeInfoHook                    
(BELOW_NORMAL) LoggerHook                         
 -------------------- 
before_train:
(VERY_HIGH   ) RuntimeInfoHook                    
(NORMAL      ) IterTimerHook                      
(VERY_LOW    ) CheckpointHook                     
 -------------------- 
before_train_epoch:
(VERY_HIGH   ) RuntimeInfoHook                    
(NORMAL      ) IterTimerHook                      
(NORMAL      ) DistSamplerSeedHook                
 -------------------- 
before_train_iter:
(VERY_HIGH   ) RuntimeInfoHook                    
(NORMAL      ) IterTimerHook                      
 -------------------- 
after_train_iter:
(VERY_HIGH   ) RuntimeInfoHook                    
(NORMAL      ) IterTimerHook                      
(BELOW_NORMAL) LoggerHook                         
(LOW         ) ParamSchedulerHook                 
(VERY_LOW    ) CheckpointHook                     
 -------------------- 
after_train_epoch:
(NORMAL      ) IterTimerHook                      
(LOW         ) ParamSchedulerHook                 
(VERY_LOW    ) CheckpointHook                     
 -------------------- 
before_val_epoch:
(NORMAL      ) IterTimerHook                      
 -------------------- 
before_val_iter:
(NORMAL      ) IterTimerHook                      
 -------------------- 
after_val_iter:
(NORMAL      ) IterTimerHook                      
(NORMAL      ) VisualizationHook                  
(BELOW_NORMAL) LoggerHook                         
 -------------------- 
after_val_epoch:
(VERY_HIGH   ) RuntimeInfoHook                    
(NORMAL      ) IterTimerHook                      
(BELOW_NORMAL) LoggerHook                         
(LOW         ) ParamSchedulerHook                 
(VERY_LOW    ) CheckpointHook                     
 -------------------- 
after_train:
(VERY_LOW    ) CheckpointHook                     
 -------------------- 
before_test_epoch:
(NORMAL      ) IterTimerHook                      
 -------------------- 
before_test_iter:
(NORMAL      ) IterTimerHook                      
 -------------------- 
after_test_iter:
(NORMAL      ) IterTimerHook                      
(NORMAL      ) VisualizationHook                  
(BELOW_NORMAL) LoggerHook                         
 -------------------- 
after_test_epoch:
(VERY_HIGH   ) RuntimeInfoHook                    
(NORMAL      ) IterTimerHook                      
(BELOW_NORMAL) LoggerHook                         
 -------------------- 
after_run:
(BELOW_NORMAL) LoggerHook                         
 -------------------- 
Name of parameter - Initialization information

backbone.conv1.weight - torch.Size([32, 3, 3, 3]): 
KaimingInit: a=0, mode=fan_out, nonlinearity=relu, distribution =normal, bias=0 

backbone.bn1.weight - torch.Size([32]): 
The value is the same before and after calling `init_weights` of ImageClassifier  

backbone.bn1.bias - torch.Size([32]): 
The value is the same before and after calling `init_weights` of ImageClassifier  

backbone.layer1.0.conv1.weight - torch.Size([64, 32, 3, 3]): 
KaimingInit: a=0, mode=fan_out, nonlinearity=relu, distribution =normal, bias=0 

backbone.layer1.0.bn1.weight - torch.Size([64]): 
The value is the same before and after calling `init_weights` of ImageClassifier  

backbone.layer1.0.bn1.bias - torch.Size([64]): 
The value is the same before and after calling `init_weights` of ImageClassifier  

backbone.layer1.0.conv2.weight - torch.Size([64, 64, 3, 3]): 
KaimingInit: a=0, mode=fan_out, nonlinearity=relu, distribution =normal, bias=0 

backbone.layer1.0.bn2.weight - torch.Size([64]): 
Initialized by user-defined `init_weights` in ResNet_CIFAR  

backbone.layer1.0.bn2.bias - torch.Size([64]): 
The value is the same before and after calling `init_weights` of ImageClassifier  

backbone.layer1.0.downsample.0.weight - torch.Size([64, 32, 1, 1]): 
KaimingInit: a=0, mode=fan_out, nonlinearity=relu, distribution =normal, bias=0 

backbone.layer1.0.downsample.1.weight - torch.Size([64]): 
The value is the same before and after calling `init_weights` of ImageClassifier  

backbone.layer1.0.downsample.1.bias - torch.Size([64]): 
The value is the same before and after calling `init_weights` of ImageClassifier  

backbone.layer2.0.conv1.weight - torch.Size([128, 64, 3, 3]): 
KaimingInit: a=0, mode=fan_out, nonlinearity=relu, distribution =normal, bias=0 

backbone.layer2.0.bn1.weight - torch.Size([128]): 
The value is the same before and after calling `init_weights` of ImageClassifier  

backbone.layer2.0.bn1.bias - torch.Size([128]): 
The value is the same before and after calling `init_weights` of ImageClassifier  

backbone.layer2.0.conv2.weight - torch.Size([128, 128, 3, 3]): 
KaimingInit: a=0, mode=fan_out, nonlinearity=relu, distribution =normal, bias=0 

backbone.layer2.0.bn2.weight - torch.Size([128]): 
Initialized by user-defined `init_weights` in ResNet_CIFAR  

backbone.layer2.0.bn2.bias - torch.Size([128]): 
The value is the same before and after calling `init_weights` of ImageClassifier  

backbone.layer2.0.downsample.0.weight - torch.Size([128, 64, 1, 1]): 
KaimingInit: a=0, mode=fan_out, nonlinearity=relu, distribution =normal, bias=0 

backbone.layer2.0.downsample.1.weight - torch.Size([128]): 
The value is the same before and after calling `init_weights` of ImageClassifier  

backbone.layer2.0.downsample.1.bias - torch.Size([128]): 
The value is the same before and after calling `init_weights` of ImageClassifier  

backbone.layer3.0.conv1.weight - torch.Size([256, 128, 3, 3]): 
KaimingInit: a=0, mode=fan_out, nonlinearity=relu, distribution =normal, bias=0 

backbone.layer3.0.bn1.weight - torch.Size([256]): 
The value is the same before and after calling `init_weights` of ImageClassifier  

backbone.layer3.0.bn1.bias - torch.Size([256]): 
The value is the same before and after calling `init_weights` of ImageClassifier  

backbone.layer3.0.conv2.weight - torch.Size([256, 256, 3, 3]): 
KaimingInit: a=0, mode=fan_out, nonlinearity=relu, distribution =normal, bias=0 

backbone.layer3.0.bn2.weight - torch.Size([256]): 
Initialized by user-defined `init_weights` in ResNet_CIFAR  

backbone.layer3.0.bn2.bias - torch.Size([256]): 
The value is the same before and after calling `init_weights` of ImageClassifier  

backbone.layer3.0.downsample.0.weight - torch.Size([256, 128, 1, 1]): 
KaimingInit: a=0, mode=fan_out, nonlinearity=relu, distribution =normal, bias=0 

backbone.layer3.0.downsample.1.weight - torch.Size([256]): 
The value is the same before and after calling `init_weights` of ImageClassifier  

backbone.layer3.0.downsample.1.bias - torch.Size([256]): 
The value is the same before and after calling `init_weights` of ImageClassifier  

head.fc.weight - torch.Size([100, 256]): 
NormalInit: mean=0, std=0.01, bias=0 

head.fc.bias - torch.Size([100]): 
NormalInit: mean=0, std=0.01, bias=0 
2026/02/18 18:09:34 - mmengine - WARNING - "FileClient" will be deprecated in future. Please use io functions in https://mmengine.readthedocs.io/en/latest/api/fileio.html#file-io
2026/02/18 18:09:34 - mmengine - WARNING - "HardDiskBackend" is the alias of "LocalBackend" and the former will be deprecated in future.
2026/02/18 18:09:34 - mmengine - INFO - Checkpoints will be saved to /root/autodl-tmp/mmcls/work_dirs/cifar100/resnet32x4_resnet8x4/UATM+UGSA_temp=4.0_loss_weight=15.0+loss_weight=1.0_1.
2026/02/18 18:09:40 - mmengine - INFO - Epoch(train)   [1][100/782]  lr: 5.0000e-02  eta: 2:51:01  time: 0.0449  data_time: 0.0008  memory: 413  loss: 32.3834  loss_ori: 4.2675  loss_uatm: 14.8588  loss_ugsa: 13.2571
2026/02/18 18:09:45 - mmengine - INFO - Epoch(train)   [1][200/782]  lr: 5.0000e-02  eta: 2:39:51  time: 0.0445  data_time: 0.0008  memory: 413  loss: 31.1223  loss_ori: 4.1253  loss_uatm: 13.8643  loss_ugsa: 13.1327
2026/02/18 18:09:49 - mmengine - INFO - Epoch(train)   [1][300/782]  lr: 5.0000e-02  eta: 2:35:11  time: 0.0398  data_time: 0.0006  memory: 413  loss: 30.6675  loss_ori: 4.1674  loss_uatm: 13.4970  loss_ugsa: 13.0031
2026/02/18 18:09:54 - mmengine - INFO - Epoch(train)   [1][400/782]  lr: 5.0000e-02  eta: 2:30:07  time: 0.0411  data_time: 0.0008  memory: 413  loss: 31.2693  loss_ori: 3.9318  loss_uatm: 14.0679  loss_ugsa: 13.2696
2026/02/18 18:09:58 - mmengine - INFO - Epoch(train)   [1][500/782]  lr: 5.0000e-02  eta: 2:24:37  time: 0.0434  data_time: 0.0006  memory: 413  loss: 31.2092  loss_ori: 3.6881  loss_uatm: 14.4541  loss_ugsa: 13.0670
2026/02/18 18:10:02 - mmengine - INFO - Epoch(train)   [1][600/782]  lr: 5.0000e-02  eta: 2:25:11  time: 0.0449  data_time: 0.0007  memory: 413  loss: 28.6584  loss_ori: 3.8410  loss_uatm: 12.1142  loss_ugsa: 12.7032
2026/02/18 18:10:07 - mmengine - INFO - Epoch(train)   [1][700/782]  lr: 5.0000e-02  eta: 2:24:43  time: 0.0463  data_time: 0.0007  memory: 413  loss: 28.2105  loss_ori: 3.8215  loss_uatm: 11.7609  loss_ugsa: 12.6281
2026/02/18 18:10:11 - mmengine - INFO - Exp name: resnet32x4_resnet8x4_20260218_180916
2026/02/18 18:10:14 - mmengine - INFO - Epoch(val)   [1][100/157]    eta: 0:00:01  time: 0.0211  data_time: 0.0012  memory: 413  
2026/02/18 18:10:16 - mmengine - INFO - Epoch(val) [1][157/157]    accuracy/top1: 14.0200  data_time: 0.0064  time: 0.0308
2026/02/18 18:10:16 - mmengine - INFO - The best checkpoint with 14.0200 accuracy/top1 at 1 epoch is saved to best_accuracy_top1_epoch_1.pth.
2026/02/18 18:10:21 - mmengine - INFO - Epoch(train)   [2][100/782]  lr: 5.0000e-02  eta: 2:25:03  time: 0.0711  data_time: 0.0009  memory: 413  loss: 28.3964  loss_ori: 3.4725  loss_uatm: 12.2593  loss_ugsa: 12.6646
2026/02/18 18:10:26 - mmengine - INFO - Epoch(train)   [2][200/782]  lr: 5.0000e-02  eta: 2:24:14  time: 0.0456  data_time: 0.0008  memory: 413  loss: 27.1800  loss_ori: 3.4388  loss_uatm: 11.2795  loss_ugsa: 12.4617
2026/02/18 18:10:26 - mmengine - INFO - Exp name: resnet32x4_resnet8x4_20260218_180916
2026/02/18 18:10:30 - mmengine - INFO - Epoch(train)   [2][300/782]  lr: 5.0000e-02  eta: 2:23:17  time: 0.0453  data_time: 0.0008  memory: 413  loss: 26.3896  loss_ori: 3.2585  loss_uatm: 10.7247  loss_ugsa: 12.4063
2026/02/18 18:10:35 - mmengine - INFO - Epoch(train)   [2][400/782]  lr: 5.0000e-02  eta: 2:23:02  time: 0.0475  data_time: 0.0007  memory: 413  loss: 26.4758  loss_ori: 3.2705  loss_uatm: 10.9868  loss_ugsa: 12.2185
2026/02/18 18:10:39 - mmengine - INFO - Epoch(train)   [2][500/782]  lr: 5.0000e-02  eta: 2:22:43  time: 0.0407  data_time: 0.0007  memory: 413  loss: 26.2645  loss_ori: 3.0176  loss_uatm: 10.9960  loss_ugsa: 12.2509
2026/02/18 18:10:44 - mmengine - INFO - Epoch(train)   [2][600/782]  lr: 5.0000e-02  eta: 2:22:12  time: 0.0436  data_time: 0.0007  memory: 413  loss: 26.2819  loss_ori: 3.1574  loss_uatm: 10.9150  loss_ugsa: 12.2094
2026/02/18 18:10:48 - mmengine - INFO - Epoch(train)   [2][700/782]  lr: 5.0000e-02  eta: 2:21:53  time: 0.0502  data_time: 0.0011  memory: 413  loss: 25.0183  loss_ori: 3.2015  loss_uatm: 9.8725  loss_ugsa: 11.9442
2026/02/18 18:10:52 - mmengine - INFO - Exp name: resnet32x4_resnet8x4_20260218_180916
2026/02/18 18:10:54 - mmengine - INFO - Epoch(val)   [2][100/157]    eta: 0:00:01  time: 0.0190  data_time: 0.0005  memory: 413  
2026/02/18 18:10:56 - mmengine - INFO - Epoch(val) [2][157/157]    accuracy/top1: 31.8900  data_time: 0.0008  time: 0.0261
2026/02/18 18:10:56 - mmengine - INFO - The previous best checkpoint /root/autodl-tmp/mmcls/work_dirs/cifar100/resnet32x4_resnet8x4/UATM+UGSA_temp=4.0_loss_weight=15.0+loss_weight=1.0_1/best_accuracy_top1_epoch_1.pth is removed
2026/02/18 18:10:57 - mmengine - INFO - The best checkpoint with 31.8900 accuracy/top1 at 2 epoch is saved to best_accuracy_top1_epoch_2.pth.
2026/02/18 18:11:02 - mmengine - INFO - Epoch(train)   [3][100/782]  lr: 5.0000e-02  eta: 2:22:56  time: 0.0431  data_time: 0.0007  memory: 413  loss: 25.5169  loss_ori: 3.0746  loss_uatm: 9.9052  loss_ugsa: 12.5372
2026/02/18 18:11:07 - mmengine - INFO - Epoch(train)   [3][200/782]  lr: 5.0000e-02  eta: 2:22:42  time: 0.0464  data_time: 0.0008  memory: 413  loss: 24.8860  loss_ori: 2.8347  loss_uatm: 9.9285  loss_ugsa: 12.1229
2026/02/18 18:11:11 - mmengine - INFO - Epoch(train)   [3][300/782]  lr: 5.0000e-02  eta: 2:22:21  time: 0.0388  data_time: 0.0007  memory: 413  loss: 23.6605  loss_ori: 2.9494  loss_uatm: 9.1332  loss_ugsa: 11.5779
2026/02/18 18:11:16 - mmengine - INFO - Epoch(train)   [3][400/782]  lr: 5.0000e-02  eta: 2:22:44  time: 0.0759  data_time: 0.0009  memory: 413  loss: 23.8481  loss_ori: 3.0903  loss_uatm: 9.0207  loss_ugsa: 11.7372
2026/02/18 18:11:17 - mmengine - INFO - Exp name: resnet32x4_resnet8x4_20260218_180916
2026/02/18 18:11:20 - mmengine - INFO - Epoch(train)   [3][500/782]  lr: 5.0000e-02  eta: 2:22:17  time: 0.0431  data_time: 0.0007  memory: 413  loss: 23.5242  loss_ori: 2.7704  loss_uatm: 9.0602  loss_ugsa: 11.6935
2026/02/18 18:11:24 - mmengine - INFO - Epoch(train)   [3][600/782]  lr: 5.0000e-02  eta: 2:21:16  time: 0.0412  data_time: 0.0012  memory: 413  loss: 23.3589  loss_ori: 2.7691  loss_uatm: 8.7654  loss_ugsa: 11.8244
2026/02/18 18:11:29 - mmengine - INFO - Epoch(train)   [3][700/782]  lr: 5.0000e-02  eta: 2:20:54  time: 0.0457  data_time: 0.0008  memory: 413  loss: 23.1998  loss_ori: 2.9544  loss_uatm: 8.3946  loss_ugsa: 11.8508
2026/02/18 18:11:32 - mmengine - INFO - Exp name: resnet32x4_resnet8x4_20260218_180916
2026/02/18 18:11:35 - mmengine - INFO - Epoch(val)   [3][100/157]    eta: 0:00:01  time: 0.0210  data_time: 0.0005  memory: 413  
2026/02/18 18:11:36 - mmengine - INFO - Epoch(val) [3][157/157]    accuracy/top1: 42.1200  data_time: 0.0009  time: 0.0242
2026/02/18 18:11:36 - mmengine - INFO - The previous best checkpoint /root/autodl-tmp/mmcls/work_dirs/cifar100/resnet32x4_resnet8x4/UATM+UGSA_temp=4.0_loss_weight=15.0+loss_weight=1.0_1/best_accuracy_top1_epoch_2.pth is removed
2026/02/18 18:11:37 - mmengine - INFO - The best checkpoint with 42.1200 accuracy/top1 at 3 epoch is saved to best_accuracy_top1_epoch_3.pth.
2026/02/18 18:11:42 - mmengine - INFO - Epoch(train)   [4][100/782]  lr: 5.0000e-02  eta: 2:20:59  time: 0.0343  data_time: 0.0005  memory: 413  loss: 22.5908  loss_ori: 2.9254  loss_uatm: 8.2638  loss_ugsa: 11.4016
2026/02/18 18:11:45 - mmengine - INFO - Epoch(train)   [4][200/782]  lr: 5.0000e-02  eta: 2:19:49  time: 0.0366  data_time: 0.0005  memory: 413  loss: 22.8965  loss_ori: 2.5702  loss_uatm: 8.4852  loss_ugsa: 11.8412
2026/02/18 18:11:50 - mmengine - INFO - Epoch(train)   [4][300/782]  lr: 5.0000e-02  eta: 2:19:15  time: 0.0396  data_time: 0.0006  memory: 413  loss: 22.8141  loss_ori: 2.2910  loss_uatm: 8.3809  loss_ugsa: 12.1423
2026/02/18 18:11:54 - mmengine - INFO - Epoch(train)   [4][400/782]  lr: 5.0000e-02  eta: 2:18:41  time: 0.0323  data_time: 0.0005  memory: 413  loss: 22.5894  loss_ori: 2.8838  loss_uatm: 7.8782  loss_ugsa: 11.8274
2026/02/18 18:11:57 - mmengine - INFO - Epoch(train)   [4][500/782]  lr: 5.0000e-02  eta: 2:17:26  time: 0.0306  data_time: 0.0005  memory: 413  loss: 21.9814  loss_ori: 3.0831  loss_uatm: 7.3299  loss_ugsa: 11.5685
2026/02/18 18:12:01 - mmengine - INFO - Epoch(train)   [4][600/782]  lr: 5.0000e-02  eta: 2:17:04  time: 0.0437  data_time: 0.0006  memory: 413  loss: 22.1821  loss_ori: 2.5660  loss_uatm: 8.2337  loss_ugsa: 11.3823
2026/02/18 18:12:04 - mmengine - INFO - Exp name: resnet32x4_resnet8x4_20260218_180916
2026/02/18 18:12:06 - mmengine - INFO - Epoch(train)   [4][700/782]  lr: 5.0000e-02  eta: 2:17:02  time: 0.0676  data_time: 0.0007  memory: 413  loss: 22.2176  loss_ori: 2.8437  loss_uatm: 7.7665  loss_ugsa: 11.6073
2026/02/18 18:12:09 - mmengine - INFO - Exp name: resnet32x4_resnet8x4_20260218_180916
2026/02/18 18:12:11 - mmengine - INFO - Epoch(val)   [4][100/157]    eta: 0:00:01  time: 0.0213  data_time: 0.0005  memory: 413  
2026/02/18 18:12:13 - mmengine - INFO - Epoch(val) [4][157/157]    accuracy/top1: 40.8800  data_time: 0.0009  time: 0.0241
2026/02/18 18:12:17 - mmengine - INFO - Epoch(train)   [5][100/782]  lr: 5.0000e-02  eta: 2:16:34  time: 0.0358  data_time: 0.0007  memory: 413  loss: 21.2299  loss_ori: 3.0036  loss_uatm: 7.1535  loss_ugsa: 11.0728
2026/02/18 18:12:22 - mmengine - INFO - Epoch(train)   [5][200/782]  lr: 5.0000e-02  eta: 2:16:23  time: 0.0442  data_time: 0.0007  memory: 413  loss: 21.1283  loss_ori: 2.3770  loss_uatm: 7.4030  loss_ugsa: 11.3482
2026/02/18 18:12:26 - mmengine - INFO - Epoch(train)   [5][300/782]  lr: 5.0000e-02  eta: 2:16:24  time: 0.0413  data_time: 0.0006  memory: 413  loss: 21.2156  loss_ori: 2.8402  loss_uatm: 7.0289  loss_ugsa: 11.3465
2026/02/18 18:12:31 - mmengine - INFO - Epoch(train)   [5][400/782]  lr: 5.0000e-02  eta: 2:16:19  time: 0.0668  data_time: 0.0009  memory: 413  loss: 21.7118  loss_ori: 2.6387  loss_uatm: 7.4910  loss_ugsa: 11.5822
2026/02/18 18:12:35 - mmengine - INFO - Epoch(train)   [5][500/782]  lr: 5.0000e-02  eta: 2:16:19  time: 0.0470  data_time: 0.0008  memory: 413  loss: 20.9367  loss_ori: 2.7022  loss_uatm: 6.9389  loss_ugsa: 11.2955
2026/02/18 18:12:40 - mmengine - INFO - Epoch(train)   [5][600/782]  lr: 5.0000e-02  eta: 2:16:22  time: 0.0430  data_time: 0.0007  memory: 413  loss: 21.9230  loss_ori: 2.2308  loss_uatm: 7.6251  loss_ugsa: 12.0671
2026/02/18 18:12:45 - mmengine - INFO - Epoch(train)   [5][700/782]  lr: 5.0000e-02  eta: 2:16:30  time: 0.0658  data_time: 0.0008  memory: 413  loss: 20.7296  loss_ori: 2.8402  loss_uatm: 6.7599  loss_ugsa: 11.1296
2026/02/18 18:12:48 - mmengine - INFO - Exp name: resnet32x4_resnet8x4_20260218_180916
2026/02/18 18:12:50 - mmengine - INFO - Epoch(val)   [5][100/157]    eta: 0:00:01  time: 0.0212  data_time: 0.0004  memory: 413  
2026/02/18 18:12:51 - mmengine - INFO - Epoch(val) [5][157/157]    accuracy/top1: 48.0500  data_time: 0.0006  time: 0.0215
2026/02/18 18:12:51 - mmengine - INFO - The previous best checkpoint /root/autodl-tmp/mmcls/work_dirs/cifar100/resnet32x4_resnet8x4/UATM+UGSA_temp=4.0_loss_weight=15.0+loss_weight=1.0_1/best_accuracy_top1_epoch_3.pth is removed
2026/02/18 18:12:52 - mmengine - INFO - The best checkpoint with 48.0500 accuracy/top1 at 5 epoch is saved to best_accuracy_top1_epoch_5.pth.
2026/02/18 18:12:56 - mmengine - INFO - Exp name: resnet32x4_resnet8x4_20260218_180916
2026/02/18 18:12:57 - mmengine - INFO - Epoch(train)   [6][100/782]  lr: 5.0000e-02  eta: 2:16:21  time: 0.0454  data_time: 0.0011  memory: 413  loss: 21.5824  loss_ori: 2.6502  loss_uatm: 6.9180  loss_ugsa: 12.0142
2026/02/18 18:13:01 - mmengine - INFO - Epoch(train)   [6][200/782]  lr: 5.0000e-02  eta: 2:16:13  time: 0.0447  data_time: 0.0010  memory: 413  loss: 21.0517  loss_ori: 2.5886  loss_uatm: 6.8798  loss_ugsa: 11.5832
2026/02/18 18:13:06 - mmengine - INFO - Epoch(train)   [6][300/782]  lr: 5.0000e-02  eta: 2:16:16  time: 0.0459  data_time: 0.0008  memory: 413  loss: 21.7651  loss_ori: 2.4617  loss_uatm: 7.4005  loss_ugsa: 11.9029
2026/02/18 18:13:10 - mmengine - INFO - Epoch(train)   [6][400/782]  lr: 5.0000e-02  eta: 2:16:05  time: 0.0368  data_time: 0.0008  memory: 413  loss: 21.1325  loss_ori: 2.4006  loss_uatm: 7.1409  loss_ugsa: 11.5910
2026/02/18 18:13:14 - mmengine - INFO - Epoch(train)   [6][500/782]  lr: 5.0000e-02  eta: 2:15:48  time: 0.0388  data_time: 0.0007  memory: 413  loss: 21.6609  loss_ori: 2.3949  loss_uatm: 7.0672  loss_ugsa: 12.1987
2026/02/18 18:13:19 - mmengine - INFO - Epoch(train)   [6][600/782]  lr: 5.0000e-02  eta: 2:15:53  time: 0.0457  data_time: 0.0007  memory: 413  loss: 20.2261  loss_ori: 2.6469  loss_uatm: 6.5662  loss_ugsa: 11.0129
2026/02/18 18:13:24 - mmengine - INFO - Epoch(train)   [6][700/782]  lr: 5.0000e-02  eta: 2:15:54  time: 0.0460  data_time: 0.0008  memory: 413  loss: 20.4424  loss_ori: 2.5830  loss_uatm: 6.4954  loss_ugsa: 11.3640
2026/02/18 18:13:27 - mmengine - INFO - Exp name: resnet32x4_resnet8x4_20260218_180916
2026/02/18 18:13:29 - mmengine - INFO - Epoch(val)   [6][100/157]    eta: 0:00:01  time: 0.0238  data_time: 0.0006  memory: 413  
2026/02/18 18:13:31 - mmengine - INFO - Epoch(val) [6][157/157]    accuracy/top1: 51.5700  data_time: 0.0008  time: 0.0236
2026/02/18 18:13:31 - mmengine - INFO - The previous best checkpoint /root/autodl-tmp/mmcls/work_dirs/cifar100/resnet32x4_resnet8x4/UATM+UGSA_temp=4.0_loss_weight=15.0+loss_weight=1.0_1/best_accuracy_top1_epoch_5.pth is removed
2026/02/18 18:13:32 - mmengine - INFO - The best checkpoint with 51.5700 accuracy/top1 at 6 epoch is saved to best_accuracy_top1_epoch_6.pth.
2026/02/18 18:13:36 - mmengine - INFO - Epoch(train)   [7][100/782]  lr: 5.0000e-02  eta: 2:15:52  time: 0.0430  data_time: 0.0008  memory: 413  loss: 20.7887  loss_ori: 2.3576  loss_uatm: 6.6197  loss_ugsa: 11.8114
2026/02/18 18:13:41 - mmengine - INFO - Epoch(train)   [7][200/782]  lr: 5.0000e-02  eta: 2:15:55  time: 0.0447  data_time: 0.0008  memory: 413  loss: 19.7374  loss_ori: 2.4648  loss_uatm: 6.2005  loss_ugsa: 11.0722
2026/02/18 18:13:46 - mmengine - INFO - Epoch(train)   [7][300/782]  lr: 5.0000e-02  eta: 2:15:49  time: 0.0461  data_time: 0.0007  memory: 413  loss: 20.8448  loss_ori: 2.2352  loss_uatm: 6.6082  loss_ugsa: 12.0014
2026/02/18 18:13:46 - mmengine - INFO - Exp name: resnet32x4_resnet8x4_20260218_180916
2026/02/18 18:13:50 - mmengine - INFO - Epoch(train)   [7][400/782]  lr: 5.0000e-02  eta: 2:15:52  time: 0.0429  data_time: 0.0007  memory: 413  loss: 20.3427  loss_ori: 2.6710  loss_uatm: 6.1071  loss_ugsa: 11.5647
2026/02/18 18:13:55 - mmengine - INFO - Epoch(train)   [7][500/782]  lr: 5.0000e-02  eta: 2:15:53  time: 0.0674  data_time: 0.0009  memory: 413  loss: 19.3836  loss_ori: 2.4943  loss_uatm: 6.2435  loss_ugsa: 10.6458
2026/02/18 18:13:59 - mmengine - INFO - Epoch(train)   [7][600/782]  lr: 5.0000e-02  eta: 2:15:43  time: 0.0424  data_time: 0.0010  memory: 413  loss: 20.4461  loss_ori: 2.4010  loss_uatm: 6.5044  loss_ugsa: 11.5407
2026/02/18 18:14:04 - mmengine - INFO - Epoch(train)   [7][700/782]  lr: 5.0000e-02  eta: 2:15:40  time: 0.0436  data_time: 0.0009  memory: 413  loss: 19.8244  loss_ori: 3.0398  loss_uatm: 5.6935  loss_ugsa: 11.0911
2026/02/18 18:14:07 - mmengine - INFO - Exp name: resnet32x4_resnet8x4_20260218_180916
2026/02/18 18:14:10 - mmengine - INFO - Epoch(val)   [7][100/157]    eta: 0:00:01  time: 0.0415  data_time: 0.0006  memory: 413  
2026/02/18 18:14:11 - mmengine - INFO - Epoch(val) [7][157/157]    accuracy/top1: 53.8600  data_time: 0.0010  time: 0.0225
2026/02/18 18:14:11 - mmengine - INFO - The previous best checkpoint /root/autodl-tmp/mmcls/work_dirs/cifar100/resnet32x4_resnet8x4/UATM+UGSA_temp=4.0_loss_weight=15.0+loss_weight=1.0_1/best_accuracy_top1_epoch_6.pth is removed
2026/02/18 18:14:12 - mmengine - INFO - The best checkpoint with 53.8600 accuracy/top1 at 7 epoch is saved to best_accuracy_top1_epoch_7.pth.
2026/02/18 18:14:16 - mmengine - INFO - Epoch(train)   [8][100/782]  lr: 5.0000e-02  eta: 2:15:29  time: 0.0399  data_time: 0.0006  memory: 413  loss: 19.8078  loss_ori: 2.6816  loss_uatm: 5.8864  loss_ugsa: 11.2398
2026/02/18 18:14:21 - mmengine - INFO - Epoch(train)   [8][200/782]  lr: 5.0000e-02  eta: 2:15:22  time: 0.0401  data_time: 0.0007  memory: 413  loss: 20.8444  loss_ori: 2.1784  loss_uatm: 6.6440  loss_ugsa: 12.0221
2026/02/18 18:14:25 - mmengine - INFO - Epoch(train)   [8][300/782]  lr: 5.0000e-02  eta: 2:15:11  time: 0.0398  data_time: 0.0008  memory: 413  loss: 19.7697  loss_ori: 2.4187  loss_uatm: 6.1891  loss_ugsa: 11.1618
2026/02/18 18:14:29 - mmengine - INFO - Epoch(train)   [8][400/782]  lr: 5.0000e-02  eta: 2:15:04  time: 0.0375  data_time: 0.0007  memory: 413  loss: 20.0839  loss_ori: 2.3247  loss_uatm: 6.3267  loss_ugsa: 11.4325
2026/02/18 18:14:34 - mmengine - INFO - Epoch(train)   [8][500/782]  lr: 5.0000e-02  eta: 2:15:08  time: 0.0467  data_time: 0.0017  memory: 413  loss: 19.6065  loss_ori: 2.6047  loss_uatm: 5.8680  loss_ugsa: 11.1338
2026/02/18 18:14:35 - mmengine - INFO - Exp name: resnet32x4_resnet8x4_20260218_180916
2026/02/18 18:14:38 - mmengine - INFO - Epoch(train)   [8][600/782]  lr: 5.0000e-02  eta: 2:14:59  time: 0.0460  data_time: 0.0013  memory: 413  loss: 19.8235  loss_ori: 2.3171  loss_uatm: 6.2682  loss_ugsa: 11.2382
2026/02/18 18:14:43 - mmengine - INFO - Epoch(train)   [8][700/782]  lr: 5.0000e-02  eta: 2:14:56  time: 0.0416  data_time: 0.0008  memory: 413  loss: 19.6117  loss_ori: 2.1806  loss_uatm: 6.1365  loss_ugsa: 11.2946
2026/02/18 18:14:46 - mmengine - INFO - Exp name: resnet32x4_resnet8x4_20260218_180916
2026/02/18 18:14:48 - mmengine - INFO - Epoch(val)   [8][100/157]    eta: 0:00:01  time: 0.0189  data_time: 0.0004  memory: 413  
2026/02/18 18:14:49 - mmengine - INFO - Epoch(val) [8][157/157]    accuracy/top1: 52.3900  data_time: 0.0009  time: 0.0210
2026/02/18 18:14:53 - mmengine - INFO - Epoch(train)   [9][100/782]  lr: 5.0000e-02  eta: 2:14:09  time: 0.0412  data_time: 0.0006  memory: 413  loss: 20.0336  loss_ori: 2.1951  loss_uatm: 6.1982  loss_ugsa: 11.6403
2026/02/18 18:14:57 - mmengine - INFO - Epoch(train)   [9][200/782]  lr: 5.0000e-02  eta: 2:14:01  time: 0.0462  data_time: 0.0008  memory: 413  loss: 19.2600  loss_ori: 2.0431  loss_uatm: 5.7958  loss_ugsa: 11.4212
2026/02/18 18:15:02 - mmengine - INFO - Epoch(train)   [9][300/782]  lr: 5.0000e-02  eta: 2:13:56  time: 0.0441  data_time: 0.0009  memory: 413  loss: 19.7529  loss_ori: 2.1506  loss_uatm: 6.2727  loss_ugsa: 11.3296
2026/02/18 18:15:07 - mmengine - INFO - Epoch(train)   [9][400/782]  lr: 5.0000e-02  eta: 2:14:08  time: 0.0438  data_time: 0.0008  memory: 413  loss: 19.2070  loss_ori: 2.1714  loss_uatm: 5.7825  loss_ugsa: 11.2532
2026/02/18 18:15:11 - mmengine - INFO - Epoch(train)   [9][500/782]  lr: 5.0000e-02  eta: 2:14:10  time: 0.0446  data_time: 0.0008  memory: 413  loss: 19.8975  loss_ori: 1.9697  loss_uatm: 6.2320  loss_ugsa: 11.6958
2026/02/18 18:15:16 - mmengine - INFO - Epoch(train)   [9][600/782]  lr: 5.0000e-02  eta: 2:14:03  time: 0.0442  data_time: 0.0009  memory: 413  loss: 19.2848  loss_ori: 2.6249  loss_uatm: 5.5930  loss_ugsa: 11.0668
2026/02/18 18:15:20 - mmengine - INFO - Epoch(train)   [9][700/782]  lr: 5.0000e-02  eta: 2:13:58  time: 0.0421  data_time: 0.0007  memory: 413  loss: 19.9498  loss_ori: 2.7242  loss_uatm: 5.6401  loss_ugsa: 11.5856
2026/02/18 18:15:22 - mmengine - INFO - Exp name: resnet32x4_resnet8x4_20260218_180916
2026/02/18 18:15:24 - mmengine - INFO - Exp name: resnet32x4_resnet8x4_20260218_180916
2026/02/18 18:15:26 - mmengine - INFO - Epoch(val)   [9][100/157]    eta: 0:00:01  time: 0.0191  data_time: 0.0004  memory: 413  
2026/02/18 18:15:28 - mmengine - INFO - Epoch(val) [9][157/157]    accuracy/top1: 55.1400  data_time: 0.0009  time: 0.0235
2026/02/18 18:15:28 - mmengine - INFO - The previous best checkpoint /root/autodl-tmp/mmcls/work_dirs/cifar100/resnet32x4_resnet8x4/UATM+UGSA_temp=4.0_loss_weight=15.0+loss_weight=1.0_1/best_accuracy_top1_epoch_7.pth is removed
2026/02/18 18:15:28 - mmengine - INFO - The best checkpoint with 55.1400 accuracy/top1 at 9 epoch is saved to best_accuracy_top1_epoch_9.pth.
2026/02/18 18:15:33 - mmengine - INFO - Epoch(train)  [10][100/782]  lr: 5.0000e-02  eta: 2:13:50  time: 0.0421  data_time: 0.0008  memory: 413  loss: 19.1629  loss_ori: 2.7800  loss_uatm: 5.4120  loss_ugsa: 10.9709
2026/02/18 18:15:38 - mmengine - INFO - Epoch(train)  [10][200/782]  lr: 5.0000e-02  eta: 2:13:53  time: 0.0479  data_time: 0.0008  memory: 413  loss: 19.7098  loss_ori: 2.7818  loss_uatm: 5.3899  loss_ugsa: 11.5381
2026/02/18 18:15:42 - mmengine - INFO - Epoch(train)  [10][300/782]  lr: 5.0000e-02  eta: 2:13:47  time: 0.0392  data_time: 0.0006  memory: 413  loss: 19.2635  loss_ori: 2.0160  loss_uatm: 5.7327  loss_ugsa: 11.5147
2026/02/18 18:15:46 - mmengine - INFO - Epoch(train)  [10][400/782]  lr: 5.0000e-02  eta: 2:13:21  time: 0.0389  data_time: 0.0008  memory: 413  loss: 19.8503  loss_ori: 2.2152  loss_uatm: 5.9566  loss_ugsa: 11.6785
2026/02/18 18:15:50 - mmengine - INFO - Epoch(train)  [10][500/782]  lr: 5.0000e-02  eta: 2:13:05  time: 0.0428  data_time: 0.0009  memory: 413  loss: 19.3912  loss_ori: 2.1545  loss_uatm: 5.7257  loss_ugsa: 11.5110
2026/02/18 18:15:55 - mmengine - INFO - Epoch(train)  [10][600/782]  lr: 5.0000e-02  eta: 2:13:12  time: 0.0786  data_time: 0.0009  memory: 413  loss: 19.3716  loss_ori: 2.3478  loss_uatm: 5.5166  loss_ugsa: 11.5071
2026/02/18 18:15:59 - mmengine - INFO - Epoch(train)  [10][700/782]  lr: 5.0000e-02  eta: 2:13:04  time: 0.0375  data_time: 0.0007  memory: 413  loss: 20.5181  loss_ori: 2.0970  loss_uatm: 6.0416  loss_ugsa: 12.3796
2026/02/18 18:16:03 - mmengine - INFO - Exp name: resnet32x4_resnet8x4_20260218_180916
2026/02/18 18:16:05 - mmengine - INFO - Epoch(val)  [10][100/157]    eta: 0:00:01  time: 0.0194  data_time: 0.0005  memory: 413  
2026/02/18 18:16:06 - mmengine - INFO - Epoch(val) [10][157/157]    accuracy/top1: 56.2700  data_time: 0.0008  time: 0.0223
2026/02/18 18:16:06 - mmengine - INFO - The previous best checkpoint /root/autodl-tmp/mmcls/work_dirs/cifar100/resnet32x4_resnet8x4/UATM+UGSA_temp=4.0_loss_weight=15.0+loss_weight=1.0_1/best_accuracy_top1_epoch_9.pth is removed
2026/02/18 18:16:07 - mmengine - INFO - The best checkpoint with 56.2700 accuracy/top1 at 10 epoch is saved to best_accuracy_top1_epoch_10.pth.
2026/02/18 18:16:12 - mmengine - INFO - Epoch(train)  [11][100/782]  lr: 5.0000e-02  eta: 2:13:06  time: 0.0489  data_time: 0.0010  memory: 413  loss: 18.9740  loss_ori: 2.4806  loss_uatm: 5.3439  loss_ugsa: 11.1495
2026/02/18 18:16:16 - mmengine - INFO - Exp name: resnet32x4_resnet8x4_20260218_180916
2026/02/18 18:16:16 - mmengine - INFO - Epoch(train)  [11][200/782]  lr: 5.0000e-02  eta: 2:13:01  time: 0.0392  data_time: 0.0008  memory: 413  loss: 19.7983  loss_ori: 2.1608  loss_uatm: 5.7981  loss_ugsa: 11.8394
2026/02/18 18:16:21 - mmengine - INFO - Epoch(train)  [11][300/782]  lr: 5.0000e-02  eta: 2:12:55  time: 0.0435  data_time: 0.0010  memory: 413  loss: 20.1011  loss_ori: 2.2864  loss_uatm: 5.8062  loss_ugsa: 12.0085
2026/02/18 18:16:25 - mmengine - INFO - Epoch(train)  [11][400/782]  lr: 5.0000e-02  eta: 2:12:46  time: 0.0365  data_time: 0.0007  memory: 413  loss: 19.0483  loss_ori: 1.8716  loss_uatm: 5.8347  loss_ugsa: 11.3420
2026/02/18 18:16:29 - mmengine - INFO - Epoch(train)  [11][500/782]  lr: 5.0000e-02  eta: 2:12:27  time: 0.0415  data_time: 0.0007  memory: 413  loss: 19.7379  loss_ori: 2.5153  loss_uatm: 5.5012  loss_ugsa: 11.7215
2026/02/18 18:16:33 - mmengine - INFO - Epoch(train)  [11][600/782]  lr: 5.0000e-02  eta: 2:12:19  time: 0.0380  data_time: 0.0007  memory: 413  loss: 18.3867  loss_ori: 2.2127  loss_uatm: 5.4594  loss_ugsa: 10.7146
2026/02/18 18:16:37 - mmengine - INFO - Epoch(train)  [11][700/782]  lr: 5.0000e-02  eta: 2:12:14  time: 0.0424  data_time: 0.0008  memory: 413  loss: 19.2318  loss_ori: 2.2367  loss_uatm: 5.3502  loss_ugsa: 11.6449
2026/02/18 18:16:41 - mmengine - INFO - Exp name: resnet32x4_resnet8x4_20260218_180916
2026/02/18 18:16:44 - mmengine - INFO - Epoch(val)  [11][100/157]    eta: 0:00:01  time: 0.0198  data_time: 0.0006  memory: 413  
2026/02/18 18:16:45 - mmengine - INFO - Epoch(val) [11][157/157]    accuracy/top1: 56.1900  data_time: 0.0010  time: 0.0232
2026/02/18 18:16:49 - mmengine - INFO - Epoch(train)  [12][100/782]  lr: 5.0000e-02  eta: 2:11:53  time: 0.0281  data_time: 0.0006  memory: 413  loss: 19.2545  loss_ori: 2.1177  loss_uatm: 5.3412  loss_ugsa: 11.7957
2026/02/18 18:16:52 - mmengine - INFO - Epoch(train)  [12][200/782]  lr: 5.0000e-02  eta: 2:11:35  time: 0.0420  data_time: 0.0007  memory: 413  loss: 19.0462  loss_ori: 1.9656  loss_uatm: 5.5369  loss_ugsa: 11.5437
2026/02/18 18:16:57 - mmengine - INFO - Epoch(train)  [12][300/782]  lr: 5.0000e-02  eta: 2:11:31  time: 0.0413  data_time: 0.0007  memory: 413  loss: 18.9956  loss_ori: 2.1285  loss_uatm: 5.5252  loss_ugsa: 11.3418
2026/02/18 18:17:01 - mmengine - INFO - Exp name: resnet32x4_resnet8x4_20260218_180916
2026/02/18 18:17:01 - mmengine - INFO - Epoch(train)  [12][400/782]  lr: 5.0000e-02  eta: 2:11:19  time: 0.0367  data_time: 0.0007  memory: 413  loss: 19.8586  loss_ori: 2.0012  loss_uatm: 5.7422  loss_ugsa: 12.1152
2026/02/18 18:17:05 - mmengine - INFO - Epoch(train)  [12][500/782]  lr: 5.0000e-02  eta: 2:11:14  time: 0.0430  data_time: 0.0007  memory: 413  loss: 19.6984  loss_ori: 2.1353  loss_uatm: 5.6300  loss_ugsa: 11.9331
2026/02/18 18:17:09 - mmengine - INFO - Epoch(train)  [12][600/782]  lr: 5.0000e-02  eta: 2:11:01  time: 0.0561  data_time: 0.0008  memory: 413  loss: 19.6273  loss_ori: 2.5062  loss_uatm: 5.7085  loss_ugsa: 11.4125
2026/02/18 18:17:14 - mmengine - INFO - Epoch(train)  [12][700/782]  lr: 5.0000e-02  eta: 2:10:56  time: 0.0432  data_time: 0.0008  memory: 413  loss: 19.4972  loss_ori: 2.3951  loss_uatm: 5.6739  loss_ugsa: 11.4282
2026/02/18 18:17:17 - mmengine - INFO - Exp name: resnet32x4_resnet8x4_20260218_180916
2026/02/18 18:17:20 - mmengine - INFO - Epoch(val)  [12][100/157]    eta: 0:00:01  time: 0.0215  data_time: 0.0005  memory: 413  
2026/02/18 18:17:21 - mmengine - INFO - Epoch(val) [12][157/157]    accuracy/top1: 57.0500  data_time: 0.0008  time: 0.0235
2026/02/18 18:17:21 - mmengine - INFO - The previous best checkpoint /root/autodl-tmp/mmcls/work_dirs/cifar100/resnet32x4_resnet8x4/UATM+UGSA_temp=4.0_loss_weight=15.0+loss_weight=1.0_1/best_accuracy_top1_epoch_10.pth is removed
2026/02/18 18:17:22 - mmengine - INFO - The best checkpoint with 57.0500 accuracy/top1 at 12 epoch is saved to best_accuracy_top1_epoch_12.pth.
2026/02/18 18:17:27 - mmengine - INFO - Epoch(train)  [13][100/782]  lr: 5.0000e-02  eta: 2:10:52  time: 0.0696  data_time: 0.0008  memory: 413  loss: 19.3869  loss_ori: 2.2053  loss_uatm: 5.6645  loss_ugsa: 11.5171
2026/02/18 18:17:30 - mmengine - INFO - Epoch(train)  [13][200/782]  lr: 5.0000e-02  eta: 2:10:36  time: 0.0389  data_time: 0.0006  memory: 413  loss: 19.6705  loss_ori: 2.1175  loss_uatm: 5.6144  loss_ugsa: 11.9386
2026/02/18 18:17:35 - mmengine - INFO - Epoch(train)  [13][300/782]  lr: 5.0000e-02  eta: 2:10:34  time: 0.0470  data_time: 0.0009  memory: 413  loss: 19.2315  loss_ori: 2.2816  loss_uatm: 5.2974  loss_ugsa: 11.6525
2026/02/18 18:17:39 - mmengine - INFO - Epoch(train)  [13][400/782]  lr: 5.0000e-02  eta: 2:10:34  time: 0.0651  data_time: 0.0008  memory: 413  loss: 19.0388  loss_ori: 2.2788  loss_uatm: 5.4572  loss_ugsa: 11.3028
2026/02/18 18:17:44 - mmengine - INFO - Epoch(train)  [13][500/782]  lr: 5.0000e-02  eta: 2:10:31  time: 0.0462  data_time: 0.0009  memory: 413  loss: 19.0558  loss_ori: 2.1782  loss_uatm: 5.4940  loss_ugsa: 11.3835
2026/02/18 18:17:49 - mmengine - INFO - Epoch(train)  [13][600/782]  lr: 5.0000e-02  eta: 2:10:32  time: 0.0471  data_time: 0.0009  memory: 413  loss: 19.2356  loss_ori: 2.3055  loss_uatm: 5.2296  loss_ugsa: 11.7005
2026/02/18 18:17:49 - mmengine - INFO - Exp name: resnet32x4_resnet8x4_20260218_180916
2026/02/18 18:17:53 - mmengine - INFO - Epoch(train)  [13][700/782]  lr: 5.0000e-02  eta: 2:10:26  time: 0.0404  data_time: 0.0010  memory: 413  loss: 19.4664  loss_ori: 1.9686  loss_uatm: 5.3346  loss_ugsa: 12.1632
2026/02/18 18:17:57 - mmengine - INFO - Exp name: resnet32x4_resnet8x4_20260218_180916
2026/02/18 18:17:59 - mmengine - INFO - Epoch(val)  [13][100/157]    eta: 0:00:01  time: 0.0199  data_time: 0.0006  memory: 413  
2026/02/18 18:18:01 - mmengine - INFO - Epoch(val) [13][157/157]    accuracy/top1: 57.2200  data_time: 0.0009  time: 0.0226
2026/02/18 18:18:01 - mmengine - INFO - The previous best checkpoint /root/autodl-tmp/mmcls/work_dirs/cifar100/resnet32x4_resnet8x4/UATM+UGSA_temp=4.0_loss_weight=15.0+loss_weight=1.0_1/best_accuracy_top1_epoch_12.pth is removed
2026/02/18 18:18:01 - mmengine - INFO - The best checkpoint with 57.2200 accuracy/top1 at 13 epoch is saved to best_accuracy_top1_epoch_13.pth.
2026/02/18 18:18:06 - mmengine - INFO - Epoch(train)  [14][100/782]  lr: 5.0000e-02  eta: 2:10:29  time: 0.0428  data_time: 0.0008  memory: 413  loss: 19.1353  loss_ori: 2.0713  loss_uatm: 5.4681  loss_ugsa: 11.5959
2026/02/18 18:18:11 - mmengine - INFO - Epoch(train)  [14][200/782]  lr: 5.0000e-02  eta: 2:10:26  time: 0.0476  data_time: 0.0009  memory: 413  loss: 18.8749  loss_ori: 1.9163  loss_uatm: 5.4359  loss_ugsa: 11.5227
2026/02/18 18:18:15 - mmengine - INFO - Epoch(train)  [14][300/782]  lr: 5.0000e-02  eta: 2:10:26  time: 0.0439  data_time: 0.0008  memory: 413  loss: 19.2599  loss_ori: 1.8065  loss_uatm: 5.8009  loss_ugsa: 11.6524
2026/02/18 18:18:20 - mmengine - INFO - Epoch(train)  [14][400/782]  lr: 5.0000e-02  eta: 2:10:25  time: 0.0869  data_time: 0.0010  memory: 413  loss: 18.9292  loss_ori: 2.4358  loss_uatm: 5.2989  loss_ugsa: 11.1944
2026/02/18 18:18:24 - mmengine - INFO - Epoch(train)  [14][500/782]  lr: 5.0000e-02  eta: 2:10:23  time: 0.0430  data_time: 0.0008  memory: 413  loss: 18.8682  loss_ori: 2.2896  loss_uatm: 5.2144  loss_ugsa: 11.3642
2026/02/18 18:18:29 - mmengine - INFO - Epoch(train)  [14][600/782]  lr: 5.0000e-02  eta: 2:10:24  time: 0.0436  data_time: 0.0009  memory: 413  loss: 18.9368  loss_ori: 2.3770  loss_uatm: 5.1248  loss_ugsa: 11.4349
2026/02/18 18:18:34 - mmengine - INFO - Epoch(train)  [14][700/782]  lr: 5.0000e-02  eta: 2:10:19  time: 0.0440  data_time: 0.0008  memory: 413  loss: 18.4947  loss_ori: 2.4308  loss_uatm: 5.1143  loss_ugsa: 10.9496
2026/02/18 18:18:37 - mmengine - INFO - Exp name: resnet32x4_resnet8x4_20260218_180916
2026/02/18 18:18:40 - mmengine - INFO - Epoch(val)  [14][100/157]    eta: 0:00:01  time: 0.0191  data_time: 0.0011  memory: 413  
2026/02/18 18:18:41 - mmengine - INFO - Epoch(val) [14][157/157]    accuracy/top1: 55.7500  data_time: 0.0010  time: 0.0239
2026/02/18 18:18:44 - mmengine - INFO - Exp name: resnet32x4_resnet8x4_20260218_180916
2026/02/18 18:18:46 - mmengine - INFO - Epoch(train)  [15][100/782]  lr: 5.0000e-02  eta: 2:10:19  time: 0.0409  data_time: 0.0007  memory: 413  loss: 18.7741  loss_ori: 2.2701  loss_uatm: 5.0866  loss_ugsa: 11.4175
2026/02/18 18:18:50 - mmengine - INFO - Epoch(train)  [15][200/782]  lr: 5.0000e-02  eta: 2:10:14  time: 0.0428  data_time: 0.0009  memory: 413  loss: 19.5349  loss_ori: 2.4163  loss_uatm: 5.2373  loss_ugsa: 11.8813
2026/02/18 18:18:55 - mmengine - INFO - Epoch(train)  [15][300/782]  lr: 5.0000e-02  eta: 2:10:13  time: 0.0424  data_time: 0.0008  memory: 413  loss: 18.7563  loss_ori: 2.0868  loss_uatm: 5.3640  loss_ugsa: 11.3056
2026/02/18 18:19:00 - mmengine - INFO - Epoch(train)  [15][400/782]  lr: 5.0000e-02  eta: 2:10:13  time: 0.0684  data_time: 0.0015  memory: 413  loss: 19.0272  loss_ori: 1.6639  loss_uatm: 5.5980  loss_ugsa: 11.7653
2026/02/18 18:19:04 - mmengine - INFO - Epoch(train)  [15][500/782]  lr: 5.0000e-02  eta: 2:10:08  time: 0.0392  data_time: 0.0008  memory: 413  loss: 19.6789  loss_ori: 2.2114  loss_uatm: 5.5884  loss_ugsa: 11.8791
2026/02/18 18:19:09 - mmengine - INFO - Epoch(train)  [15][600/782]  lr: 5.0000e-02  eta: 2:10:04  time: 0.0353  data_time: 0.0008  memory: 413  loss: 18.7274  loss_ori: 2.2637  loss_uatm: 5.1002  loss_ugsa: 11.3635
2026/02/18 18:19:13 - mmengine - INFO - Epoch(train)  [15][700/782]  lr: 5.0000e-02  eta: 2:09:56  time: 0.0439  data_time: 0.0008  memory: 413  loss: 19.2281  loss_ori: 2.4124  loss_uatm: 5.1979  loss_ugsa: 11.6178
2026/02/18 18:19:17 - mmengine - INFO - Exp name: resnet32x4_resnet8x4_20260218_180916
2026/02/18 18:19:19 - mmengine - INFO - Epoch(val)  [15][100/157]    eta: 0:00:01  time: 0.0196  data_time: 0.0005  memory: 413  
2026/02/18 18:19:20 - mmengine - INFO - Epoch(val) [15][157/157]    accuracy/top1: 59.0900  data_time: 0.0010  time: 0.0236
2026/02/18 18:19:20 - mmengine - INFO - The previous best checkpoint /root/autodl-tmp/mmcls/work_dirs/cifar100/resnet32x4_resnet8x4/UATM+UGSA_temp=4.0_loss_weight=15.0+loss_weight=1.0_1/best_accuracy_top1_epoch_13.pth is removed
2026/02/18 18:19:21 - mmengine - INFO - The best checkpoint with 59.0900 accuracy/top1 at 15 epoch is saved to best_accuracy_top1_epoch_15.pth.
2026/02/18 18:19:26 - mmengine - INFO - Epoch(train)  [16][100/782]  lr: 5.0000e-02  eta: 2:09:53  time: 0.0365  data_time: 0.0009  memory: 413  loss: 19.0388  loss_ori: 2.3508  loss_uatm: 5.1134  loss_ugsa: 11.5746
2026/02/18 18:19:30 - mmengine - INFO - Epoch(train)  [16][200/782]  lr: 5.0000e-02  eta: 2:09:43  time: 0.0340  data_time: 0.0008  memory: 413  loss: 19.3105  loss_ori: 2.3874  loss_uatm: 5.2240  loss_ugsa: 11.6992
2026/02/18 18:19:33 - mmengine - INFO - Exp name: resnet32x4_resnet8x4_20260218_180916
2026/02/18 18:19:35 - mmengine - INFO - Epoch(train)  [16][300/782]  lr: 5.0000e-02  eta: 2:09:40  time: 0.0445  data_time: 0.0009  memory: 413  loss: 18.9733  loss_ori: 2.1361  loss_uatm: 5.4996  loss_ugsa: 11.3376
2026/02/18 18:19:39 - mmengine - INFO - Epoch(train)  [16][400/782]  lr: 5.0000e-02  eta: 2:09:38  time: 0.0429  data_time: 0.0009  memory: 413  loss: 19.4581  loss_ori: 2.3198  loss_uatm: 5.2556  loss_ugsa: 11.8827
2026/02/18 18:19:44 - mmengine - INFO - Epoch(train)  [16][500/782]  lr: 5.0000e-02  eta: 2:09:32  time: 0.0423  data_time: 0.0009  memory: 413  loss: 19.1492  loss_ori: 2.3984  loss_uatm: 5.2738  loss_ugsa: 11.4770
2026/02/18 18:19:48 - mmengine - INFO - Epoch(train)  [16][600/782]  lr: 5.0000e-02  eta: 2:09:30  time: 0.0446  data_time: 0.0009  memory: 413  loss: 19.0965  loss_ori: 2.1742  loss_uatm: 5.1695  loss_ugsa: 11.7528
2026/02/18 18:19:53 - mmengine - INFO - Epoch(train)  [16][700/782]  lr: 5.0000e-02  eta: 2:09:25  time: 0.0389  data_time: 0.0008  memory: 413  loss: 19.1261  loss_ori: 2.1869  loss_uatm: 5.3407  loss_ugsa: 11.5984
2026/02/18 18:19:56 - mmengine - INFO - Exp name: resnet32x4_resnet8x4_20260218_180916
2026/02/18 18:19:58 - mmengine - INFO - Epoch(val)  [16][100/157]    eta: 0:00:01  time: 0.0207  data_time: 0.0005  memory: 413  
2026/02/18 18:19:59 - mmengine - INFO - Epoch(val) [16][157/157]    accuracy/top1: 56.7500  data_time: 0.0010  time: 0.0217
2026/02/18 18:20:04 - mmengine - INFO - Epoch(train)  [17][100/782]  lr: 5.0000e-02  eta: 2:09:08  time: 0.0340  data_time: 0.0006  memory: 413  loss: 18.9636  loss_ori: 2.0443  loss_uatm: 5.5761  loss_ugsa: 11.3432
2026/02/18 18:20:07 - mmengine - INFO - Epoch(train)  [17][200/782]  lr: 5.0000e-02  eta: 2:08:54  time: 0.0433  data_time: 0.0008  memory: 413  loss: 18.5837  loss_ori: 2.5840  loss_uatm: 4.7645  loss_ugsa: 11.2351
2026/02/18 18:20:12 - mmengine - INFO - Epoch(train)  [17][300/782]  lr: 5.0000e-02  eta: 2:08:52  time: 0.0436  data_time: 0.0008  memory: 413  loss: 18.5587  loss_ori: 2.3893  loss_uatm: 4.9172  loss_ugsa: 11.2522
2026/02/18 18:20:17 - mmengine - INFO - Epoch(train)  [17][400/782]  lr: 5.0000e-02  eta: 2:08:50  time: 0.0391  data_time: 0.0007  memory: 413  loss: 18.6396  loss_ori: 2.1147  loss_uatm: 5.0269  loss_ugsa: 11.4980
2026/02/18 18:20:20 - mmengine - INFO - Exp name: resnet32x4_resnet8x4_20260218_180916
2026/02/18 18:20:21 - mmengine - INFO - Epoch(train)  [17][500/782]  lr: 5.0000e-02  eta: 2:08:44  time: 0.0451  data_time: 0.0008  memory: 413  loss: 18.8086  loss_ori: 1.8648  loss_uatm: 5.2070  loss_ugsa: 11.7367
2026/02/18 18:20:26 - mmengine - INFO - Epoch(train)  [17][600/782]  lr: 5.0000e-02  eta: 2:08:42  time: 0.0410  data_time: 0.0010  memory: 413  loss: 18.9398  loss_ori: 1.9673  loss_uatm: 5.3438  loss_ugsa: 11.6287
2026/02/18 18:20:30 - mmengine - INFO - Epoch(train)  [17][700/782]  lr: 5.0000e-02  eta: 2:08:37  time: 0.0406  data_time: 0.0008  memory: 413  loss: 18.5766  loss_ori: 2.4071  loss_uatm: 5.0106  loss_ugsa: 11.1589
2026/02/18 18:20:34 - mmengine - INFO - Exp name: resnet32x4_resnet8x4_20260218_180916
2026/02/18 18:20:36 - mmengine - INFO - Epoch(val)  [17][100/157]    eta: 0:00:01  time: 0.0195  data_time: 0.0005  memory: 413  
2026/02/18 18:20:37 - mmengine - INFO - Epoch(val) [17][157/157]    accuracy/top1: 60.8700  data_time: 0.0009  time: 0.0230
2026/02/18 18:20:37 - mmengine - INFO - The previous best checkpoint /root/autodl-tmp/mmcls/work_dirs/cifar100/resnet32x4_resnet8x4/UATM+UGSA_temp=4.0_loss_weight=15.0+loss_weight=1.0_1/best_accuracy_top1_epoch_15.pth is removed
2026/02/18 18:20:38 - mmengine - INFO - The best checkpoint with 60.8700 accuracy/top1 at 17 epoch is saved to best_accuracy_top1_epoch_17.pth.
2026/02/18 18:20:43 - mmengine - INFO - Epoch(train)  [18][100/782]  lr: 5.0000e-02  eta: 2:08:34  time: 0.0470  data_time: 0.0011  memory: 413  loss: 18.5144  loss_ori: 2.1440  loss_uatm: 5.0838  loss_ugsa: 11.2865
2026/02/18 18:20:48 - mmengine - INFO - Epoch(train)  [18][200/782]  lr: 5.0000e-02  eta: 2:08:32  time: 0.0434  data_time: 0.0013  memory: 413  loss: 18.3857  loss_ori: 2.1234  loss_uatm: 5.0202  loss_ugsa: 11.2421
2026/02/18 18:20:52 - mmengine - INFO - Epoch(train)  [18][300/782]  lr: 5.0000e-02  eta: 2:08:26  time: 0.0415  data_time: 0.0008  memory: 413  loss: 18.7826  loss_ori: 2.0538  loss_uatm: 4.9689  loss_ugsa: 11.7599
2026/02/18 18:20:56 - mmengine - INFO - Epoch(train)  [18][400/782]  lr: 5.0000e-02  eta: 2:08:18  time: 0.0411  data_time: 0.0009  memory: 413  loss: 18.5831  loss_ori: 2.0971  loss_uatm: 5.1401  loss_ugsa: 11.3458
2026/02/18 18:21:00 - mmengine - INFO - Epoch(train)  [18][500/782]  lr: 5.0000e-02  eta: 2:08:12  time: 0.0369  data_time: 0.0008  memory: 413  loss: 18.1924  loss_ori: 2.0761  loss_uatm: 5.1474  loss_ugsa: 10.9689
2026/02/18 18:21:04 - mmengine - INFO - Epoch(train)  [18][600/782]  lr: 5.0000e-02  eta: 2:07:59  time: 0.0435  data_time: 0.0015  memory: 413  loss: 18.9779  loss_ori: 1.8793  loss_uatm: 5.2026  loss_ugsa: 11.8960
2026/02/18 18:21:09 - mmengine - INFO - Epoch(train)  [18][700/782]  lr: 5.0000e-02  eta: 2:07:57  time: 0.0427  data_time: 0.0010  memory: 413  loss: 18.9470  loss_ori: 2.1614  loss_uatm: 5.1966  loss_ugsa: 11.5890
2026/02/18 18:21:09 - mmengine - INFO - Exp name: resnet32x4_resnet8x4_20260218_180916
2026/02/18 18:21:12 - mmengine - INFO - Exp name: resnet32x4_resnet8x4_20260218_180916
2026/02/18 18:21:15 - mmengine - INFO - Epoch(val)  [18][100/157]    eta: 0:00:01  time: 0.0202  data_time: 0.0005  memory: 413  
2026/02/18 18:21:16 - mmengine - INFO - Epoch(val) [18][157/157]    accuracy/top1: 58.7000  data_time: 0.0009  time: 0.0230
2026/02/18 18:21:21 - mmengine - INFO - Epoch(train)  [19][100/782]  lr: 5.0000e-02  eta: 2:07:47  time: 0.0445  data_time: 0.0009  memory: 413  loss: 18.8456  loss_ori: 2.1531  loss_uatm: 5.0528  loss_ugsa: 11.6396
2026/02/18 18:21:25 - mmengine - INFO - Epoch(train)  [19][200/782]  lr: 5.0000e-02  eta: 2:07:44  time: 0.0432  data_time: 0.0008  memory: 413  loss: 18.3308  loss_ori: 2.1735  loss_uatm: 5.0228  loss_ugsa: 11.1344
2026/02/18 18:21:29 - mmengine - INFO - Epoch(train)  [19][300/782]  lr: 5.0000e-02  eta: 2:07:36  time: 0.0423  data_time: 0.0008  memory: 413  loss: 18.4901  loss_ori: 2.2112  loss_uatm: 4.8112  loss_ugsa: 11.4677
2026/02/18 18:21:34 - mmengine - INFO - Epoch(train)  [19][400/782]  lr: 5.0000e-02  eta: 2:07:33  time: 0.0385  data_time: 0.0007  memory: 413  loss: 18.9825  loss_ori: 2.3425  loss_uatm: 5.0825  loss_ugsa: 11.5574
2026/02/18 18:21:38 - mmengine - INFO - Epoch(train)  [19][500/782]  lr: 5.0000e-02  eta: 2:07:28  time: 0.0412  data_time: 0.0011  memory: 413  loss: 18.1694  loss_ori: 2.0185  loss_uatm: 4.9904  loss_ugsa: 11.1605
2026/02/18 18:21:43 - mmengine - INFO - Epoch(train)  [19][600/782]  lr: 5.0000e-02  eta: 2:07:23  time: 0.0452  data_time: 0.0008  memory: 413  loss: 18.1805  loss_ori: 2.0830  loss_uatm: 4.9438  loss_ugsa: 11.1537
2026/02/18 18:21:47 - mmengine - INFO - Epoch(train)  [19][700/782]  lr: 5.0000e-02  eta: 2:07:20  time: 0.0420  data_time: 0.0008  memory: 413  loss: 18.8581  loss_ori: 1.9820  loss_uatm: 5.1478  loss_ugsa: 11.7283
2026/02/18 18:21:51 - mmengine - INFO - Exp name: resnet32x4_resnet8x4_20260218_180916
2026/02/18 18:21:53 - mmengine - INFO - Epoch(val)  [19][100/157]    eta: 0:00:01  time: 0.0223  data_time: 0.0005  memory: 413  
2026/02/18 18:21:55 - mmengine - INFO - Epoch(val) [19][157/157]    accuracy/top1: 59.6600  data_time: 0.0009  time: 0.0241
2026/02/18 18:21:59 - mmengine - INFO - Epoch(train)  [20][100/782]  lr: 5.0000e-02  eta: 2:07:17  time: 0.0448  data_time: 0.0008  memory: 413  loss: 18.2364  loss_ori: 2.0129  loss_uatm: 4.9767  loss_ugsa: 11.2468
2026/02/18 18:22:01 - mmengine - INFO - Exp name: resnet32x4_resnet8x4_20260218_180916
2026/02/18 18:22:04 - mmengine - INFO - Epoch(train)  [20][200/782]  lr: 5.0000e-02  eta: 2:07:13  time: 0.0451  data_time: 0.0008  memory: 413  loss: 18.8540  loss_ori: 2.3344  loss_uatm: 4.8382  loss_ugsa: 11.6814
2026/02/18 18:22:08 - mmengine - INFO - Epoch(train)  [20][300/782]  lr: 5.0000e-02  eta: 2:07:04  time: 0.0386  data_time: 0.0008  memory: 413  loss: 18.8671  loss_ori: 2.0121  loss_uatm: 5.2093  loss_ugsa: 11.6457
2026/02/18 18:22:12 - mmengine - INFO - Epoch(train)  [20][400/782]  lr: 5.0000e-02  eta: 2:06:57  time: 0.0380  data_time: 0.0008  memory: 413  loss: 18.1166  loss_ori: 1.8458  loss_uatm: 5.0410  loss_ugsa: 11.2297
2026/02/18 18:22:16 - mmengine - INFO - Epoch(train)  [20][500/782]  lr: 5.0000e-02  eta: 2:06:51  time: 0.0468  data_time: 0.0008  memory: 413  loss: 17.9615  loss_ori: 2.2439  loss_uatm: 4.8920  loss_ugsa: 10.8256
2026/02/18 18:22:21 - mmengine - INFO - Epoch(train)  [20][600/782]  lr: 5.0000e-02  eta: 2:06:46  time: 0.0423  data_time: 0.0008  memory: 413  loss: 18.5531  loss_ori: 2.4472  loss_uatm: 4.8160  loss_ugsa: 11.2898
2026/02/18 18:22:25 - mmengine - INFO - Epoch(train)  [20][700/782]  lr: 5.0000e-02  eta: 2:06:44  time: 0.0445  data_time: 0.0008  memory: 413  loss: 19.1688  loss_ori: 1.8524  loss_uatm: 5.4013  loss_ugsa: 11.9151
2026/02/18 18:22:29 - mmengine - INFO - Exp name: resnet32x4_resnet8x4_20260218_180916
2026/02/18 18:22:31 - mmengine - INFO - Epoch(val)  [20][100/157]    eta: 0:00:01  time: 0.0195  data_time: 0.0005  memory: 413  
2026/02/18 18:22:33 - mmengine - INFO - Epoch(val) [20][157/157]    accuracy/top1: 59.7600  data_time: 0.0010  time: 0.0232
2026/02/18 18:22:37 - mmengine - INFO - Epoch(train)  [21][100/782]  lr: 5.0000e-02  eta: 2:06:38  time: 0.0462  data_time: 0.0009  memory: 413  loss: 19.2578  loss_ori: 2.1082  loss_uatm: 5.0927  loss_ugsa: 12.0570
2026/02/18 18:22:42 - mmengine - INFO - Epoch(train)  [21][200/782]  lr: 5.0000e-02  eta: 2:06:34  time: 0.0440  data_time: 0.0009  memory: 413  loss: 18.6247  loss_ori: 2.0035  loss_uatm: 4.9748  loss_ugsa: 11.6464
2026/02/18 18:22:46 - mmengine - INFO - Epoch(train)  [21][300/782]  lr: 5.0000e-02  eta: 2:06:26  time: 0.0357  data_time: 0.0009  memory: 413  loss: 18.8652  loss_ori: 2.0934  loss_uatm: 4.8318  loss_ugsa: 11.9400
2026/02/18 18:22:49 - mmengine - INFO - Exp name: resnet32x4_resnet8x4_20260218_180916
2026/02/18 18:22:50 - mmengine - INFO - Epoch(train)  [21][400/782]  lr: 5.0000e-02  eta: 2:06:21  time: 0.0389  data_time: 0.0010  memory: 413  loss: 19.0475  loss_ori: 2.5871  loss_uatm: 4.9674  loss_ugsa: 11.4930
2026/02/18 18:22:55 - mmengine - INFO - Epoch(train)  [21][500/782]  lr: 5.0000e-02  eta: 2:06:16  time: 0.0425  data_time: 0.0009  memory: 413  loss: 18.8129  loss_ori: 2.3920  loss_uatm: 4.9291  loss_ugsa: 11.4918
2026/02/18 18:22:59 - mmengine - INFO - Epoch(train)  [21][600/782]  lr: 5.0000e-02  eta: 2:06:11  time: 0.0413  data_time: 0.0007  memory: 413  loss: 19.4742  loss_ori: 2.0700  loss_uatm: 5.1935  loss_ugsa: 12.2107
2026/02/18 18:23:04 - mmengine - INFO - Epoch(train)  [21][700/782]  lr: 5.0000e-02  eta: 2:06:09  time: 0.0501  data_time: 0.0010  memory: 413  loss: 18.5844  loss_ori: 2.3638  loss_uatm: 4.8055  loss_ugsa: 11.4151
2026/02/18 18:23:07 - mmengine - INFO - Exp name: resnet32x4_resnet8x4_20260218_180916
2026/02/18 18:23:10 - mmengine - INFO - Epoch(val)  [21][100/157]    eta: 0:00:01  time: 0.0203  data_time: 0.0005  memory: 413  
2026/02/18 18:23:11 - mmengine - INFO - Epoch(val) [21][157/157]    accuracy/top1: 60.4700  data_time: 0.0009  time: 0.0231
2026/02/18 18:23:15 - mmengine - INFO - Epoch(train)  [22][100/782]  lr: 5.0000e-02  eta: 2:05:58  time: 0.0392  data_time: 0.0011  memory: 413  loss: 18.1650  loss_ori: 2.0452  loss_uatm: 4.9507  loss_ugsa: 11.1690
2026/02/18 18:23:20 - mmengine - INFO - Epoch(train)  [22][200/782]  lr: 5.0000e-02  eta: 2:05:51  time: 0.0475  data_time: 0.0009  memory: 413  loss: 18.4663  loss_ori: 2.6924  loss_uatm: 4.5871  loss_ugsa: 11.1868
2026/02/18 18:23:24 - mmengine - INFO - Epoch(train)  [22][300/782]  lr: 5.0000e-02  eta: 2:05:47  time: 0.0427  data_time: 0.0008  memory: 413  loss: 18.1651  loss_ori: 2.0634  loss_uatm: 4.8147  loss_ugsa: 11.2870
2026/02/18 18:23:29 - mmengine - INFO - Epoch(train)  [22][400/782]  lr: 5.0000e-02  eta: 2:05:44  time: 0.0453  data_time: 0.0009  memory: 413  loss: 18.8113  loss_ori: 1.9876  loss_uatm: 4.9607  loss_ugsa: 11.8631
2026/02/18 18:23:33 - mmengine - INFO - Epoch(train)  [22][500/782]  lr: 5.0000e-02  eta: 2:05:39  time: 0.0409  data_time: 0.0007  memory: 413  loss: 18.8230  loss_ori: 2.1003  loss_uatm: 5.0946  loss_ugsa: 11.6281
2026/02/18 18:23:36 - mmengine - INFO - Exp name: resnet32x4_resnet8x4_20260218_180916
2026/02/18 18:23:37 - mmengine - INFO - Epoch(train)  [22][600/782]  lr: 5.0000e-02  eta: 2:05:33  time: 0.0430  data_time: 0.0014  memory: 413  loss: 18.5031  loss_ori: 2.1354  loss_uatm: 5.0288  loss_ugsa: 11.3389
2026/02/18 18:23:42 - mmengine - INFO - Epoch(train)  [22][700/782]  lr: 5.0000e-02  eta: 2:05:29  time: 0.0428  data_time: 0.0015  memory: 413  loss: 18.3434  loss_ori: 2.2011  loss_uatm: 5.0375  loss_ugsa: 11.1048
2026/02/18 18:23:45 - mmengine - INFO - Exp name: resnet32x4_resnet8x4_20260218_180916
2026/02/18 18:23:48 - mmengine - INFO - Epoch(val)  [22][100/157]    eta: 0:00:01  time: 0.0187  data_time: 0.0005  memory: 413  
2026/02/18 18:23:49 - mmengine - INFO - Epoch(val) [22][157/157]    accuracy/top1: 58.0200  data_time: 0.0008  time: 0.0231
2026/02/18 18:23:54 - mmengine - INFO - Epoch(train)  [23][100/782]  lr: 5.0000e-02  eta: 2:05:19  time: 0.0431  data_time: 0.0009  memory: 413  loss: 18.5204  loss_ori: 1.9449  loss_uatm: 5.0409  loss_ugsa: 11.5346
2026/02/18 18:23:58 - mmengine - INFO - Epoch(train)  [23][200/782]  lr: 5.0000e-02  eta: 2:05:18  time: 0.0458  data_time: 0.0008  memory: 413  loss: 18.1348  loss_ori: 2.0957  loss_uatm: 4.8383  loss_ugsa: 11.2008
2026/02/18 18:24:03 - mmengine - INFO - Epoch(train)  [23][300/782]  lr: 5.0000e-02  eta: 2:05:14  time: 0.0461  data_time: 0.0010  memory: 413  loss: 19.1217  loss_ori: 2.1463  loss_uatm: 5.0265  loss_ugsa: 11.9489
2026/02/18 18:24:07 - mmengine - INFO - Epoch(train)  [23][400/782]  lr: 5.0000e-02  eta: 2:05:09  time: 0.0374  data_time: 0.0008  memory: 413  loss: 18.6524  loss_ori: 2.3528  loss_uatm: 4.9877  loss_ugsa: 11.3120
2026/02/18 18:24:12 - mmengine - INFO - Epoch(train)  [23][500/782]  lr: 5.0000e-02  eta: 2:05:05  time: 0.0456  data_time: 0.0010  memory: 413  loss: 18.2742  loss_ori: 1.8132  loss_uatm: 5.0849  loss_ugsa: 11.3761
2026/02/18 18:24:16 - mmengine - INFO - Epoch(train)  [23][600/782]  lr: 5.0000e-02  eta: 2:04:59  time: 0.0432  data_time: 0.0009  memory: 413  loss: 18.4199  loss_ori: 2.1947  loss_uatm: 5.0853  loss_ugsa: 11.1399
2026/02/18 18:24:20 - mmengine - INFO - Epoch(train)  [23][700/782]  lr: 5.0000e-02  eta: 2:04:57  time: 0.0435  data_time: 0.0010  memory: 413  loss: 18.6749  loss_ori: 2.4082  loss_uatm: 4.9156  loss_ugsa: 11.3510
2026/02/18 18:24:24 - mmengine - INFO - Exp name: resnet32x4_resnet8x4_20260218_180916
2026/02/18 18:24:26 - mmengine - INFO - Epoch(val)  [23][100/157]    eta: 0:00:01  time: 0.0207  data_time: 0.0005  memory: 413  
2026/02/18 18:24:28 - mmengine - INFO - Epoch(val) [23][157/157]    accuracy/top1: 57.3900  data_time: 0.0009  time: 0.0226
2026/02/18 18:24:29 - mmengine - INFO - Exp name: resnet32x4_resnet8x4_20260218_180916
2026/02/18 18:24:32 - mmengine - INFO - Epoch(train)  [24][100/782]  lr: 5.0000e-02  eta: 2:04:49  time: 0.0436  data_time: 0.0009  memory: 413  loss: 18.4701  loss_ori: 2.3377  loss_uatm: 4.9817  loss_ugsa: 11.1507
2026/02/18 18:24:37 - mmengine - INFO - Epoch(train)  [24][200/782]  lr: 5.0000e-02  eta: 2:04:45  time: 0.0351  data_time: 0.0007  memory: 413  loss: 18.4618  loss_ori: 1.8147  loss_uatm: 4.9463  loss_ugsa: 11.7008
2026/02/18 18:24:40 - mmengine - INFO - Epoch(train)  [24][300/782]  lr: 5.0000e-02  eta: 2:04:33  time: 0.0444  data_time: 0.0010  memory: 413  loss: 19.3690  loss_ori: 2.0378  loss_uatm: 5.3428  loss_ugsa: 11.9885
2026/02/18 18:24:45 - mmengine - INFO - Epoch(train)  [24][400/782]  lr: 5.0000e-02  eta: 2:04:31  time: 0.0453  data_time: 0.0008  memory: 413  loss: 18.7490  loss_ori: 2.1596  loss_uatm: 5.0589  loss_ugsa: 11.5305
2026/02/18 18:24:50 - mmengine - INFO - Epoch(train)  [24][500/782]  lr: 5.0000e-02  eta: 2:04:29  time: 0.0463  data_time: 0.0008  memory: 413  loss: 19.2586  loss_ori: 2.5056  loss_uatm: 4.8498  loss_ugsa: 11.9032
2026/02/18 18:24:54 - mmengine - INFO - Epoch(train)  [24][600/782]  lr: 5.0000e-02  eta: 2:04:24  time: 0.0436  data_time: 0.0010  memory: 413  loss: 18.1603  loss_ori: 2.0388  loss_uatm: 5.0154  loss_ugsa: 11.1060
2026/02/18 18:24:58 - mmengine - INFO - Epoch(train)  [24][700/782]  lr: 5.0000e-02  eta: 2:04:17  time: 0.0412  data_time: 0.0008  memory: 413  loss: 18.8420  loss_ori: 2.3961  loss_uatm: 4.9355  loss_ugsa: 11.5104
2026/02/18 18:25:02 - mmengine - INFO - Exp name: resnet32x4_resnet8x4_20260218_180916
2026/02/18 18:25:04 - mmengine - INFO - Epoch(val)  [24][100/157]    eta: 0:00:01  time: 0.0198  data_time: 0.0006  memory: 413  
2026/02/18 18:25:05 - mmengine - INFO - Epoch(val) [24][157/157]    accuracy/top1: 60.5000  data_time: 0.0010  time: 0.0224
2026/02/18 18:25:10 - mmengine - INFO - Epoch(train)  [25][100/782]  lr: 5.0000e-02  eta: 2:04:09  time: 0.0396  data_time: 0.0008  memory: 413  loss: 18.4136  loss_ori: 1.8951  loss_uatm: 4.9869  loss_ugsa: 11.5315
2026/02/18 18:25:14 - mmengine - INFO - Epoch(train)  [25][200/782]  lr: 5.0000e-02  eta: 2:04:00  time: 0.0335  data_time: 0.0006  memory: 413  loss: 18.2901  loss_ori: 2.0963  loss_uatm: 5.0396  loss_ugsa: 11.1542
2026/02/18 18:25:15 - mmengine - INFO - Exp name: resnet32x4_resnet8x4_20260218_180916
2026/02/18 18:25:18 - mmengine - INFO - Epoch(train)  [25][300/782]  lr: 5.0000e-02  eta: 2:03:55  time: 0.0396  data_time: 0.0007  memory: 413  loss: 18.7014  loss_ori: 2.0963  loss_uatm: 4.9212  loss_ugsa: 11.6840
2026/02/18 18:25:23 - mmengine - INFO - Epoch(train)  [25][400/782]  lr: 5.0000e-02  eta: 2:03:52  time: 0.0459  data_time: 0.0010  memory: 413  loss: 18.9125  loss_ori: 2.3333  loss_uatm: 5.0615  loss_ugsa: 11.5176
2026/02/18 18:25:27 - mmengine - INFO - Epoch(train)  [25][500/782]  lr: 5.0000e-02  eta: 2:03:47  time: 0.0464  data_time: 0.0008  memory: 413  loss: 18.8013  loss_ori: 2.0815  loss_uatm: 5.0644  loss_ugsa: 11.6554
2026/02/18 18:25:32 - mmengine - INFO - Epoch(train)  [25][600/782]  lr: 5.0000e-02  eta: 2:03:44  time: 0.0494  data_time: 0.0009  memory: 413  loss: 18.3064  loss_ori: 2.3199  loss_uatm: 4.8091  loss_ugsa: 11.1774
2026/02/18 18:25:36 - mmengine - INFO - Epoch(train)  [25][700/782]  lr: 5.0000e-02  eta: 2:03:41  time: 0.0437  data_time: 0.0009  memory: 413  loss: 18.4659  loss_ori: 1.9786  loss_uatm: 4.8843  loss_ugsa: 11.6030
2026/02/18 18:25:40 - mmengine - INFO - Exp name: resnet32x4_resnet8x4_20260218_180916
2026/02/18 18:25:42 - mmengine - INFO - Epoch(val)  [25][100/157]    eta: 0:00:01  time: 0.0248  data_time: 0.0006  memory: 413  
2026/02/18 18:25:44 - mmengine - INFO - Epoch(val) [25][157/157]    accuracy/top1: 59.5800  data_time: 0.0011  time: 0.0236
2026/02/18 18:25:48 - mmengine - INFO - Epoch(train)  [26][100/782]  lr: 5.0000e-02  eta: 2:03:33  time: 0.0425  data_time: 0.0008  memory: 413  loss: 18.1991  loss_ori: 1.8645  loss_uatm: 4.7814  loss_ugsa: 11.5533
2026/02/18 18:25:53 - mmengine - INFO - Epoch(train)  [26][200/782]  lr: 5.0000e-02  eta: 2:03:31  time: 0.0450  data_time: 0.0009  memory: 413  loss: 18.3846  loss_ori: 2.0258  loss_uatm: 4.9709  loss_ugsa: 11.3879
2026/02/18 18:25:57 - mmengine - INFO - Epoch(train)  [26][300/782]  lr: 5.0000e-02  eta: 2:03:27  time: 0.0430  data_time: 0.0008  memory: 413  loss: 18.3329  loss_ori: 1.8141  loss_uatm: 4.9725  loss_ugsa: 11.5463
2026/02/18 18:26:02 - mmengine - INFO - Epoch(train)  [26][400/782]  lr: 5.0000e-02  eta: 2:03:22  time: 0.0448  data_time: 0.0010  memory: 413  loss: 18.4321  loss_ori: 2.4678  loss_uatm: 4.8438  loss_ugsa: 11.1205
2026/02/18 18:26:04 - mmengine - INFO - Exp name: resnet32x4_resnet8x4_20260218_180916
2026/02/18 18:26:06 - mmengine - INFO - Epoch(train)  [26][500/782]  lr: 5.0000e-02  eta: 2:03:20  time: 0.0433  data_time: 0.0009  memory: 413  loss: 19.2693  loss_ori: 2.1027  loss_uatm: 5.1621  loss_ugsa: 12.0044
2026/02/18 18:26:11 - mmengine - INFO - Epoch(train)  [26][600/782]  lr: 5.0000e-02  eta: 2:03:16  time: 0.0451  data_time: 0.0011  memory: 413  loss: 18.5035  loss_ori: 1.9412  loss_uatm: 5.1156  loss_ugsa: 11.4467
2026/02/18 18:26:16 - mmengine - INFO - Epoch(train)  [26][700/782]  lr: 5.0000e-02  eta: 2:03:13  time: 0.0452  data_time: 0.0009  memory: 413  loss: 18.1486  loss_ori: 1.8455  loss_uatm: 5.0106  loss_ugsa: 11.2925
2026/02/18 18:26:19 - mmengine - INFO - Exp name: resnet32x4_resnet8x4_20260218_180916
2026/02/18 18:26:21 - mmengine - INFO - Epoch(val)  [26][100/157]    eta: 0:00:01  time: 0.0216  data_time: 0.0005  memory: 413  
2026/02/18 18:26:23 - mmengine - INFO - Epoch(val) [26][157/157]    accuracy/top1: 57.1500  data_time: 0.0009  time: 0.0215
2026/02/18 18:26:27 - mmengine - INFO - Epoch(train)  [27][100/782]  lr: 5.0000e-02  eta: 2:03:07  time: 0.0442  data_time: 0.0009  memory: 413  loss: 18.7417  loss_ori: 1.8042  loss_uatm: 4.9218  loss_ugsa: 12.0157
2026/02/18 18:26:32 - mmengine - INFO - Epoch(train)  [27][200/782]  lr: 5.0000e-02  eta: 2:03:04  time: 0.0431  data_time: 0.0010  memory: 413  loss: 18.8036  loss_ori: 2.0986  loss_uatm: 4.8815  loss_ugsa: 11.8236
2026/02/18 18:26:36 - mmengine - INFO - Epoch(train)  [27][300/782]  lr: 5.0000e-02  eta: 2:02:59  time: 0.0455  data_time: 0.0009  memory: 413  loss: 19.0717  loss_ori: 1.9247  loss_uatm: 5.1346  loss_ugsa: 12.0124
2026/02/18 18:26:41 - mmengine - INFO - Epoch(train)  [27][400/782]  lr: 5.0000e-02  eta: 2:02:56  time: 0.0432  data_time: 0.0008  memory: 413  loss: 18.0063  loss_ori: 1.7125  loss_uatm: 4.8915  loss_ugsa: 11.4023
2026/02/18 18:26:46 - mmengine - INFO - Epoch(train)  [27][500/782]  lr: 5.0000e-02  eta: 2:02:53  time: 0.0441  data_time: 0.0009  memory: 413  loss: 18.5590  loss_ori: 1.7973  loss_uatm: 5.0753  loss_ugsa: 11.6864
2026/02/18 18:26:50 - mmengine - INFO - Epoch(train)  [27][600/782]  lr: 5.0000e-02  eta: 2:02:47  time: 0.0437  data_time: 0.0011  memory: 413  loss: 19.0617  loss_ori: 2.0960  loss_uatm: 5.2677  loss_ugsa: 11.6980
2026/02/18 18:26:53 - mmengine - INFO - Exp name: resnet32x4_resnet8x4_20260218_180916
2026/02/18 18:26:54 - mmengine - INFO - Epoch(train)  [27][700/782]  lr: 5.0000e-02  eta: 2:02:45  time: 0.0479  data_time: 0.0009  memory: 413  loss: 18.3770  loss_ori: 2.2944  loss_uatm: 5.0287  loss_ugsa: 11.0540
2026/02/18 18:26:58 - mmengine - INFO - Exp name: resnet32x4_resnet8x4_20260218_180916
2026/02/18 18:27:00 - mmengine - INFO - Epoch(val)  [27][100/157]    eta: 0:00:01  time: 0.0197  data_time: 0.0005  memory: 413  
2026/02/18 18:27:01 - mmengine - INFO - Epoch(val) [27][157/157]    accuracy/top1: 61.1600  data_time: 0.0007  time: 0.0222
2026/02/18 18:27:01 - mmengine - INFO - The previous best checkpoint /root/autodl-tmp/mmcls/work_dirs/cifar100/resnet32x4_resnet8x4/UATM+UGSA_temp=4.0_loss_weight=15.0+loss_weight=1.0_1/best_accuracy_top1_epoch_17.pth is removed
2026/02/18 18:27:02 - mmengine - INFO - The best checkpoint with 61.1600 accuracy/top1 at 27 epoch is saved to best_accuracy_top1_epoch_27.pth.
2026/02/18 18:27:06 - mmengine - INFO - Epoch(train)  [28][100/782]  lr: 5.0000e-02  eta: 2:02:31  time: 0.0338  data_time: 0.0007  memory: 413  loss: 17.9923  loss_ori: 2.0049  loss_uatm: 4.5331  loss_ugsa: 11.4543
2026/02/18 18:27:11 - mmengine - INFO - Epoch(train)  [28][200/782]  lr: 5.0000e-02  eta: 2:02:26  time: 0.0443  data_time: 0.0009  memory: 413  loss: 18.5921  loss_ori: 2.1305  loss_uatm: 4.8437  loss_ugsa: 11.6180
2026/02/18 18:27:15 - mmengine - INFO - Epoch(train)  [28][300/782]  lr: 5.0000e-02  eta: 2:02:22  time: 0.0709  data_time: 0.0272  memory: 413  loss: 18.3955  loss_ori: 2.1908  loss_uatm: 4.8666  loss_ugsa: 11.3380
2026/02/18 18:27:19 - mmengine - INFO - Epoch(train)  [28][400/782]  lr: 5.0000e-02  eta: 2:02:17  time: 0.0439  data_time: 0.0008  memory: 413  loss: 17.9176  loss_ori: 2.0007  loss_uatm: 4.8733  loss_ugsa: 11.0436
2026/02/18 18:27:24 - mmengine - INFO - Epoch(train)  [28][500/782]  lr: 5.0000e-02  eta: 2:02:14  time: 0.0481  data_time: 0.0009  memory: 413  loss: 18.7245  loss_ori: 2.0937  loss_uatm: 4.9001  loss_ugsa: 11.7308
2026/02/18 18:27:29 - mmengine - INFO - Epoch(train)  [28][600/782]  lr: 5.0000e-02  eta: 2:02:11  time: 0.0620  data_time: 0.0182  memory: 413  loss: 18.5385  loss_ori: 2.1935  loss_uatm: 4.9902  loss_ugsa: 11.3548
2026/02/18 18:27:33 - mmengine - INFO - Epoch(train)  [28][700/782]  lr: 5.0000e-02  eta: 2:02:07  time: 0.0475  data_time: 0.0010  memory: 413  loss: 18.4306  loss_ori: 1.9562  loss_uatm: 4.9882  loss_ugsa: 11.4862
2026/02/18 18:27:37 - mmengine - INFO - Exp name: resnet32x4_resnet8x4_20260218_180916
2026/02/18 18:27:39 - mmengine - INFO - Epoch(val)  [28][100/157]    eta: 0:00:01  time: 0.0193  data_time: 0.0005  memory: 413  
2026/02/18 18:27:41 - mmengine - INFO - Epoch(val) [28][157/157]    accuracy/top1: 58.5300  data_time: 0.0009  time: 0.0234
2026/02/18 18:27:45 - mmengine - INFO - Epoch(train)  [29][100/782]  lr: 5.0000e-02  eta: 2:01:59  time: 0.0385  data_time: 0.0008  memory: 413  loss: 18.2635  loss_ori: 2.2824  loss_uatm: 4.8038  loss_ugsa: 11.1773
2026/02/18 18:27:45 - mmengine - INFO - Exp name: resnet32x4_resnet8x4_20260218_180916
2026/02/18 18:27:50 - mmengine - INFO - Epoch(train)  [29][200/782]  lr: 5.0000e-02  eta: 2:01:56  time: 0.0466  data_time: 0.0011  memory: 413  loss: 18.6023  loss_ori: 2.4428  loss_uatm: 4.8373  loss_ugsa: 11.3221
2026/02/18 18:27:54 - mmengine - INFO - Epoch(train)  [29][300/782]  lr: 5.0000e-02  eta: 2:01:53  time: 0.0437  data_time: 0.0011  memory: 413  loss: 18.4267  loss_ori: 1.7094  loss_uatm: 4.9669  loss_ugsa: 11.7503
2026/02/18 18:27:59 - mmengine - INFO - Epoch(train)  [29][400/782]  lr: 5.0000e-02  eta: 2:01:48  time: 0.0439  data_time: 0.0009  memory: 413  loss: 18.6266  loss_ori: 2.3228  loss_uatm: 4.7331  loss_ugsa: 11.5707
2026/02/18 18:28:03 - mmengine - INFO - Epoch(train)  [29][500/782]  lr: 5.0000e-02  eta: 2:01:45  time: 0.0438  data_time: 0.0009  memory: 413  loss: 17.8469  loss_ori: 2.2325  loss_uatm: 4.5747  loss_ugsa: 11.0398
2026/02/18 18:28:07 - mmengine - INFO - Epoch(train)  [29][600/782]  lr: 5.0000e-02  eta: 2:01:36  time: 0.0386  data_time: 0.0007  memory: 413  loss: 17.8525  loss_ori: 1.8812  loss_uatm: 4.8129  loss_ugsa: 11.1584
2026/02/18 18:28:11 - mmengine - INFO - Epoch(train)  [29][700/782]  lr: 5.0000e-02  eta: 2:01:29  time: 0.0429  data_time: 0.0008  memory: 413  loss: 18.6214  loss_ori: 2.4130  loss_uatm: 4.8781  loss_ugsa: 11.3302
2026/02/18 18:28:15 - mmengine - INFO - Exp name: resnet32x4_resnet8x4_20260218_180916
2026/02/18 18:28:17 - mmengine - INFO - Epoch(val)  [29][100/157]    eta: 0:00:01  time: 0.0201  data_time: 0.0005  memory: 413  
2026/02/18 18:28:19 - mmengine - INFO - Epoch(val) [29][157/157]    accuracy/top1: 56.9500  data_time: 0.0008  time: 0.0231
2026/02/18 18:28:23 - mmengine - INFO - Epoch(train)  [30][100/782]  lr: 5.0000e-02  eta: 2:01:23  time: 0.0453  data_time: 0.0008  memory: 413  loss: 18.3755  loss_ori: 2.5187  loss_uatm: 4.4062  loss_ugsa: 11.4506
2026/02/18 18:28:28 - mmengine - INFO - Epoch(train)  [30][200/782]  lr: 5.0000e-02  eta: 2:01:20  time: 0.0441  data_time: 0.0015  memory: 413  loss: 18.0617  loss_ori: 1.9695  loss_uatm: 4.6797  loss_ugsa: 11.4125
2026/02/18 18:28:32 - mmengine - INFO - Epoch(train)  [30][300/782]  lr: 5.0000e-02  eta: 2:01:16  time: 0.0440  data_time: 0.0021  memory: 413  loss: 17.5704  loss_ori: 2.1169  loss_uatm: 4.6311  loss_ugsa: 10.8224
2026/02/18 18:28:33 - mmengine - INFO - Exp name: resnet32x4_resnet8x4_20260218_180916
2026/02/18 18:28:37 - mmengine - INFO - Epoch(train)  [30][400/782]  lr: 5.0000e-02  eta: 2:01:13  time: 0.0436  data_time: 0.0008  memory: 413  loss: 18.7643  loss_ori: 1.7296  loss_uatm: 4.8563  loss_ugsa: 12.1784
2026/02/18 18:28:42 - mmengine - INFO - Epoch(train)  [30][500/782]  lr: 5.0000e-02  eta: 2:01:11  time: 0.0417  data_time: 0.0008  memory: 413  loss: 18.3090  loss_ori: 1.8909  loss_uatm: 4.7313  loss_ugsa: 11.6868
2026/02/18 18:28:46 - mmengine - INFO - Epoch(train)  [30][600/782]  lr: 5.0000e-02  eta: 2:01:07  time: 0.0461  data_time: 0.0009  memory: 413  loss: 18.5185  loss_ori: 2.5353  loss_uatm: 4.7174  loss_ugsa: 11.2658
2026/02/18 18:28:51 - mmengine - INFO - Epoch(train)  [30][700/782]  lr: 5.0000e-02  eta: 2:01:03  time: 0.0451  data_time: 0.0009  memory: 413  loss: 18.4860  loss_ori: 2.0529  loss_uatm: 4.6654  loss_ugsa: 11.7676
2026/02/18 18:28:54 - mmengine - INFO - Exp name: resnet32x4_resnet8x4_20260218_180916
2026/02/18 18:28:57 - mmengine - INFO - Epoch(val)  [30][100/157]    eta: 0:00:01  time: 0.0193  data_time: 0.0005  memory: 413  
2026/02/18 18:28:58 - mmengine - INFO - Epoch(val) [30][157/157]    accuracy/top1: 55.9500  data_time: 0.0009  time: 0.0233
2026/02/18 18:29:02 - mmengine - INFO - Epoch(train)  [31][100/782]  lr: 5.0000e-02  eta: 2:00:54  time: 0.0427  data_time: 0.0010  memory: 413  loss: 17.7388  loss_ori: 2.1949  loss_uatm: 4.6143  loss_ugsa: 10.9296
2026/02/18 18:29:07 - mmengine - INFO - Epoch(train)  [31][200/782]  lr: 5.0000e-02  eta: 2:00:51  time: 0.0382  data_time: 0.0008  memory: 413  loss: 17.7688  loss_ori: 1.6528  loss_uatm: 4.7337  loss_ugsa: 11.3822
2026/02/18 18:29:11 - mmengine - INFO - Epoch(train)  [31][300/782]  lr: 5.0000e-02  eta: 2:00:44  time: 0.0447  data_time: 0.0009  memory: 413  loss: 18.3318  loss_ori: 1.9770  loss_uatm: 4.7581  loss_ugsa: 11.5967
2026/02/18 18:29:16 - mmengine - INFO - Epoch(train)  [31][400/782]  lr: 5.0000e-02  eta: 2:00:42  time: 0.0441  data_time: 0.0010  memory: 413  loss: 18.9367  loss_ori: 2.4299  loss_uatm: 4.8147  loss_ugsa: 11.6922
2026/02/18 18:29:20 - mmengine - INFO - Epoch(train)  [31][500/782]  lr: 5.0000e-02  eta: 2:00:38  time: 0.0387  data_time: 0.0009  memory: 413  loss: 17.6824  loss_ori: 2.2368  loss_uatm: 4.5570  loss_ugsa: 10.8886
2026/02/18 18:29:22 - mmengine - INFO - Exp name: resnet32x4_resnet8x4_20260218_180916
2026/02/18 18:29:25 - mmengine - INFO - Epoch(train)  [31][600/782]  lr: 5.0000e-02  eta: 2:00:33  time: 0.0454  data_time: 0.0010  memory: 413  loss: 18.1297  loss_ori: 2.3252  loss_uatm: 4.6277  loss_ugsa: 11.1768
2026/02/18 18:29:29 - mmengine - INFO - Epoch(train)  [31][700/782]  lr: 5.0000e-02  eta: 2:00:26  time: 0.0381  data_time: 0.0009  memory: 413  loss: 17.9543  loss_ori: 2.0318  loss_uatm: 4.5960  loss_ugsa: 11.3264
2026/02/18 18:29:32 - mmengine - INFO - Exp name: resnet32x4_resnet8x4_20260218_180916
2026/02/18 18:29:35 - mmengine - INFO - Epoch(val)  [31][100/157]    eta: 0:00:01  time: 0.0232  data_time: 0.0006  memory: 413  
2026/02/18 18:29:36 - mmengine - INFO - Epoch(val) [31][157/157]    accuracy/top1: 61.0100  data_time: 0.0009  time: 0.0237
2026/02/18 18:29:40 - mmengine - INFO - Epoch(train)  [32][100/782]  lr: 5.0000e-02  eta: 2:00:17  time: 0.0447  data_time: 0.0009  memory: 413  loss: 18.1744  loss_ori: 2.4952  loss_uatm: 4.5480  loss_ugsa: 11.1311
2026/02/18 18:29:45 - mmengine - INFO - Epoch(train)  [32][200/782]  lr: 5.0000e-02  eta: 2:00:13  time: 0.0425  data_time: 0.0011  memory: 413  loss: 17.8968  loss_ori: 1.9059  loss_uatm: 4.6938  loss_ugsa: 11.2971
2026/02/18 18:29:49 - mmengine - INFO - Epoch(train)  [32][300/782]  lr: 5.0000e-02  eta: 2:00:08  time: 0.0437  data_time: 0.0009  memory: 413  loss: 17.7274  loss_ori: 2.3479  loss_uatm: 4.5354  loss_ugsa: 10.8441
2026/02/18 18:29:54 - mmengine - INFO - Epoch(train)  [32][400/782]  lr: 5.0000e-02  eta: 2:00:05  time: 0.0439  data_time: 0.0009  memory: 413  loss: 18.8135  loss_ori: 2.3853  loss_uatm: 4.7160  loss_ugsa: 11.7122
2026/02/18 18:29:58 - mmengine - INFO - Epoch(train)  [32][500/782]  lr: 5.0000e-02  eta: 2:00:00  time: 0.0462  data_time: 0.0010  memory: 413  loss: 17.9302  loss_ori: 1.7639  loss_uatm: 4.8689  loss_ugsa: 11.2974
2026/02/18 18:30:03 - mmengine - INFO - Epoch(train)  [32][600/782]  lr: 5.0000e-02  eta: 1:59:55  time: 0.0422  data_time: 0.0017  memory: 413  loss: 18.4414  loss_ori: 2.0684  loss_uatm: 4.7154  loss_ugsa: 11.6576
2026/02/18 18:30:07 - mmengine - INFO - Epoch(train)  [32][700/782]  lr: 5.0000e-02  eta: 1:59:50  time: 0.0430  data_time: 0.0009  memory: 413  loss: 18.3322  loss_ori: 2.0393  loss_uatm: 4.8411  loss_ugsa: 11.4518
2026/02/18 18:30:10 - mmengine - INFO - Exp name: resnet32x4_resnet8x4_20260218_180916
2026/02/18 18:30:11 - mmengine - INFO - Exp name: resnet32x4_resnet8x4_20260218_180916
2026/02/18 18:30:13 - mmengine - INFO - Epoch(val)  [32][100/157]    eta: 0:00:01  time: 0.0200  data_time: 0.0005  memory: 413  
2026/02/18 18:30:14 - mmengine - INFO - Epoch(val) [32][157/157]    accuracy/top1: 55.8900  data_time: 0.0008  time: 0.0213
2026/02/18 18:30:18 - mmengine - INFO - Epoch(train)  [33][100/782]  lr: 5.0000e-02  eta: 1:59:40  time: 0.0348  data_time: 0.0006  memory: 413  loss: 17.1137  loss_ori: 2.1867  loss_uatm: 4.3942  loss_ugsa: 10.5328
2026/02/18 18:30:22 - mmengine - INFO - Epoch(train)  [33][200/782]  lr: 5.0000e-02  eta: 1:59:31  time: 0.0391  data_time: 0.0007  memory: 413  loss: 18.2372  loss_ori: 2.3766  loss_uatm: 4.6897  loss_ugsa: 11.1710
2026/02/18 18:30:26 - mmengine - INFO - Epoch(train)  [33][300/782]  lr: 5.0000e-02  eta: 1:59:25  time: 0.0412  data_time: 0.0013  memory: 413  loss: 18.5748  loss_ori: 2.1227  loss_uatm: 4.8237  loss_ugsa: 11.6284
2026/02/18 18:30:31 - mmengine - INFO - Epoch(train)  [33][400/782]  lr: 5.0000e-02  eta: 1:59:20  time: 0.0466  data_time: 0.0010  memory: 413  loss: 18.5442  loss_ori: 1.7449  loss_uatm: 5.0800  loss_ugsa: 11.7193
2026/02/18 18:30:36 - mmengine - INFO - Epoch(train)  [33][500/782]  lr: 5.0000e-02  eta: 1:59:18  time: 0.0476  data_time: 0.0010  memory: 413  loss: 18.8474  loss_ori: 2.0121  loss_uatm: 4.9118  loss_ugsa: 11.9235
2026/02/18 18:30:39 - mmengine - INFO - Epoch(train)  [33][600/782]  lr: 5.0000e-02  eta: 1:59:10  time: 0.0378  data_time: 0.0006  memory: 413  loss: 18.3533  loss_ori: 2.2621  loss_uatm: 4.8442  loss_ugsa: 11.2470
2026/02/18 18:30:44 - mmengine - INFO - Epoch(train)  [33][700/782]  lr: 5.0000e-02  eta: 1:59:04  time: 0.0434  data_time: 0.0008  memory: 413  loss: 18.8373  loss_ori: 1.8249  loss_uatm: 4.9732  loss_ugsa: 12.0391
2026/02/18 18:30:47 - mmengine - INFO - Exp name: resnet32x4_resnet8x4_20260218_180916
2026/02/18 18:30:50 - mmengine - INFO - Epoch(val)  [33][100/157]    eta: 0:00:01  time: 0.0199  data_time: 0.0005  memory: 413  
2026/02/18 18:30:51 - mmengine - INFO - Epoch(val) [33][157/157]    accuracy/top1: 59.8300  data_time: 0.0008  time: 0.0229
2026/02/18 18:30:55 - mmengine - INFO - Epoch(train)  [34][100/782]  lr: 5.0000e-02  eta: 1:58:56  time: 0.0441  data_time: 0.0009  memory: 413  loss: 17.9703  loss_ori: 2.1674  loss_uatm: 4.8249  loss_ugsa: 10.9781
2026/02/18 18:31:00 - mmengine - INFO - Exp name: resnet32x4_resnet8x4_20260218_180916
2026/02/18 18:31:00 - mmengine - INFO - Epoch(train)  [34][200/782]  lr: 5.0000e-02  eta: 1:58:53  time: 0.0380  data_time: 0.0008  memory: 413  loss: 17.8647  loss_ori: 1.9990  loss_uatm: 4.8182  loss_ugsa: 11.0475
2026/02/18 18:31:04 - mmengine - INFO - Epoch(train)  [34][300/782]  lr: 5.0000e-02  eta: 1:58:47  time: 0.0438  data_time: 0.0008  memory: 413  loss: 18.4116  loss_ori: 1.9468  loss_uatm: 4.9091  loss_ugsa: 11.5557
2026/02/18 18:31:09 - mmengine - INFO - Epoch(train)  [34][400/782]  lr: 5.0000e-02  eta: 1:58:44  time: 0.0391  data_time: 0.0007  memory: 413  loss: 18.1468  loss_ori: 2.4628  loss_uatm: 4.8043  loss_ugsa: 10.8798
2026/02/18 18:31:13 - mmengine - INFO - Epoch(train)  [34][500/782]  lr: 5.0000e-02  eta: 1:58:39  time: 0.0459  data_time: 0.0010  memory: 413  loss: 18.3970  loss_ori: 2.1191  loss_uatm: 4.7762  loss_ugsa: 11.5017
2026/02/18 18:31:18 - mmengine - INFO - Epoch(train)  [34][600/782]  lr: 5.0000e-02  eta: 1:58:35  time: 0.0445  data_time: 0.0009  memory: 413  loss: 18.0405  loss_ori: 2.2579  loss_uatm: 4.5669  loss_ugsa: 11.2156
2026/02/18 18:31:22 - mmengine - INFO - Epoch(train)  [34][700/782]  lr: 5.0000e-02  eta: 1:58:32  time: 0.0436  data_time: 0.0009  memory: 413  loss: 18.2068  loss_ori: 1.7819  loss_uatm: 4.7690  loss_ugsa: 11.6559
2026/02/18 18:31:26 - mmengine - INFO - Exp name: resnet32x4_resnet8x4_20260218_180916
2026/02/18 18:31:28 - mmengine - INFO - Epoch(val)  [34][100/157]    eta: 0:00:01  time: 0.0182  data_time: 0.0008  memory: 413  
2026/02/18 18:31:29 - mmengine - INFO - Epoch(val) [34][157/157]    accuracy/top1: 59.1600  data_time: 0.0008  time: 0.0228
2026/02/18 18:31:34 - mmengine - INFO - Epoch(train)  [35][100/782]  lr: 5.0000e-02  eta: 1:58:26  time: 0.0440  data_time: 0.0008  memory: 413  loss: 18.6108  loss_ori: 2.1586  loss_uatm: 4.8520  loss_ugsa: 11.6001
2026/02/18 18:31:39 - mmengine - INFO - Epoch(train)  [35][200/782]  lr: 5.0000e-02  eta: 1:58:21  time: 0.0419  data_time: 0.0008  memory: 413  loss: 18.4091  loss_ori: 2.2630  loss_uatm: 4.6320  loss_ugsa: 11.5141
2026/02/18 18:31:43 - mmengine - INFO - Epoch(train)  [35][300/782]  lr: 5.0000e-02  eta: 1:58:15  time: 0.0380  data_time: 0.0007  memory: 413  loss: 18.6564  loss_ori: 2.0333  loss_uatm: 4.9965  loss_ugsa: 11.6266
2026/02/18 18:31:47 - mmengine - INFO - Epoch(train)  [35][400/782]  lr: 5.0000e-02  eta: 1:58:09  time: 0.0442  data_time: 0.0012  memory: 413  loss: 18.2820  loss_ori: 1.8820  loss_uatm: 4.8758  loss_ugsa: 11.5241
2026/02/18 18:31:48 - mmengine - INFO - Exp name: resnet32x4_resnet8x4_20260218_180916
2026/02/18 18:31:52 - mmengine - INFO - Epoch(train)  [35][500/782]  lr: 5.0000e-02  eta: 1:58:07  time: 0.0452  data_time: 0.0009  memory: 413  loss: 17.6335  loss_ori: 1.8837  loss_uatm: 4.6217  loss_ugsa: 11.1280
2026/02/18 18:31:56 - mmengine - INFO - Epoch(train)  [35][600/782]  lr: 5.0000e-02  eta: 1:58:03  time: 0.0448  data_time: 0.0009  memory: 413  loss: 18.4222  loss_ori: 1.9499  loss_uatm: 4.7701  loss_ugsa: 11.7021
2026/02/18 18:32:01 - mmengine - INFO - Epoch(train)  [35][700/782]  lr: 5.0000e-02  eta: 1:58:00  time: 0.0438  data_time: 0.0009  memory: 413  loss: 18.0974  loss_ori: 2.1344  loss_uatm: 4.7059  loss_ugsa: 11.2571
2026/02/18 18:32:05 - mmengine - INFO - Exp name: resnet32x4_resnet8x4_20260218_180916
2026/02/18 18:32:07 - mmengine - INFO - Epoch(val)  [35][100/157]    eta: 0:00:01  time: 0.0213  data_time: 0.0006  memory: 413  
2026/02/18 18:32:08 - mmengine - INFO - Epoch(val) [35][157/157]    accuracy/top1: 60.1400  data_time: 0.0010  time: 0.0228
2026/02/18 18:32:13 - mmengine - INFO - Epoch(train)  [36][100/782]  lr: 5.0000e-02  eta: 1:57:54  time: 0.0385  data_time: 0.0008  memory: 413  loss: 17.8452  loss_ori: 1.6705  loss_uatm: 4.8771  loss_ugsa: 11.2976
2026/02/18 18:32:18 - mmengine - INFO - Epoch(train)  [36][200/782]  lr: 5.0000e-02  eta: 1:57:50  time: 0.0373  data_time: 0.0008  memory: 413  loss: 18.0343  loss_ori: 1.9510  loss_uatm: 4.6233  loss_ugsa: 11.4601
2026/02/18 18:32:22 - mmengine - INFO - Epoch(train)  [36][300/782]  lr: 5.0000e-02  eta: 1:57:44  time: 0.0435  data_time: 0.0008  memory: 413  loss: 18.0826  loss_ori: 1.8557  loss_uatm: 4.8213  loss_ugsa: 11.4057
2026/02/18 18:32:26 - mmengine - INFO - Epoch(train)  [36][400/782]  lr: 5.0000e-02  eta: 1:57:40  time: 0.0429  data_time: 0.0008  memory: 413  loss: 18.4593  loss_ori: 2.0875  loss_uatm: 4.8366  loss_ugsa: 11.5352
2026/02/18 18:32:31 - mmengine - INFO - Epoch(train)  [36][500/782]  lr: 5.0000e-02  eta: 1:57:37  time: 0.0445  data_time: 0.0017  memory: 413  loss: 18.2781  loss_ori: 2.4736  loss_uatm: 4.6697  loss_ugsa: 11.1348
2026/02/18 18:32:35 - mmengine - INFO - Epoch(train)  [36][600/782]  lr: 5.0000e-02  eta: 1:57:33  time: 0.0427  data_time: 0.0010  memory: 413  loss: 17.8847  loss_ori: 2.0860  loss_uatm: 4.8086  loss_ugsa: 10.9901
2026/02/18 18:32:37 - mmengine - INFO - Exp name: resnet32x4_resnet8x4_20260218_180916
2026/02/18 18:32:40 - mmengine - INFO - Epoch(train)  [36][700/782]  lr: 5.0000e-02  eta: 1:57:30  time: 0.0420  data_time: 0.0010  memory: 413  loss: 18.2828  loss_ori: 1.9644  loss_uatm: 4.8021  loss_ugsa: 11.5163
2026/02/18 18:32:44 - mmengine - INFO - Exp name: resnet32x4_resnet8x4_20260218_180916
2026/02/18 18:32:46 - mmengine - INFO - Epoch(val)  [36][100/157]    eta: 0:00:01  time: 0.0189  data_time: 0.0006  memory: 413  
2026/02/18 18:32:47 - mmengine - INFO - Epoch(val) [36][157/157]    accuracy/top1: 60.5700  data_time: 0.0009  time: 0.0231
2026/02/18 18:32:52 - mmengine - INFO - Epoch(train)  [37][100/782]  lr: 5.0000e-02  eta: 1:57:21  time: 0.0408  data_time: 0.0008  memory: 413  loss: 18.1379  loss_ori: 2.0727  loss_uatm: 4.6695  loss_ugsa: 11.3957
2026/02/18 18:32:56 - mmengine - INFO - Epoch(train)  [37][200/782]  lr: 5.0000e-02  eta: 1:57:16  time: 0.0465  data_time: 0.0012  memory: 413  loss: 17.4263  loss_ori: 1.9736  loss_uatm: 4.5485  loss_ugsa: 10.9042
2026/02/18 18:33:01 - mmengine - INFO - Epoch(train)  [37][300/782]  lr: 5.0000e-02  eta: 1:57:12  time: 0.0448  data_time: 0.0011  memory: 413  loss: 18.6823  loss_ori: 1.9018  loss_uatm: 4.9911  loss_ugsa: 11.7894
2026/02/18 18:33:05 - mmengine - INFO - Epoch(train)  [37][400/782]  lr: 5.0000e-02  eta: 1:57:10  time: 0.0481  data_time: 0.0011  memory: 413  loss: 18.5729  loss_ori: 1.9239  loss_uatm: 4.7202  loss_ugsa: 11.9287
2026/02/18 18:33:10 - mmengine - INFO - Epoch(train)  [37][500/782]  lr: 5.0000e-02  eta: 1:57:05  time: 0.0600  data_time: 0.0010  memory: 413  loss: 18.2224  loss_ori: 2.2976  loss_uatm: 4.7272  loss_ugsa: 11.1976
2026/02/18 18:33:14 - mmengine - INFO - Epoch(train)  [37][600/782]  lr: 5.0000e-02  eta: 1:56:59  time: 0.0408  data_time: 0.0009  memory: 413  loss: 18.3944  loss_ori: 2.0928  loss_uatm: 4.6757  loss_ugsa: 11.6260
2026/02/18 18:33:19 - mmengine - INFO - Epoch(train)  [37][700/782]  lr: 5.0000e-02  eta: 1:56:55  time: 0.0414  data_time: 0.0008  memory: 413  loss: 18.7508  loss_ori: 1.6077  loss_uatm: 4.9178  loss_ugsa: 12.2254
2026/02/18 18:33:22 - mmengine - INFO - Exp name: resnet32x4_resnet8x4_20260218_180916
2026/02/18 18:33:25 - mmengine - INFO - Epoch(val)  [37][100/157]    eta: 0:00:01  time: 0.0427  data_time: 0.0006  memory: 413  
2026/02/18 18:33:26 - mmengine - INFO - Epoch(val) [37][157/157]    accuracy/top1: 60.6600  data_time: 0.0007  time: 0.0227
2026/02/18 18:33:29 - mmengine - INFO - Exp name: resnet32x4_resnet8x4_20260218_180916
2026/02/18 18:33:30 - mmengine - INFO - Epoch(train)  [38][100/782]  lr: 5.0000e-02  eta: 1:56:48  time: 0.0432  data_time: 0.0010  memory: 413  loss: 18.6617  loss_ori: 1.9053  loss_uatm: 4.8248  loss_ugsa: 11.9315
2026/02/18 18:33:35 - mmengine - INFO - Epoch(train)  [38][200/782]  lr: 5.0000e-02  eta: 1:56:43  time: 0.0452  data_time: 0.0011  memory: 413  loss: 18.0150  loss_ori: 2.4863  loss_uatm: 4.6154  loss_ugsa: 10.9133
2026/02/18 18:33:39 - mmengine - INFO - Epoch(train)  [38][300/782]  lr: 5.0000e-02  eta: 1:56:39  time: 0.0456  data_time: 0.0012  memory: 413  loss: 18.4776  loss_ori: 2.2589  loss_uatm: 4.5532  loss_ugsa: 11.6656
2026/02/18 18:33:44 - mmengine - INFO - Epoch(train)  [38][400/782]  lr: 5.0000e-02  eta: 1:56:36  time: 0.0465  data_time: 0.0011  memory: 413  loss: 18.0237  loss_ori: 1.9804  loss_uatm: 4.7208  loss_ugsa: 11.3225
2026/02/18 18:33:49 - mmengine - INFO - Epoch(train)  [38][500/782]  lr: 5.0000e-02  eta: 1:56:32  time: 0.0430  data_time: 0.0009  memory: 413  loss: 17.6407  loss_ori: 1.9798  loss_uatm: 4.7059  loss_ugsa: 10.9550
2026/02/18 18:33:53 - mmengine - INFO - Epoch(train)  [38][600/782]  lr: 5.0000e-02  eta: 1:56:27  time: 0.0435  data_time: 0.0015  memory: 413  loss: 18.6957  loss_ori: 2.3681  loss_uatm: 4.8550  loss_ugsa: 11.4726
2026/02/18 18:33:58 - mmengine - INFO - Epoch(train)  [38][700/782]  lr: 5.0000e-02  eta: 1:56:24  time: 0.0424  data_time: 0.0009  memory: 413  loss: 17.8702  loss_ori: 2.0693  loss_uatm: 4.5633  loss_ugsa: 11.2377
2026/02/18 18:34:01 - mmengine - INFO - Exp name: resnet32x4_resnet8x4_20260218_180916
2026/02/18 18:34:04 - mmengine - INFO - Epoch(val)  [38][100/157]    eta: 0:00:01  time: 0.0215  data_time: 0.0005  memory: 413  
2026/02/18 18:34:05 - mmengine - INFO - Epoch(val) [38][157/157]    accuracy/top1: 59.3400  data_time: 0.0008  time: 0.0231
2026/02/18 18:34:09 - mmengine - INFO - Epoch(train)  [39][100/782]  lr: 5.0000e-02  eta: 1:56:15  time: 0.0426  data_time: 0.0010  memory: 413  loss: 18.2294  loss_ori: 2.2686  loss_uatm: 4.5922  loss_ugsa: 11.3686
2026/02/18 18:34:14 - mmengine - INFO - Epoch(train)  [39][200/782]  lr: 5.0000e-02  eta: 1:56:12  time: 0.0463  data_time: 0.0012  memory: 413  loss: 18.5408  loss_ori: 2.0109  loss_uatm: 4.5582  loss_ugsa: 11.9717
2026/02/18 18:34:18 - mmengine - INFO - Exp name: resnet32x4_resnet8x4_20260218_180916
2026/02/18 18:34:19 - mmengine - INFO - Epoch(train)  [39][300/782]  lr: 5.0000e-02  eta: 1:56:07  time: 0.0430  data_time: 0.0010  memory: 413  loss: 18.5452  loss_ori: 2.5270  loss_uatm: 4.7031  loss_ugsa: 11.3152
2026/02/18 18:34:23 - mmengine - INFO - Epoch(train)  [39][400/782]  lr: 5.0000e-02  eta: 1:56:04  time: 0.0467  data_time: 0.0010  memory: 413  loss: 18.2702  loss_ori: 2.3083  loss_uatm: 4.8948  loss_ugsa: 11.0670
2026/02/18 18:34:28 - mmengine - INFO - Epoch(train)  [39][500/782]  lr: 5.0000e-02  eta: 1:55:59  time: 0.0457  data_time: 0.0010  memory: 413  loss: 17.5413  loss_ori: 2.1032  loss_uatm: 4.7043  loss_ugsa: 10.7338
2026/02/18 18:34:32 - mmengine - INFO - Epoch(train)  [39][600/782]  lr: 5.0000e-02  eta: 1:55:53  time: 0.0388  data_time: 0.0009  memory: 413  loss: 17.9149  loss_ori: 2.2132  loss_uatm: 4.5571  loss_ugsa: 11.1446
2026/02/18 18:34:37 - mmengine - INFO - Epoch(train)  [39][700/782]  lr: 5.0000e-02  eta: 1:55:50  time: 0.0467  data_time: 0.0011  memory: 413  loss: 18.2420  loss_ori: 2.2180  loss_uatm: 4.8017  loss_ugsa: 11.2223
2026/02/18 18:34:40 - mmengine - INFO - Exp name: resnet32x4_resnet8x4_20260218_180916
2026/02/18 18:34:43 - mmengine - INFO - Epoch(val)  [39][100/157]    eta: 0:00:01  time: 0.0188  data_time: 0.0005  memory: 413  
2026/02/18 18:34:44 - mmengine - INFO - Epoch(val) [39][157/157]    accuracy/top1: 62.1200  data_time: 0.0009  time: 0.0228
2026/02/18 18:34:44 - mmengine - INFO - The previous best checkpoint /root/autodl-tmp/mmcls/work_dirs/cifar100/resnet32x4_resnet8x4/UATM+UGSA_temp=4.0_loss_weight=15.0+loss_weight=1.0_1/best_accuracy_top1_epoch_27.pth is removed
2026/02/18 18:34:45 - mmengine - INFO - The best checkpoint with 62.1200 accuracy/top1 at 39 epoch is saved to best_accuracy_top1_epoch_39.pth.
2026/02/18 18:34:50 - mmengine - INFO - Epoch(train)  [40][100/782]  lr: 5.0000e-02  eta: 1:55:43  time: 0.0461  data_time: 0.0012  memory: 413  loss: 17.6412  loss_ori: 2.1314  loss_uatm: 4.4499  loss_ugsa: 11.0599
2026/02/18 18:34:55 - mmengine - INFO - Epoch(train)  [40][200/782]  lr: 5.0000e-02  eta: 1:55:41  time: 0.0457  data_time: 0.0012  memory: 413  loss: 18.0581  loss_ori: 2.4002  loss_uatm: 4.5447  loss_ugsa: 11.1132
2026/02/18 18:34:59 - mmengine - INFO - Epoch(train)  [40][300/782]  lr: 5.0000e-02  eta: 1:55:37  time: 0.0449  data_time: 0.0009  memory: 413  loss: 17.8275  loss_ori: 2.0921  loss_uatm: 4.6487  loss_ugsa: 11.0867
2026/02/18 18:35:04 - mmengine - INFO - Epoch(train)  [40][400/782]  lr: 5.0000e-02  eta: 1:55:33  time: 0.0484  data_time: 0.0012  memory: 413  loss: 18.5091  loss_ori: 2.3420  loss_uatm: 4.7295  loss_ugsa: 11.4376
2026/02/18 18:35:08 - mmengine - INFO - Epoch(train)  [40][500/782]  lr: 5.0000e-02  eta: 1:55:29  time: 0.0382  data_time: 0.0010  memory: 413  loss: 17.7408  loss_ori: 1.9356  loss_uatm: 4.7731  loss_ugsa: 11.0321
2026/02/18 18:35:08 - mmengine - INFO - Exp name: resnet32x4_resnet8x4_20260218_180916
2026/02/18 18:35:13 - mmengine - INFO - Epoch(train)  [40][600/782]  lr: 5.0000e-02  eta: 1:55:25  time: 0.0630  data_time: 0.0017  memory: 413  loss: 17.7469  loss_ori: 2.2265  loss_uatm: 4.9499  loss_ugsa: 10.5705
2026/02/18 18:35:17 - mmengine - INFO - Epoch(train)  [40][700/782]  lr: 5.0000e-02  eta: 1:55:21  time: 0.0438  data_time: 0.0011  memory: 413  loss: 18.3300  loss_ori: 2.5364  loss_uatm: 4.7557  loss_ugsa: 11.0380
2026/02/18 18:35:21 - mmengine - INFO - Exp name: resnet32x4_resnet8x4_20260218_180916
2026/02/18 18:35:23 - mmengine - INFO - Epoch(val)  [40][100/157]    eta: 0:00:01  time: 0.0217  data_time: 0.0006  memory: 413  
2026/02/18 18:35:25 - mmengine - INFO - Epoch(val) [40][157/157]    accuracy/top1: 59.1100  data_time: 0.0009  time: 0.0236
2026/02/18 18:35:29 - mmengine - INFO - Epoch(train)  [41][100/782]  lr: 5.0000e-02  eta: 1:55:14  time: 0.0439  data_time: 0.0020  memory: 413  loss: 17.8061  loss_ori: 2.1110  loss_uatm: 4.6665  loss_ugsa: 11.0286
2026/02/18 18:35:34 - mmengine - INFO - Epoch(train)  [41][200/782]  lr: 5.0000e-02  eta: 1:55:11  time: 0.0469  data_time: 0.0011  memory: 413  loss: 17.5800  loss_ori: 1.4984  loss_uatm: 4.8554  loss_ugsa: 11.2261
2026/02/18 18:35:39 - mmengine - INFO - Epoch(train)  [41][300/782]  lr: 5.0000e-02  eta: 1:55:07  time: 0.0656  data_time: 0.0010  memory: 413  loss: 17.9036  loss_ori: 2.0800  loss_uatm: 4.4984  loss_ugsa: 11.3252
2026/02/18 18:35:43 - mmengine - INFO - Epoch(train)  [41][400/782]  lr: 5.0000e-02  eta: 1:55:03  time: 0.0425  data_time: 0.0009  memory: 413  loss: 18.3109  loss_ori: 2.4835  loss_uatm: 4.5678  loss_ugsa: 11.2596
2026/02/18 18:35:48 - mmengine - INFO - Epoch(train)  [41][500/782]  lr: 5.0000e-02  eta: 1:54:59  time: 0.0393  data_time: 0.0010  memory: 413  loss: 18.6813  loss_ori: 2.2472  loss_uatm: 4.7414  loss_ugsa: 11.6926
2026/02/18 18:35:52 - mmengine - INFO - Epoch(train)  [41][600/782]  lr: 5.0000e-02  eta: 1:54:55  time: 0.0686  data_time: 0.0011  memory: 413  loss: 18.2416  loss_ori: 2.5869  loss_uatm: 4.6326  loss_ugsa: 11.0220
2026/02/18 18:35:56 - mmengine - INFO - Epoch(train)  [41][700/782]  lr: 5.0000e-02  eta: 1:54:49  time: 0.0427  data_time: 0.0010  memory: 413  loss: 17.9581  loss_ori: 2.2230  loss_uatm: 4.7148  loss_ugsa: 11.0203
2026/02/18 18:35:57 - mmengine - INFO - Exp name: resnet32x4_resnet8x4_20260218_180916
2026/02/18 18:36:00 - mmengine - INFO - Exp name: resnet32x4_resnet8x4_20260218_180916
2026/02/18 18:36:03 - mmengine - INFO - Epoch(val)  [41][100/157]    eta: 0:00:01  time: 0.0187  data_time: 0.0005  memory: 413  
2026/02/18 18:36:04 - mmengine - INFO - Epoch(val) [41][157/157]    accuracy/top1: 60.1300  data_time: 0.0008  time: 0.0230
2026/02/18 18:36:08 - mmengine - INFO - Epoch(train)  [42][100/782]  lr: 5.0000e-02  eta: 1:54:41  time: 0.0477  data_time: 0.0011  memory: 413  loss: 17.9160  loss_ori: 2.0080  loss_uatm: 4.6087  loss_ugsa: 11.2992
2026/02/18 18:36:13 - mmengine - INFO - Epoch(train)  [42][200/782]  lr: 5.0000e-02  eta: 1:54:38  time: 0.0445  data_time: 0.0010  memory: 413  loss: 18.2011  loss_ori: 1.5397  loss_uatm: 4.8093  loss_ugsa: 11.8520
2026/02/18 18:36:18 - mmengine - INFO - Epoch(train)  [42][300/782]  lr: 5.0000e-02  eta: 1:54:34  time: 0.0436  data_time: 0.0010  memory: 413  loss: 18.6592  loss_ori: 1.6139  loss_uatm: 5.1318  loss_ugsa: 11.9135
2026/02/18 18:36:22 - mmengine - INFO - Epoch(train)  [42][400/782]  lr: 5.0000e-02  eta: 1:54:30  time: 0.0435  data_time: 0.0009  memory: 413  loss: 18.5485  loss_ori: 1.9195  loss_uatm: 4.8386  loss_ugsa: 11.7903
2026/02/18 18:36:27 - mmengine - INFO - Epoch(train)  [42][500/782]  lr: 5.0000e-02  eta: 1:54:27  time: 0.0465  data_time: 0.0010  memory: 413  loss: 18.7864  loss_ori: 2.1854  loss_uatm: 4.9518  loss_ugsa: 11.6492
2026/02/18 18:36:31 - mmengine - INFO - Epoch(train)  [42][600/782]  lr: 5.0000e-02  eta: 1:54:22  time: 0.0415  data_time: 0.0008  memory: 413  loss: 18.2025  loss_ori: 1.8539  loss_uatm: 4.6238  loss_ugsa: 11.7249
2026/02/18 18:36:35 - mmengine - INFO - Epoch(train)  [42][700/782]  lr: 5.0000e-02  eta: 1:54:17  time: 0.0429  data_time: 0.0010  memory: 413  loss: 18.6170  loss_ori: 2.2579  loss_uatm: 4.9379  loss_ugsa: 11.4212
2026/02/18 18:36:39 - mmengine - INFO - Exp name: resnet32x4_resnet8x4_20260218_180916
2026/02/18 18:36:41 - mmengine - INFO - Epoch(val)  [42][100/157]    eta: 0:00:01  time: 0.0196  data_time: 0.0005  memory: 413  
2026/02/18 18:36:43 - mmengine - INFO - Epoch(val) [42][157/157]    accuracy/top1: 58.4300  data_time: 0.0008  time: 0.0232
2026/02/18 18:36:47 - mmengine - INFO - Epoch(train)  [43][100/782]  lr: 5.0000e-02  eta: 1:54:09  time: 0.0430  data_time: 0.0009  memory: 413  loss: 17.5119  loss_ori: 1.9314  loss_uatm: 4.4344  loss_ugsa: 11.1461
2026/02/18 18:36:50 - mmengine - INFO - Exp name: resnet32x4_resnet8x4_20260218_180916
2026/02/18 18:36:52 - mmengine - INFO - Epoch(train)  [43][200/782]  lr: 5.0000e-02  eta: 1:54:05  time: 0.0428  data_time: 0.0010  memory: 413  loss: 17.7309  loss_ori: 2.0919  loss_uatm: 4.6056  loss_ugsa: 11.0335
2026/02/18 18:36:56 - mmengine - INFO - Epoch(train)  [43][300/782]  lr: 5.0000e-02  eta: 1:54:01  time: 0.0708  data_time: 0.0010  memory: 413  loss: 18.1136  loss_ori: 2.0003  loss_uatm: 4.6844  loss_ugsa: 11.4289
2026/02/18 18:37:01 - mmengine - INFO - Epoch(train)  [43][400/782]  lr: 5.0000e-02  eta: 1:53:56  time: 0.0426  data_time: 0.0009  memory: 413  loss: 18.2441  loss_ori: 2.6759  loss_uatm: 4.5487  loss_ugsa: 11.0196
2026/02/18 18:37:05 - mmengine - INFO - Epoch(train)  [43][500/782]  lr: 5.0000e-02  eta: 1:53:53  time: 0.0478  data_time: 0.0011  memory: 413  loss: 18.2467  loss_ori: 2.2907  loss_uatm: 4.6408  loss_ugsa: 11.3152
2026/02/18 18:37:10 - mmengine - INFO - Epoch(train)  [43][600/782]  lr: 5.0000e-02  eta: 1:53:49  time: 0.0438  data_time: 0.0010  memory: 413  loss: 18.6579  loss_ori: 2.1163  loss_uatm: 4.7782  loss_ugsa: 11.7635
2026/02/18 18:37:14 - mmengine - INFO - Epoch(train)  [43][700/782]  lr: 5.0000e-02  eta: 1:53:45  time: 0.0443  data_time: 0.0010  memory: 413  loss: 17.8148  loss_ori: 1.9909  loss_uatm: 4.8997  loss_ugsa: 10.9242
2026/02/18 18:37:18 - mmengine - INFO - Exp name: resnet32x4_resnet8x4_20260218_180916
2026/02/18 18:37:20 - mmengine - INFO - Epoch(val)  [43][100/157]    eta: 0:00:01  time: 0.0173  data_time: 0.0005  memory: 413  
2026/02/18 18:37:22 - mmengine - INFO - Epoch(val) [43][157/157]    accuracy/top1: 62.3700  data_time: 0.0009  time: 0.0226
2026/02/18 18:37:22 - mmengine - INFO - The previous best checkpoint /root/autodl-tmp/mmcls/work_dirs/cifar100/resnet32x4_resnet8x4/UATM+UGSA_temp=4.0_loss_weight=15.0+loss_weight=1.0_1/best_accuracy_top1_epoch_39.pth is removed
2026/02/18 18:37:23 - mmengine - INFO - The best checkpoint with 62.3700 accuracy/top1 at 43 epoch is saved to best_accuracy_top1_epoch_43.pth.
2026/02/18 18:37:27 - mmengine - INFO - Epoch(train)  [44][100/782]  lr: 5.0000e-02  eta: 1:53:36  time: 0.0389  data_time: 0.0008  memory: 413  loss: 17.8358  loss_ori: 2.1272  loss_uatm: 4.4169  loss_ugsa: 11.2918
2026/02/18 18:37:31 - mmengine - INFO - Epoch(train)  [44][200/782]  lr: 5.0000e-02  eta: 1:53:31  time: 0.0428  data_time: 0.0009  memory: 413  loss: 18.4218  loss_ori: 1.9486  loss_uatm: 4.6949  loss_ugsa: 11.7783
2026/02/18 18:37:35 - mmengine - INFO - Epoch(train)  [44][300/782]  lr: 5.0000e-02  eta: 1:53:25  time: 0.0344  data_time: 0.0007  memory: 413  loss: 17.4172  loss_ori: 1.8174  loss_uatm: 4.7108  loss_ugsa: 10.8890
2026/02/18 18:37:38 - mmengine - INFO - Exp name: resnet32x4_resnet8x4_20260218_180916
2026/02/18 18:37:39 - mmengine - INFO - Epoch(train)  [44][400/782]  lr: 5.0000e-02  eta: 1:53:18  time: 0.0396  data_time: 0.0012  memory: 413  loss: 18.5932  loss_ori: 2.0850  loss_uatm: 4.7418  loss_ugsa: 11.7664
2026/02/18 18:37:44 - mmengine - INFO - Epoch(train)  [44][500/782]  lr: 5.0000e-02  eta: 1:53:15  time: 0.0477  data_time: 0.0012  memory: 413  loss: 18.3346  loss_ori: 1.6323  loss_uatm: 4.6991  loss_ugsa: 12.0032
2026/02/18 18:37:49 - mmengine - INFO - Epoch(train)  [44][600/782]  lr: 5.0000e-02  eta: 1:53:12  time: 0.0735  data_time: 0.0013  memory: 413  loss: 18.6049  loss_ori: 1.9568  loss_uatm: 4.7213  loss_ugsa: 11.9268
2026/02/18 18:37:53 - mmengine - INFO - Epoch(train)  [44][700/782]  lr: 5.0000e-02  eta: 1:53:06  time: 0.0422  data_time: 0.0010  memory: 413  loss: 18.2487  loss_ori: 1.8829  loss_uatm: 4.7637  loss_ugsa: 11.6021
2026/02/18 18:37:56 - mmengine - INFO - Exp name: resnet32x4_resnet8x4_20260218_180916
2026/02/18 18:37:59 - mmengine - INFO - Epoch(val)  [44][100/157]    eta: 0:00:01  time: 0.0196  data_time: 0.0005  memory: 413  
2026/02/18 18:38:00 - mmengine - INFO - Epoch(val) [44][157/157]    accuracy/top1: 61.0700  data_time: 0.0007  time: 0.0206
2026/02/18 18:38:04 - mmengine - INFO - Epoch(train)  [45][100/782]  lr: 5.0000e-02  eta: 1:52:58  time: 0.0381  data_time: 0.0011  memory: 413  loss: 18.3981  loss_ori: 1.6824  loss_uatm: 4.6446  loss_ugsa: 12.0711
2026/02/18 18:38:09 - mmengine - INFO - Epoch(train)  [45][200/782]  lr: 5.0000e-02  eta: 1:52:53  time: 0.0432  data_time: 0.0010  memory: 413  loss: 18.2937  loss_ori: 1.6924  loss_uatm: 4.6938  loss_ugsa: 11.9074
2026/02/18 18:38:13 - mmengine - INFO - Epoch(train)  [45][300/782]  lr: 5.0000e-02  eta: 1:52:49  time: 0.0424  data_time: 0.0009  memory: 413  loss: 18.1272  loss_ori: 1.9592  loss_uatm: 4.4634  loss_ugsa: 11.7045
2026/02/18 18:38:17 - mmengine - INFO - Epoch(train)  [45][400/782]  lr: 5.0000e-02  eta: 1:52:44  time: 0.0414  data_time: 0.0009  memory: 413  loss: 18.2023  loss_ori: 2.0559  loss_uatm: 4.5254  loss_ugsa: 11.6210
2026/02/18 18:38:22 - mmengine - INFO - Epoch(train)  [45][500/782]  lr: 5.0000e-02  eta: 1:52:38  time: 0.0436  data_time: 0.0010  memory: 413  loss: 18.1619  loss_ori: 1.9544  loss_uatm: 4.9801  loss_ugsa: 11.2275
2026/02/18 18:38:26 - mmengine - INFO - Exp name: resnet32x4_resnet8x4_20260218_180916
2026/02/18 18:38:26 - mmengine - INFO - Epoch(train)  [45][600/782]  lr: 5.0000e-02  eta: 1:52:35  time: 0.0510  data_time: 0.0012  memory: 413  loss: 17.9452  loss_ori: 1.8343  loss_uatm: 4.7333  loss_ugsa: 11.3776
2026/02/18 18:38:31 - mmengine - INFO - Epoch(train)  [45][700/782]  lr: 5.0000e-02  eta: 1:52:32  time: 0.0440  data_time: 0.0010  memory: 413  loss: 17.7116  loss_ori: 2.0802  loss_uatm: 4.7356  loss_ugsa: 10.8959
2026/02/18 18:38:35 - mmengine - INFO - Exp name: resnet32x4_resnet8x4_20260218_180916
2026/02/18 18:38:37 - mmengine - INFO - Epoch(val)  [45][100/157]    eta: 0:00:01  time: 0.0186  data_time: 0.0004  memory: 413  
2026/02/18 18:38:38 - mmengine - INFO - Epoch(val) [45][157/157]    accuracy/top1: 59.0400  data_time: 0.0009  time: 0.0228
2026/02/18 18:38:42 - mmengine - INFO - Epoch(train)  [46][100/782]  lr: 5.0000e-02  eta: 1:52:21  time: 0.0423  data_time: 0.0010  memory: 413  loss: 17.4192  loss_ori: 1.8029  loss_uatm: 4.6257  loss_ugsa: 10.9906
2026/02/18 18:38:46 - mmengine - INFO - Epoch(train)  [46][200/782]  lr: 5.0000e-02  eta: 1:52:16  time: 0.0416  data_time: 0.0009  memory: 413  loss: 18.3671  loss_ori: 2.1375  loss_uatm: 4.6503  loss_ugsa: 11.5792
2026/02/18 18:38:51 - mmengine - INFO - Epoch(train)  [46][300/782]  lr: 5.0000e-02  eta: 1:52:11  time: 0.0437  data_time: 0.0012  memory: 413  loss: 17.6476  loss_ori: 1.9492  loss_uatm: 4.6199  loss_ugsa: 11.0785
2026/02/18 18:38:55 - mmengine - INFO - Epoch(train)  [46][400/782]  lr: 5.0000e-02  eta: 1:52:08  time: 0.0434  data_time: 0.0010  memory: 413  loss: 18.3668  loss_ori: 2.1684  loss_uatm: 4.6143  loss_ugsa: 11.5840
2026/02/18 18:39:00 - mmengine - INFO - Epoch(train)  [46][500/782]  lr: 5.0000e-02  eta: 1:52:04  time: 0.0442  data_time: 0.0009  memory: 413  loss: 18.3664  loss_ori: 1.9971  loss_uatm: 4.9970  loss_ugsa: 11.3723
2026/02/18 18:39:04 - mmengine - INFO - Epoch(train)  [46][600/782]  lr: 5.0000e-02  eta: 1:52:00  time: 0.0439  data_time: 0.0010  memory: 413  loss: 17.6830  loss_ori: 2.1670  loss_uatm: 4.6077  loss_ugsa: 10.9083
2026/02/18 18:39:09 - mmengine - INFO - Epoch(train)  [46][700/782]  lr: 5.0000e-02  eta: 1:51:56  time: 0.0411  data_time: 0.0015  memory: 413  loss: 18.8980  loss_ori: 1.8365  loss_uatm: 4.9871  loss_ugsa: 12.0744
2026/02/18 18:39:13 - mmengine - INFO - Exp name: resnet32x4_resnet8x4_20260218_180916
2026/02/18 18:39:15 - mmengine - INFO - Epoch(val)  [46][100/157]    eta: 0:00:01  time: 0.0212  data_time: 0.0005  memory: 413  
2026/02/18 18:39:17 - mmengine - INFO - Epoch(val) [46][157/157]    accuracy/top1: 60.1900  data_time: 0.0010  time: 0.0243
2026/02/18 18:39:18 - mmengine - INFO - Exp name: resnet32x4_resnet8x4_20260218_180916
2026/02/18 18:39:21 - mmengine - INFO - Epoch(train)  [47][100/782]  lr: 5.0000e-02  eta: 1:51:48  time: 0.0437  data_time: 0.0009  memory: 413  loss: 18.0362  loss_ori: 2.1146  loss_uatm: 4.4993  loss_ugsa: 11.4223
2026/02/18 18:39:26 - mmengine - INFO - Epoch(train)  [47][200/782]  lr: 5.0000e-02  eta: 1:51:43  time: 0.0414  data_time: 0.0008  memory: 413  loss: 18.7851  loss_ori: 2.0614  loss_uatm: 4.7915  loss_ugsa: 11.9322
2026/02/18 18:39:30 - mmengine - INFO - Epoch(train)  [47][300/782]  lr: 5.0000e-02  eta: 1:51:38  time: 0.0382  data_time: 0.0009  memory: 413  loss: 18.1249  loss_ori: 2.2993  loss_uatm: 4.6748  loss_ugsa: 11.1507
2026/02/18 18:39:35 - mmengine - INFO - Epoch(train)  [47][400/782]  lr: 5.0000e-02  eta: 1:51:34  time: 0.0435  data_time: 0.0010  memory: 413  loss: 17.6720  loss_ori: 2.2899  loss_uatm: 4.4997  loss_ugsa: 10.8824
2026/02/18 18:39:39 - mmengine - INFO - Epoch(train)  [47][500/782]  lr: 5.0000e-02  eta: 1:51:30  time: 0.0397  data_time: 0.0009  memory: 413  loss: 17.7058  loss_ori: 2.2330  loss_uatm: 4.4002  loss_ugsa: 11.0725
2026/02/18 18:39:43 - mmengine - INFO - Epoch(train)  [47][600/782]  lr: 5.0000e-02  eta: 1:51:25  time: 0.0443  data_time: 0.0009  memory: 413  loss: 17.9823  loss_ori: 2.0118  loss_uatm: 4.7110  loss_ugsa: 11.2596
2026/02/18 18:39:48 - mmengine - INFO - Epoch(train)  [47][700/782]  lr: 5.0000e-02  eta: 1:51:21  time: 0.0422  data_time: 0.0010  memory: 413  loss: 17.9761  loss_ori: 2.6628  loss_uatm: 4.4765  loss_ugsa: 10.8368
2026/02/18 18:39:51 - mmengine - INFO - Exp name: resnet32x4_resnet8x4_20260218_180916
2026/02/18 18:39:54 - mmengine - INFO - Epoch(val)  [47][100/157]    eta: 0:00:01  time: 0.0224  data_time: 0.0005  memory: 413  
2026/02/18 18:39:55 - mmengine - INFO - Epoch(val) [47][157/157]    accuracy/top1: 57.9600  data_time: 0.0009  time: 0.0238
2026/02/18 18:40:00 - mmengine - INFO - Epoch(train)  [48][100/782]  lr: 5.0000e-02  eta: 1:51:14  time: 0.0434  data_time: 0.0009  memory: 413  loss: 18.0498  loss_ori: 1.9449  loss_uatm: 4.5852  loss_ugsa: 11.5197
2026/02/18 18:40:05 - mmengine - INFO - Epoch(train)  [48][200/782]  lr: 5.0000e-02  eta: 1:51:11  time: 0.0444  data_time: 0.0010  memory: 413  loss: 18.4418  loss_ori: 1.9355  loss_uatm: 4.6913  loss_ugsa: 11.8150
2026/02/18 18:40:06 - mmengine - INFO - Exp name: resnet32x4_resnet8x4_20260218_180916
2026/02/18 18:40:09 - mmengine - INFO - Epoch(train)  [48][300/782]  lr: 5.0000e-02  eta: 1:51:04  time: 0.0405  data_time: 0.0013  memory: 413  loss: 18.4389  loss_ori: 1.6189  loss_uatm: 4.9068  loss_ugsa: 11.9132
2026/02/18 18:40:13 - mmengine - INFO - Epoch(train)  [48][400/782]  lr: 5.0000e-02  eta: 1:51:00  time: 0.0437  data_time: 0.0010  memory: 413  loss: 18.8606  loss_ori: 2.2132  loss_uatm: 4.7339  loss_ugsa: 11.9134
2026/02/18 18:40:18 - mmengine - INFO - Epoch(train)  [48][500/782]  lr: 5.0000e-02  eta: 1:50:57  time: 0.0395  data_time: 0.0010  memory: 413  loss: 17.7888  loss_ori: 2.2572  loss_uatm: 4.5549  loss_ugsa: 10.9768
2026/02/18 18:40:22 - mmengine - INFO - Epoch(train)  [48][600/782]  lr: 5.0000e-02  eta: 1:50:52  time: 0.0450  data_time: 0.0009  memory: 413  loss: 17.9669  loss_ori: 2.3931  loss_uatm: 4.9898  loss_ugsa: 10.5839
2026/02/18 18:40:27 - mmengine - INFO - Epoch(train)  [48][700/782]  lr: 5.0000e-02  eta: 1:50:47  time: 0.0444  data_time: 0.0011  memory: 413  loss: 18.4185  loss_ori: 1.6854  loss_uatm: 4.9641  loss_ugsa: 11.7690
2026/02/18 18:40:30 - mmengine - INFO - Exp name: resnet32x4_resnet8x4_20260218_180916
2026/02/18 18:40:32 - mmengine - INFO - Epoch(val)  [48][100/157]    eta: 0:00:01  time: 0.0211  data_time: 0.0006  memory: 413  
2026/02/18 18:40:34 - mmengine - INFO - Epoch(val) [48][157/157]    accuracy/top1: 58.5200  data_time: 0.0009  time: 0.0232
2026/02/18 18:40:38 - mmengine - INFO - Epoch(train)  [49][100/782]  lr: 5.0000e-02  eta: 1:50:39  time: 0.0420  data_time: 0.0010  memory: 413  loss: 18.3367  loss_ori: 1.9152  loss_uatm: 4.5605  loss_ugsa: 11.8610
2026/02/18 18:40:43 - mmengine - INFO - Epoch(train)  [49][200/782]  lr: 5.0000e-02  eta: 1:50:36  time: 0.0464  data_time: 0.0010  memory: 413  loss: 18.5154  loss_ori: 2.4022  loss_uatm: 4.7982  loss_ugsa: 11.3150
2026/02/18 18:40:47 - mmengine - INFO - Epoch(train)  [49][300/782]  lr: 5.0000e-02  eta: 1:50:30  time: 0.0341  data_time: 0.0010  memory: 413  loss: 18.0210  loss_ori: 2.0014  loss_uatm: 4.7021  loss_ugsa: 11.3174
2026/02/18 18:40:52 - mmengine - INFO - Epoch(train)  [49][400/782]  lr: 5.0000e-02  eta: 1:50:26  time: 0.0432  data_time: 0.0010  memory: 413  loss: 18.3866  loss_ori: 2.2468  loss_uatm: 4.8383  loss_ugsa: 11.3015
2026/02/18 18:40:55 - mmengine - INFO - Exp name: resnet32x4_resnet8x4_20260218_180916
2026/02/18 18:40:57 - mmengine - INFO - Epoch(train)  [49][500/782]  lr: 5.0000e-02  eta: 1:50:21  time: 0.0441  data_time: 0.0011  memory: 413  loss: 17.6174  loss_ori: 2.0781  loss_uatm: 4.6592  loss_ugsa: 10.8801
2026/02/18 18:41:01 - mmengine - INFO - Epoch(train)  [49][600/782]  lr: 5.0000e-02  eta: 1:50:17  time: 0.0455  data_time: 0.0011  memory: 413  loss: 18.5500  loss_ori: 2.5966  loss_uatm: 4.6359  loss_ugsa: 11.3176
2026/02/18 18:41:06 - mmengine - INFO - Epoch(train)  [49][700/782]  lr: 5.0000e-02  eta: 1:50:13  time: 0.0419  data_time: 0.0009  memory: 413  loss: 17.7407  loss_ori: 2.1219  loss_uatm: 4.6040  loss_ugsa: 11.0148
2026/02/18 18:41:09 - mmengine - INFO - Exp name: resnet32x4_resnet8x4_20260218_180916
2026/02/18 18:41:12 - mmengine - INFO - Epoch(val)  [49][100/157]    eta: 0:00:01  time: 0.0219  data_time: 0.0007  memory: 413  
2026/02/18 18:41:13 - mmengine - INFO - Epoch(val) [49][157/157]    accuracy/top1: 57.8600  data_time: 0.0007  time: 0.0222
2026/02/18 18:41:18 - mmengine - INFO - Epoch(train)  [50][100/782]  lr: 5.0000e-02  eta: 1:50:06  time: 0.0440  data_time: 0.0009  memory: 413  loss: 18.1402  loss_ori: 1.6295  loss_uatm: 4.6167  loss_ugsa: 11.8940
2026/02/18 18:41:22 - mmengine - INFO - Epoch(train)  [50][200/782]  lr: 5.0000e-02  eta: 1:50:03  time: 0.0445  data_time: 0.0011  memory: 413  loss: 18.2251  loss_ori: 1.6420  loss_uatm: 5.0004  loss_ugsa: 11.5827
2026/02/18 18:41:27 - mmengine - INFO - Epoch(train)  [50][300/782]  lr: 5.0000e-02  eta: 1:49:58  time: 0.0418  data_time: 0.0011  memory: 413  loss: 17.6542  loss_ori: 1.8940  loss_uatm: 4.5703  loss_ugsa: 11.1898
2026/02/18 18:41:31 - mmengine - INFO - Epoch(train)  [50][400/782]  lr: 5.0000e-02  eta: 1:49:55  time: 0.0442  data_time: 0.0010  memory: 413  loss: 18.4357  loss_ori: 2.2614  loss_uatm: 4.5147  loss_ugsa: 11.6595
2026/02/18 18:41:35 - mmengine - INFO - Epoch(train)  [50][500/782]  lr: 5.0000e-02  eta: 1:49:48  time: 0.0300  data_time: 0.0007  memory: 413  loss: 17.7636  loss_ori: 2.0486  loss_uatm: 4.5592  loss_ugsa: 11.1558
2026/02/18 18:41:39 - mmengine - INFO - Epoch(train)  [50][600/782]  lr: 5.0000e-02  eta: 1:49:42  time: 0.0432  data_time: 0.0010  memory: 413  loss: 18.4832  loss_ori: 1.6529  loss_uatm: 4.7758  loss_ugsa: 12.0544
2026/02/18 18:41:43 - mmengine - INFO - Exp name: resnet32x4_resnet8x4_20260218_180916
2026/02/18 18:41:44 - mmengine - INFO - Epoch(train)  [50][700/782]  lr: 5.0000e-02  eta: 1:49:37  time: 0.0403  data_time: 0.0010  memory: 413  loss: 17.8451  loss_ori: 1.9837  loss_uatm: 4.4236  loss_ugsa: 11.4378
2026/02/18 18:41:47 - mmengine - INFO - Exp name: resnet32x4_resnet8x4_20260218_180916
2026/02/18 18:41:49 - mmengine - INFO - Epoch(val)  [50][100/157]    eta: 0:00:01  time: 0.0235  data_time: 0.0006  memory: 413  
2026/02/18 18:41:51 - mmengine - INFO - Epoch(val) [50][157/157]    accuracy/top1: 63.2700  data_time: 0.0009  time: 0.0222
2026/02/18 18:41:51 - mmengine - INFO - The previous best checkpoint /root/autodl-tmp/mmcls/work_dirs/cifar100/resnet32x4_resnet8x4/UATM+UGSA_temp=4.0_loss_weight=15.0+loss_weight=1.0_1/best_accuracy_top1_epoch_43.pth is removed
2026/02/18 18:41:52 - mmengine - INFO - The best checkpoint with 63.2700 accuracy/top1 at 50 epoch is saved to best_accuracy_top1_epoch_50.pth.
2026/02/18 18:41:56 - mmengine - INFO - Epoch(train)  [51][100/782]  lr: 5.0000e-02  eta: 1:49:28  time: 0.0394  data_time: 0.0008  memory: 413  loss: 17.7882  loss_ori: 1.7461  loss_uatm: 4.4581  loss_ugsa: 11.5840
2026/02/18 18:42:00 - mmengine - INFO - Epoch(train)  [51][200/782]  lr: 5.0000e-02  eta: 1:49:23  time: 0.0451  data_time: 0.0010  memory: 413  loss: 18.1737  loss_ori: 2.1383  loss_uatm: 4.6924  loss_ugsa: 11.3429
2026/02/18 18:42:05 - mmengine - INFO - Epoch(train)  [51][300/782]  lr: 5.0000e-02  eta: 1:49:18  time: 0.0432  data_time: 0.0012  memory: 413  loss: 18.3640  loss_ori: 2.4489  loss_uatm: 4.6443  loss_ugsa: 11.2707
2026/02/18 18:42:09 - mmengine - INFO - Epoch(train)  [51][400/782]  lr: 5.0000e-02  eta: 1:49:14  time: 0.0423  data_time: 0.0010  memory: 413  loss: 17.7216  loss_ori: 1.7856  loss_uatm: 4.7960  loss_ugsa: 11.1400
2026/02/18 18:42:14 - mmengine - INFO - Epoch(train)  [51][500/782]  lr: 5.0000e-02  eta: 1:49:10  time: 0.0436  data_time: 0.0009  memory: 413  loss: 18.6049  loss_ori: 2.0237  loss_uatm: 4.8243  loss_ugsa: 11.7569
2026/02/18 18:42:18 - mmengine - INFO - Epoch(train)  [51][600/782]  lr: 5.0000e-02  eta: 1:49:04  time: 0.0381  data_time: 0.0007  memory: 413  loss: 17.9122  loss_ori: 2.3638  loss_uatm: 4.3854  loss_ugsa: 11.1629
2026/02/18 18:42:22 - mmengine - INFO - Epoch(train)  [51][700/782]  lr: 5.0000e-02  eta: 1:48:59  time: 0.0425  data_time: 0.0011  memory: 413  loss: 18.0656  loss_ori: 2.4069  loss_uatm: 4.5981  loss_ugsa: 11.0607
2026/02/18 18:42:26 - mmengine - INFO - Exp name: resnet32x4_resnet8x4_20260218_180916
2026/02/18 18:42:28 - mmengine - INFO - Epoch(val)  [51][100/157]    eta: 0:00:01  time: 0.0182  data_time: 0.0006  memory: 413  
2026/02/18 18:42:29 - mmengine - INFO - Epoch(val) [51][157/157]    accuracy/top1: 59.4900  data_time: 0.0008  time: 0.0199
2026/02/18 18:42:34 - mmengine - INFO - Epoch(train)  [52][100/782]  lr: 5.0000e-02  eta: 1:48:52  time: 0.0437  data_time: 0.0010  memory: 413  loss: 17.6735  loss_ori: 2.2084  loss_uatm: 4.4327  loss_ugsa: 11.0324
2026/02/18 18:42:35 - mmengine - INFO - Exp name: resnet32x4_resnet8x4_20260218_180916
2026/02/18 18:42:38 - mmengine - INFO - Epoch(train)  [52][200/782]  lr: 5.0000e-02  eta: 1:48:47  time: 0.0410  data_time: 0.0009  memory: 413  loss: 17.7016  loss_ori: 1.9784  loss_uatm: 4.8196  loss_ugsa: 10.9036
2026/02/18 18:42:42 - mmengine - INFO - Epoch(train)  [52][300/782]  lr: 5.0000e-02  eta: 1:48:40  time: 0.0383  data_time: 0.0011  memory: 413  loss: 18.1542  loss_ori: 2.2171  loss_uatm: 4.5102  loss_ugsa: 11.4270
2026/02/18 18:42:46 - mmengine - INFO - Epoch(train)  [52][400/782]  lr: 5.0000e-02  eta: 1:48:35  time: 0.0413  data_time: 0.0013  memory: 413  loss: 18.3515  loss_ori: 2.0262  loss_uatm: 4.7939  loss_ugsa: 11.5313
2026/02/18 18:42:51 - mmengine - INFO - Epoch(train)  [52][500/782]  lr: 5.0000e-02  eta: 1:48:31  time: 0.0481  data_time: 0.0013  memory: 413  loss: 18.3447  loss_ori: 2.0173  loss_uatm: 4.7671  loss_ugsa: 11.5603
2026/02/18 18:42:55 - mmengine - INFO - Epoch(train)  [52][600/782]  lr: 5.0000e-02  eta: 1:48:26  time: 0.0419  data_time: 0.0015  memory: 413  loss: 18.4558  loss_ori: 2.0038  loss_uatm: 4.7095  loss_ugsa: 11.7426
2026/02/18 18:43:00 - mmengine - INFO - Epoch(train)  [52][700/782]  lr: 5.0000e-02  eta: 1:48:22  time: 0.0435  data_time: 0.0009  memory: 413  loss: 18.5275  loss_ori: 2.0764  loss_uatm: 4.8257  loss_ugsa: 11.6254
2026/02/18 18:43:03 - mmengine - INFO - Exp name: resnet32x4_resnet8x4_20260218_180916
2026/02/18 18:43:06 - mmengine - INFO - Epoch(val)  [52][100/157]    eta: 0:00:01  time: 0.0210  data_time: 0.0005  memory: 413  
2026/02/18 18:43:07 - mmengine - INFO - Epoch(val) [52][157/157]    accuracy/top1: 61.9100  data_time: 0.0008  time: 0.0223
2026/02/18 18:43:12 - mmengine - INFO - Epoch(train)  [53][100/782]  lr: 5.0000e-02  eta: 1:48:14  time: 0.0460  data_time: 0.0016  memory: 413  loss: 17.8681  loss_ori: 1.9893  loss_uatm: 4.3824  loss_ugsa: 11.4964
2026/02/18 18:43:16 - mmengine - INFO - Epoch(train)  [53][200/782]  lr: 5.0000e-02  eta: 1:48:10  time: 0.0457  data_time: 0.0010  memory: 413  loss: 18.3368  loss_ori: 1.9636  loss_uatm: 4.7913  loss_ugsa: 11.5818
2026/02/18 18:43:20 - mmengine - INFO - Epoch(train)  [53][300/782]  lr: 5.0000e-02  eta: 1:48:05  time: 0.0421  data_time: 0.0010  memory: 413  loss: 18.2844  loss_ori: 2.0724  loss_uatm: 4.7325  loss_ugsa: 11.4795
2026/02/18 18:43:22 - mmengine - INFO - Exp name: resnet32x4_resnet8x4_20260218_180916
2026/02/18 18:43:25 - mmengine - INFO - Epoch(train)  [53][400/782]  lr: 5.0000e-02  eta: 1:48:00  time: 0.0428  data_time: 0.0010  memory: 413  loss: 18.4506  loss_ori: 1.9951  loss_uatm: 4.6779  loss_ugsa: 11.7776
2026/02/18 18:43:29 - mmengine - INFO - Epoch(train)  [53][500/782]  lr: 5.0000e-02  eta: 1:47:57  time: 0.0429  data_time: 0.0010  memory: 413  loss: 19.0178  loss_ori: 2.0206  loss_uatm: 4.9351  loss_ugsa: 12.0622
2026/02/18 18:43:34 - mmengine - INFO - Epoch(train)  [53][600/782]  lr: 5.0000e-02  eta: 1:47:52  time: 0.0426  data_time: 0.0010  memory: 413  loss: 17.9611  loss_ori: 2.4279  loss_uatm: 4.3041  loss_ugsa: 11.2292
2026/02/18 18:43:38 - mmengine - INFO - Epoch(train)  [53][700/782]  lr: 5.0000e-02  eta: 1:47:46  time: 0.0336  data_time: 0.0015  memory: 413  loss: 18.1830  loss_ori: 2.0170  loss_uatm: 4.7726  loss_ugsa: 11.3934
2026/02/18 18:43:41 - mmengine - INFO - Exp name: resnet32x4_resnet8x4_20260218_180916
2026/02/18 18:43:44 - mmengine - INFO - Epoch(val)  [53][100/157]    eta: 0:00:01  time: 0.0249  data_time: 0.0006  memory: 413  
2026/02/18 18:43:45 - mmengine - INFO - Epoch(val) [53][157/157]    accuracy/top1: 59.2000  data_time: 0.0009  time: 0.0242
2026/02/18 18:43:50 - mmengine - INFO - Epoch(train)  [54][100/782]  lr: 5.0000e-02  eta: 1:47:38  time: 0.0434  data_time: 0.0010  memory: 413  loss: 17.8277  loss_ori: 2.4958  loss_uatm: 4.1350  loss_ugsa: 11.1968
2026/02/18 18:43:54 - mmengine - INFO - Epoch(train)  [54][200/782]  lr: 5.0000e-02  eta: 1:47:34  time: 0.0433  data_time: 0.0011  memory: 413  loss: 18.2173  loss_ori: 1.8437  loss_uatm: 4.8247  loss_ugsa: 11.5490
2026/02/18 18:43:59 - mmengine - INFO - Epoch(train)  [54][300/782]  lr: 5.0000e-02  eta: 1:47:29  time: 0.0438  data_time: 0.0010  memory: 413  loss: 18.2239  loss_ori: 2.6807  loss_uatm: 4.1972  loss_ugsa: 11.3460
2026/02/18 18:44:03 - mmengine - INFO - Epoch(train)  [54][400/782]  lr: 5.0000e-02  eta: 1:47:26  time: 0.0443  data_time: 0.0009  memory: 413  loss: 18.4768  loss_ori: 2.0767  loss_uatm: 4.5818  loss_ugsa: 11.8183
2026/02/18 18:44:07 - mmengine - INFO - Epoch(train)  [54][500/782]  lr: 5.0000e-02  eta: 1:47:20  time: 0.0390  data_time: 0.0008  memory: 413  loss: 18.2679  loss_ori: 1.8865  loss_uatm: 4.9187  loss_ugsa: 11.4627
2026/02/18 18:44:10 - mmengine - INFO - Exp name: resnet32x4_resnet8x4_20260218_180916
2026/02/18 18:44:11 - mmengine - INFO - Epoch(train)  [54][600/782]  lr: 5.0000e-02  eta: 1:47:14  time: 0.0428  data_time: 0.0009  memory: 413  loss: 17.9636  loss_ori: 2.3464  loss_uatm: 4.6427  loss_ugsa: 10.9745
2026/02/18 18:44:16 - mmengine - INFO - Epoch(train)  [54][700/782]  lr: 5.0000e-02  eta: 1:47:10  time: 0.0425  data_time: 0.0011  memory: 413  loss: 18.6234  loss_ori: 2.1424  loss_uatm: 4.7002  loss_ugsa: 11.7808
2026/02/18 18:44:19 - mmengine - INFO - Exp name: resnet32x4_resnet8x4_20260218_180916
2026/02/18 18:44:22 - mmengine - INFO - Epoch(val)  [54][100/157]    eta: 0:00:01  time: 0.0192  data_time: 0.0005  memory: 413  
2026/02/18 18:44:23 - mmengine - INFO - Epoch(val) [54][157/157]    accuracy/top1: 61.5500  data_time: 0.0010  time: 0.0225
2026/02/18 18:44:28 - mmengine - INFO - Epoch(train)  [55][100/782]  lr: 5.0000e-02  eta: 1:47:01  time: 0.0405  data_time: 0.0009  memory: 413  loss: 17.7452  loss_ori: 1.9687  loss_uatm: 4.5454  loss_ugsa: 11.2311
2026/02/18 18:44:32 - mmengine - INFO - Epoch(train)  [55][200/782]  lr: 5.0000e-02  eta: 1:46:57  time: 0.0439  data_time: 0.0011  memory: 413  loss: 18.0369  loss_ori: 2.3554  loss_uatm: 4.6224  loss_ugsa: 11.0592
2026/02/18 18:44:37 - mmengine - INFO - Epoch(train)  [55][300/782]  lr: 5.0000e-02  eta: 1:46:53  time: 0.0460  data_time: 0.0011  memory: 413  loss: 18.1984  loss_ori: 2.0504  loss_uatm: 4.5235  loss_ugsa: 11.6245
2026/02/18 18:44:41 - mmengine - INFO - Epoch(train)  [55][400/782]  lr: 5.0000e-02  eta: 1:46:49  time: 0.0422  data_time: 0.0012  memory: 413  loss: 17.4496  loss_ori: 2.0185  loss_uatm: 4.6506  loss_ugsa: 10.7805
2026/02/18 18:44:46 - mmengine - INFO - Epoch(train)  [55][500/782]  lr: 5.0000e-02  eta: 1:46:45  time: 0.0443  data_time: 0.0009  memory: 413  loss: 18.4853  loss_ori: 1.8663  loss_uatm: 4.6182  loss_ugsa: 12.0008
2026/02/18 18:44:50 - mmengine - INFO - Epoch(train)  [55][600/782]  lr: 5.0000e-02  eta: 1:46:40  time: 0.0434  data_time: 0.0010  memory: 413  loss: 17.5123  loss_ori: 1.9519  loss_uatm: 4.3996  loss_ugsa: 11.1608
2026/02/18 18:44:55 - mmengine - INFO - Epoch(train)  [55][700/782]  lr: 5.0000e-02  eta: 1:46:37  time: 0.0443  data_time: 0.0011  memory: 413  loss: 18.3521  loss_ori: 2.4335  loss_uatm: 4.6173  loss_ugsa: 11.3013
2026/02/18 18:44:58 - mmengine - INFO - Exp name: resnet32x4_resnet8x4_20260218_180916
2026/02/18 18:44:59 - mmengine - INFO - Exp name: resnet32x4_resnet8x4_20260218_180916
2026/02/18 18:45:01 - mmengine - INFO - Epoch(val)  [55][100/157]    eta: 0:00:01  time: 0.0198  data_time: 0.0006  memory: 413  
2026/02/18 18:45:03 - mmengine - INFO - Epoch(val) [55][157/157]    accuracy/top1: 60.5600  data_time: 0.0008  time: 0.0233
2026/02/18 18:45:07 - mmengine - INFO - Epoch(train)  [56][100/782]  lr: 5.0000e-02  eta: 1:46:30  time: 0.0451  data_time: 0.0016  memory: 413  loss: 18.4211  loss_ori: 2.1808  loss_uatm: 4.7094  loss_ugsa: 11.5309
2026/02/18 18:45:12 - mmengine - INFO - Epoch(train)  [56][200/782]  lr: 5.0000e-02  eta: 1:46:26  time: 0.0477  data_time: 0.0011  memory: 413  loss: 18.1088  loss_ori: 2.2015  loss_uatm: 4.4416  loss_ugsa: 11.4657
2026/02/18 18:45:16 - mmengine - INFO - Epoch(train)  [56][300/782]  lr: 5.0000e-02  eta: 1:46:21  time: 0.0463  data_time: 0.0010  memory: 413  loss: 18.3202  loss_ori: 2.2758  loss_uatm: 4.5291  loss_ugsa: 11.5153
2026/02/18 18:45:21 - mmengine - INFO - Epoch(train)  [56][400/782]  lr: 5.0000e-02  eta: 1:46:18  time: 0.0445  data_time: 0.0011  memory: 413  loss: 18.0165  loss_ori: 2.0294  loss_uatm: 4.6161  loss_ugsa: 11.3710
2026/02/18 18:45:26 - mmengine - INFO - Epoch(train)  [56][500/782]  lr: 5.0000e-02  eta: 1:46:14  time: 0.0456  data_time: 0.0011  memory: 413  loss: 18.4182  loss_ori: 2.1337  loss_uatm: 4.6622  loss_ugsa: 11.6224
2026/02/18 18:45:30 - mmengine - INFO - Epoch(train)  [56][600/782]  lr: 5.0000e-02  eta: 1:46:10  time: 0.0459  data_time: 0.0013  memory: 413  loss: 17.8131  loss_ori: 1.6846  loss_uatm: 4.7117  loss_ugsa: 11.4169
2026/02/18 18:45:35 - mmengine - INFO - Epoch(train)  [56][700/782]  lr: 5.0000e-02  eta: 1:46:06  time: 0.0430  data_time: 0.0009  memory: 413  loss: 17.9718  loss_ori: 2.3922  loss_uatm: 4.4755  loss_ugsa: 11.1042
2026/02/18 18:45:38 - mmengine - INFO - Exp name: resnet32x4_resnet8x4_20260218_180916
2026/02/18 18:45:41 - mmengine - INFO - Epoch(val)  [56][100/157]    eta: 0:00:01  time: 0.0230  data_time: 0.0006  memory: 413  
2026/02/18 18:45:42 - mmengine - INFO - Epoch(val) [56][157/157]    accuracy/top1: 60.4500  data_time: 0.0010  time: 0.0235
2026/02/18 18:45:47 - mmengine - INFO - Epoch(train)  [57][100/782]  lr: 5.0000e-02  eta: 1:45:58  time: 0.0468  data_time: 0.0011  memory: 413  loss: 17.7509  loss_ori: 1.8434  loss_uatm: 4.6169  loss_ugsa: 11.2906
2026/02/18 18:45:52 - mmengine - INFO - Epoch(train)  [57][200/782]  lr: 5.0000e-02  eta: 1:45:54  time: 0.0433  data_time: 0.0011  memory: 413  loss: 17.4875  loss_ori: 1.6896  loss_uatm: 4.4579  loss_ugsa: 11.3400
2026/02/18 18:45:52 - mmengine - INFO - Exp name: resnet32x4_resnet8x4_20260218_180916
2026/02/18 18:45:56 - mmengine - INFO - Epoch(train)  [57][300/782]  lr: 5.0000e-02  eta: 1:45:50  time: 0.0474  data_time: 0.0015  memory: 413  loss: 17.8784  loss_ori: 1.8005  loss_uatm: 4.4259  loss_ugsa: 11.6520
2026/02/18 18:46:01 - mmengine - INFO - Epoch(train)  [57][400/782]  lr: 5.0000e-02  eta: 1:45:47  time: 0.0437  data_time: 0.0011  memory: 413  loss: 18.2182  loss_ori: 1.6402  loss_uatm: 4.5574  loss_ugsa: 12.0206
2026/02/18 18:46:06 - mmengine - INFO - Epoch(train)  [57][500/782]  lr: 5.0000e-02  eta: 1:45:43  time: 0.0462  data_time: 0.0012  memory: 413  loss: 17.8687  loss_ori: 2.2651  loss_uatm: 4.5497  loss_ugsa: 11.0540
2026/02/18 18:46:10 - mmengine - INFO - Epoch(train)  [57][600/782]  lr: 5.0000e-02  eta: 1:45:38  time: 0.0456  data_time: 0.0011  memory: 413  loss: 17.7271  loss_ori: 1.8152  loss_uatm: 4.7397  loss_ugsa: 11.1723
2026/02/18 18:46:15 - mmengine - INFO - Epoch(train)  [57][700/782]  lr: 5.0000e-02  eta: 1:45:34  time: 0.0449  data_time: 0.0014  memory: 413  loss: 18.4433  loss_ori: 1.9985  loss_uatm: 4.8214  loss_ugsa: 11.6234
2026/02/18 18:46:18 - mmengine - INFO - Exp name: resnet32x4_resnet8x4_20260218_180916
2026/02/18 18:46:20 - mmengine - INFO - Epoch(val)  [57][100/157]    eta: 0:00:01  time: 0.0196  data_time: 0.0004  memory: 413  
2026/02/18 18:46:21 - mmengine - INFO - Epoch(val) [57][157/157]    accuracy/top1: 61.6400  data_time: 0.0007  time: 0.0204
2026/02/18 18:46:26 - mmengine - INFO - Epoch(train)  [58][100/782]  lr: 5.0000e-02  eta: 1:45:27  time: 0.0432  data_time: 0.0020  memory: 413  loss: 18.0870  loss_ori: 2.0290  loss_uatm: 4.4440  loss_ugsa: 11.6139
2026/02/18 18:46:31 - mmengine - INFO - Epoch(train)  [58][200/782]  lr: 5.0000e-02  eta: 1:45:23  time: 0.0449  data_time: 0.0011  memory: 413  loss: 18.5342  loss_ori: 1.9727  loss_uatm: 4.8666  loss_ugsa: 11.6949
2026/02/18 18:46:36 - mmengine - INFO - Epoch(train)  [58][300/782]  lr: 5.0000e-02  eta: 1:45:19  time: 0.0660  data_time: 0.0012  memory: 413  loss: 18.2226  loss_ori: 2.2132  loss_uatm: 4.6234  loss_ugsa: 11.3861
2026/02/18 18:46:40 - mmengine - INFO - Epoch(train)  [58][400/782]  lr: 5.0000e-02  eta: 1:45:14  time: 0.0345  data_time: 0.0008  memory: 413  loss: 18.4230  loss_ori: 2.2452  loss_uatm: 4.6862  loss_ugsa: 11.4916
2026/02/18 18:46:41 - mmengine - INFO - Exp name: resnet32x4_resnet8x4_20260218_180916
2026/02/18 18:46:44 - mmengine - INFO - Epoch(train)  [58][500/782]  lr: 5.0000e-02  eta: 1:45:10  time: 0.0474  data_time: 0.0012  memory: 413  loss: 18.3538  loss_ori: 1.8036  loss_uatm: 4.7329  loss_ugsa: 11.8172
2026/02/18 18:46:49 - mmengine - INFO - Epoch(train)  [58][600/782]  lr: 5.0000e-02  eta: 1:45:05  time: 0.0442  data_time: 0.0011  memory: 413  loss: 18.3711  loss_ori: 2.0587  loss_uatm: 4.7365  loss_ugsa: 11.5759
2026/02/18 18:46:53 - mmengine - INFO - Epoch(train)  [58][700/782]  lr: 5.0000e-02  eta: 1:45:01  time: 0.0449  data_time: 0.0018  memory: 413  loss: 17.8602  loss_ori: 2.2294  loss_uatm: 4.3832  loss_ugsa: 11.2477
2026/02/18 18:46:57 - mmengine - INFO - Exp name: resnet32x4_resnet8x4_20260218_180916
2026/02/18 18:46:59 - mmengine - INFO - Epoch(val)  [58][100/157]    eta: 0:00:01  time: 0.0210  data_time: 0.0004  memory: 413  
2026/02/18 18:47:00 - mmengine - INFO - Epoch(val) [58][157/157]    accuracy/top1: 62.0800  data_time: 0.0008  time: 0.0200
2026/02/18 18:47:05 - mmengine - INFO - Epoch(train)  [59][100/782]  lr: 5.0000e-02  eta: 1:44:55  time: 0.0430  data_time: 0.0012  memory: 413  loss: 17.8120  loss_ori: 2.2344  loss_uatm: 4.6067  loss_ugsa: 10.9709
2026/02/18 18:47:10 - mmengine - INFO - Epoch(train)  [59][200/782]  lr: 5.0000e-02  eta: 1:44:51  time: 0.0424  data_time: 0.0012  memory: 413  loss: 17.9975  loss_ori: 2.3252  loss_uatm: 4.4355  loss_ugsa: 11.2368
2026/02/18 18:47:14 - mmengine - INFO - Epoch(train)  [59][300/782]  lr: 5.0000e-02  eta: 1:44:46  time: 0.0430  data_time: 0.0011  memory: 413  loss: 18.5055  loss_ori: 1.9863  loss_uatm: 4.6137  loss_ugsa: 11.9055
2026/02/18 18:47:19 - mmengine - INFO - Epoch(train)  [59][400/782]  lr: 5.0000e-02  eta: 1:44:43  time: 0.0466  data_time: 0.0012  memory: 413  loss: 17.9499  loss_ori: 1.9511  loss_uatm: 4.5002  loss_ugsa: 11.4986
2026/02/18 18:47:23 - mmengine - INFO - Epoch(train)  [59][500/782]  lr: 5.0000e-02  eta: 1:44:38  time: 0.0421  data_time: 0.0008  memory: 413  loss: 17.8364  loss_ori: 1.8943  loss_uatm: 4.5389  loss_ugsa: 11.4032
2026/02/18 18:47:28 - mmengine - INFO - Epoch(train)  [59][600/782]  lr: 5.0000e-02  eta: 1:44:33  time: 0.0429  data_time: 0.0012  memory: 413  loss: 18.1224  loss_ori: 1.8015  loss_uatm: 4.6058  loss_ugsa: 11.7151
2026/02/18 18:47:30 - mmengine - INFO - Exp name: resnet32x4_resnet8x4_20260218_180916
2026/02/18 18:47:32 - mmengine - INFO - Epoch(train)  [59][700/782]  lr: 5.0000e-02  eta: 1:44:29  time: 0.0388  data_time: 0.0010  memory: 413  loss: 18.9087  loss_ori: 2.0135  loss_uatm: 4.9064  loss_ugsa: 11.9888
2026/02/18 18:47:36 - mmengine - INFO - Exp name: resnet32x4_resnet8x4_20260218_180916
2026/02/18 18:47:38 - mmengine - INFO - Epoch(val)  [59][100/157]    eta: 0:00:01  time: 0.0215  data_time: 0.0005  memory: 413  
2026/02/18 18:47:39 - mmengine - INFO - Epoch(val) [59][157/157]    accuracy/top1: 59.0400  data_time: 0.0008  time: 0.0234
2026/02/18 18:47:44 - mmengine - INFO - Epoch(train)  [60][100/782]  lr: 5.0000e-02  eta: 1:44:20  time: 0.0440  data_time: 0.0009  memory: 413  loss: 18.1128  loss_ori: 1.7387  loss_uatm: 4.6106  loss_ugsa: 11.7634
2026/02/18 18:47:48 - mmengine - INFO - Epoch(train)  [60][200/782]  lr: 5.0000e-02  eta: 1:44:16  time: 0.0433  data_time: 0.0011  memory: 413  loss: 17.6956  loss_ori: 2.1923  loss_uatm: 4.3595  loss_ugsa: 11.1437
2026/02/18 18:47:53 - mmengine - INFO - Epoch(train)  [60][300/782]  lr: 5.0000e-02  eta: 1:44:13  time: 0.0435  data_time: 0.0011  memory: 413  loss: 17.7436  loss_ori: 2.0090  loss_uatm: 4.4817  loss_ugsa: 11.2530
2026/02/18 18:47:57 - mmengine - INFO - Epoch(train)  [60][400/782]  lr: 5.0000e-02  eta: 1:44:08  time: 0.0442  data_time: 0.0010  memory: 413  loss: 18.1928  loss_ori: 2.0387  loss_uatm: 4.7805  loss_ugsa: 11.3736
2026/02/18 18:48:02 - mmengine - INFO - Epoch(train)  [60][500/782]  lr: 5.0000e-02  eta: 1:44:04  time: 0.0368  data_time: 0.0007  memory: 413  loss: 18.2669  loss_ori: 2.1876  loss_uatm: 4.5592  loss_ugsa: 11.5200
2026/02/18 18:48:06 - mmengine - INFO - Epoch(train)  [60][600/782]  lr: 5.0000e-02  eta: 1:43:59  time: 0.0350  data_time: 0.0009  memory: 413  loss: 17.8733  loss_ori: 2.5515  loss_uatm: 4.5570  loss_ugsa: 10.7648
2026/02/18 18:48:10 - mmengine - INFO - Epoch(train)  [60][700/782]  lr: 5.0000e-02  eta: 1:43:53  time: 0.0431  data_time: 0.0010  memory: 413  loss: 18.7502  loss_ori: 2.0497  loss_uatm: 4.7607  loss_ugsa: 11.9398
2026/02/18 18:48:14 - mmengine - INFO - Exp name: resnet32x4_resnet8x4_20260218_180916
2026/02/18 18:48:17 - mmengine - INFO - Epoch(val)  [60][100/157]    eta: 0:00:01  time: 0.0204  data_time: 0.0005  memory: 413  
2026/02/18 18:48:18 - mmengine - INFO - Epoch(val) [60][157/157]    accuracy/top1: 59.5000  data_time: 0.0010  time: 0.0240
2026/02/18 18:48:22 - mmengine - INFO - Exp name: resnet32x4_resnet8x4_20260218_180916
2026/02/18 18:48:23 - mmengine - INFO - Epoch(train)  [61][100/782]  lr: 5.0000e-02  eta: 1:43:46  time: 0.0434  data_time: 0.0010  memory: 413  loss: 17.6889  loss_ori: 1.7400  loss_uatm: 4.5617  loss_ugsa: 11.3872
2026/02/18 18:48:27 - mmengine - INFO - Epoch(train)  [61][200/782]  lr: 5.0000e-02  eta: 1:43:41  time: 0.0390  data_time: 0.0014  memory: 413  loss: 18.0606  loss_ori: 2.0719  loss_uatm: 4.5724  loss_ugsa: 11.4163
2026/02/18 18:48:31 - mmengine - INFO - Epoch(train)  [61][300/782]  lr: 5.0000e-02  eta: 1:43:36  time: 0.0419  data_time: 0.0010  memory: 413  loss: 17.7650  loss_ori: 2.3438  loss_uatm: 4.3701  loss_ugsa: 11.0511
2026/02/18 18:48:35 - mmengine - INFO - Epoch(train)  [61][400/782]  lr: 5.0000e-02  eta: 1:43:32  time: 0.0399  data_time: 0.0011  memory: 413  loss: 17.7300  loss_ori: 1.9886  loss_uatm: 4.3764  loss_ugsa: 11.3650
2026/02/18 18:48:40 - mmengine - INFO - Epoch(train)  [61][500/782]  lr: 5.0000e-02  eta: 1:43:28  time: 0.0442  data_time: 0.0011  memory: 413  loss: 18.5252  loss_ori: 1.6363  loss_uatm: 5.0274  loss_ugsa: 11.8614
2026/02/18 18:48:45 - mmengine - INFO - Epoch(train)  [61][600/782]  lr: 5.0000e-02  eta: 1:43:24  time: 0.0646  data_time: 0.0011  memory: 413  loss: 18.4212  loss_ori: 1.7983  loss_uatm: 4.6714  loss_ugsa: 11.9515
2026/02/18 18:48:49 - mmengine - INFO - Epoch(train)  [61][700/782]  lr: 5.0000e-02  eta: 1:43:19  time: 0.0417  data_time: 0.0014  memory: 413  loss: 17.9938  loss_ori: 2.4072  loss_uatm: 4.5153  loss_ugsa: 11.0713
2026/02/18 18:48:52 - mmengine - INFO - Exp name: resnet32x4_resnet8x4_20260218_180916
2026/02/18 18:48:55 - mmengine - INFO - Epoch(val)  [61][100/157]    eta: 0:00:01  time: 0.0203  data_time: 0.0005  memory: 413  
2026/02/18 18:48:56 - mmengine - INFO - Epoch(val) [61][157/157]    accuracy/top1: 61.6500  data_time: 0.0009  time: 0.0241
2026/02/18 18:49:01 - mmengine - INFO - Epoch(train)  [62][100/782]  lr: 5.0000e-02  eta: 1:43:10  time: 0.0463  data_time: 0.0013  memory: 413  loss: 18.3683  loss_ori: 2.0148  loss_uatm: 4.7011  loss_ugsa: 11.6525
2026/02/18 18:49:05 - mmengine - INFO - Epoch(train)  [62][200/782]  lr: 5.0000e-02  eta: 1:43:06  time: 0.0434  data_time: 0.0011  memory: 413  loss: 18.0905  loss_ori: 2.3074  loss_uatm: 4.6586  loss_ugsa: 11.1244
2026/02/18 18:49:10 - mmengine - INFO - Exp name: resnet32x4_resnet8x4_20260218_180916
2026/02/18 18:49:10 - mmengine - INFO - Epoch(train)  [62][300/782]  lr: 5.0000e-02  eta: 1:43:02  time: 0.0401  data_time: 0.0010  memory: 413  loss: 17.9468  loss_ori: 1.6586  loss_uatm: 4.4239  loss_ugsa: 11.8643
2026/02/18 18:49:14 - mmengine - INFO - Epoch(train)  [62][400/782]  lr: 5.0000e-02  eta: 1:42:56  time: 0.0447  data_time: 0.0010  memory: 413  loss: 18.1330  loss_ori: 2.0172  loss_uatm: 4.6930  loss_ugsa: 11.4228
2026/02/18 18:49:18 - mmengine - INFO - Epoch(train)  [62][500/782]  lr: 5.0000e-02  eta: 1:42:52  time: 0.0478  data_time: 0.0014  memory: 413  loss: 18.0401  loss_ori: 2.1223  loss_uatm: 4.5040  loss_ugsa: 11.4138
2026/02/18 18:49:23 - mmengine - INFO - Epoch(train)  [62][600/782]  lr: 5.0000e-02  eta: 1:42:49  time: 0.0686  data_time: 0.0013  memory: 413  loss: 18.2714  loss_ori: 1.9268  loss_uatm: 4.7950  loss_ugsa: 11.5496
2026/02/18 18:49:27 - mmengine - INFO - Epoch(train)  [62][700/782]  lr: 5.0000e-02  eta: 1:42:44  time: 0.0446  data_time: 0.0011  memory: 413  loss: 18.1870  loss_ori: 2.4377  loss_uatm: 4.6375  loss_ugsa: 11.1117
2026/02/18 18:49:31 - mmengine - INFO - Exp name: resnet32x4_resnet8x4_20260218_180916
2026/02/18 18:49:34 - mmengine - INFO - Epoch(val)  [62][100/157]    eta: 0:00:01  time: 0.0205  data_time: 0.0005  memory: 413  
2026/02/18 18:49:35 - mmengine - INFO - Epoch(val) [62][157/157]    accuracy/top1: 63.0100  data_time: 0.0008  time: 0.0233
2026/02/18 18:49:40 - mmengine - INFO - Epoch(train)  [63][100/782]  lr: 5.0000e-02  eta: 1:42:37  time: 0.0472  data_time: 0.0012  memory: 413  loss: 17.5254  loss_ori: 1.9086  loss_uatm: 4.4911  loss_ugsa: 11.1256
2026/02/18 18:49:44 - mmengine - INFO - Epoch(train)  [63][200/782]  lr: 5.0000e-02  eta: 1:42:33  time: 0.0393  data_time: 0.0012  memory: 413  loss: 17.7698  loss_ori: 1.9278  loss_uatm: 4.4698  loss_ugsa: 11.3722
2026/02/18 18:49:49 - mmengine - INFO - Epoch(train)  [63][300/782]  lr: 5.0000e-02  eta: 1:42:29  time: 0.0456  data_time: 0.0011  memory: 413  loss: 17.6859  loss_ori: 1.8508  loss_uatm: 4.4500  loss_ugsa: 11.3851
2026/02/18 18:49:53 - mmengine - INFO - Epoch(train)  [63][400/782]  lr: 5.0000e-02  eta: 1:42:25  time: 0.0407  data_time: 0.0011  memory: 413  loss: 17.8433  loss_ori: 2.0377  loss_uatm: 4.6635  loss_ugsa: 11.1421
2026/02/18 18:49:58 - mmengine - INFO - Epoch(train)  [63][500/782]  lr: 5.0000e-02  eta: 1:42:20  time: 0.0418  data_time: 0.0012  memory: 413  loss: 18.3506  loss_ori: 1.9180  loss_uatm: 4.6676  loss_ugsa: 11.7649
2026/02/18 18:49:59 - mmengine - INFO - Exp name: resnet32x4_resnet8x4_20260218_180916
2026/02/18 18:50:03 - mmengine - INFO - Epoch(train)  [63][600/782]  lr: 5.0000e-02  eta: 1:42:17  time: 0.0432  data_time: 0.0011  memory: 413  loss: 18.1071  loss_ori: 1.7997  loss_uatm: 4.5638  loss_ugsa: 11.7436
2026/02/18 18:50:07 - mmengine - INFO - Epoch(train)  [63][700/782]  lr: 5.0000e-02  eta: 1:42:12  time: 0.0441  data_time: 0.0011  memory: 413  loss: 18.4243  loss_ori: 1.7398  loss_uatm: 4.7331  loss_ugsa: 11.9515
2026/02/18 18:50:11 - mmengine - INFO - Exp name: resnet32x4_resnet8x4_20260218_180916
2026/02/18 18:50:13 - mmengine - INFO - Epoch(val)  [63][100/157]    eta: 0:00:01  time: 0.0190  data_time: 0.0005  memory: 413  
2026/02/18 18:50:14 - mmengine - INFO - Epoch(val) [63][157/157]    accuracy/top1: 63.4900  data_time: 0.0008  time: 0.0216
2026/02/18 18:50:14 - mmengine - INFO - The previous best checkpoint /root/autodl-tmp/mmcls/work_dirs/cifar100/resnet32x4_resnet8x4/UATM+UGSA_temp=4.0_loss_weight=15.0+loss_weight=1.0_1/best_accuracy_top1_epoch_50.pth is removed
2026/02/18 18:50:15 - mmengine - INFO - The best checkpoint with 63.4900 accuracy/top1 at 63 epoch is saved to best_accuracy_top1_epoch_63.pth.
2026/02/18 18:50:19 - mmengine - INFO - Epoch(train)  [64][100/782]  lr: 5.0000e-02  eta: 1:42:03  time: 0.0697  data_time: 0.0012  memory: 413  loss: 17.3763  loss_ori: 1.8623  loss_uatm: 4.2689  loss_ugsa: 11.2450
2026/02/18 18:50:23 - mmengine - INFO - Epoch(train)  [64][200/782]  lr: 5.0000e-02  eta: 1:41:58  time: 0.0432  data_time: 0.0011  memory: 413  loss: 18.0045  loss_ori: 2.2623  loss_uatm: 4.5149  loss_ugsa: 11.2273
2026/02/18 18:50:28 - mmengine - INFO - Epoch(train)  [64][300/782]  lr: 5.0000e-02  eta: 1:41:54  time: 0.0409  data_time: 0.0011  memory: 413  loss: 18.4992  loss_ori: 2.1471  loss_uatm: 4.6975  loss_ugsa: 11.6546
2026/02/18 18:50:32 - mmengine - INFO - Epoch(train)  [64][400/782]  lr: 5.0000e-02  eta: 1:41:49  time: 0.0468  data_time: 0.0011  memory: 413  loss: 18.0824  loss_ori: 2.1552  loss_uatm: 4.7494  loss_ugsa: 11.1778
2026/02/18 18:50:36 - mmengine - INFO - Epoch(train)  [64][500/782]  lr: 5.0000e-02  eta: 1:41:43  time: 0.0290  data_time: 0.0008  memory: 413  loss: 18.5507  loss_ori: 1.5801  loss_uatm: 4.8058  loss_ugsa: 12.1649
2026/02/18 18:50:40 - mmengine - INFO - Epoch(train)  [64][600/782]  lr: 5.0000e-02  eta: 1:41:38  time: 0.0411  data_time: 0.0011  memory: 413  loss: 18.1106  loss_ori: 2.1612  loss_uatm: 4.7914  loss_ugsa: 11.1580
2026/02/18 18:50:45 - mmengine - INFO - Epoch(train)  [64][700/782]  lr: 5.0000e-02  eta: 1:41:34  time: 0.0461  data_time: 0.0013  memory: 413  loss: 18.7683  loss_ori: 2.5396  loss_uatm: 4.6191  loss_ugsa: 11.6097
2026/02/18 18:50:46 - mmengine - INFO - Exp name: resnet32x4_resnet8x4_20260218_180916
2026/02/18 18:50:48 - mmengine - INFO - Exp name: resnet32x4_resnet8x4_20260218_180916
2026/02/18 18:50:51 - mmengine - INFO - Epoch(val)  [64][100/157]    eta: 0:00:01  time: 0.0197  data_time: 0.0005  memory: 413  
2026/02/18 18:50:52 - mmengine - INFO - Epoch(val) [64][157/157]    accuracy/top1: 57.9200  data_time: 0.0009  time: 0.0226
2026/02/18 18:50:56 - mmengine - INFO - Epoch(train)  [65][100/782]  lr: 5.0000e-02  eta: 1:41:25  time: 0.0394  data_time: 0.0011  memory: 413  loss: 18.1229  loss_ori: 1.9846  loss_uatm: 4.5367  loss_ugsa: 11.6016
2026/02/18 18:51:01 - mmengine - INFO - Epoch(train)  [65][200/782]  lr: 5.0000e-02  eta: 1:41:21  time: 0.0404  data_time: 0.0009  memory: 413  loss: 18.5555  loss_ori: 2.2553  loss_uatm: 4.6408  loss_ugsa: 11.6594
2026/02/18 18:51:05 - mmengine - INFO - Epoch(train)  [65][300/782]  lr: 5.0000e-02  eta: 1:41:16  time: 0.0384  data_time: 0.0012  memory: 413  loss: 18.0826  loss_ori: 2.6879  loss_uatm: 4.4533  loss_ugsa: 10.9413
2026/02/18 18:51:10 - mmengine - INFO - Epoch(train)  [65][400/782]  lr: 5.0000e-02  eta: 1:41:11  time: 0.0433  data_time: 0.0013  memory: 413  loss: 17.9315  loss_ori: 1.9972  loss_uatm: 4.5448  loss_ugsa: 11.3895
2026/02/18 18:51:14 - mmengine - INFO - Epoch(train)  [65][500/782]  lr: 5.0000e-02  eta: 1:41:07  time: 0.0453  data_time: 0.0012  memory: 413  loss: 17.6256  loss_ori: 1.9967  loss_uatm: 4.6299  loss_ugsa: 10.9990
2026/02/18 18:51:19 - mmengine - INFO - Epoch(train)  [65][600/782]  lr: 5.0000e-02  eta: 1:41:04  time: 0.0364  data_time: 0.0010  memory: 413  loss: 18.2867  loss_ori: 2.3593  loss_uatm: 4.6006  loss_ugsa: 11.3268
2026/02/18 18:51:23 - mmengine - INFO - Epoch(train)  [65][700/782]  lr: 5.0000e-02  eta: 1:40:59  time: 0.0457  data_time: 0.0012  memory: 413  loss: 17.9888  loss_ori: 1.6834  loss_uatm: 4.5507  loss_ugsa: 11.7547
2026/02/18 18:51:27 - mmengine - INFO - Exp name: resnet32x4_resnet8x4_20260218_180916
2026/02/18 18:51:29 - mmengine - INFO - Epoch(val)  [65][100/157]    eta: 0:00:01  time: 0.0216  data_time: 0.0006  memory: 413  
2026/02/18 18:51:31 - mmengine - INFO - Epoch(val) [65][157/157]    accuracy/top1: 62.6200  data_time: 0.0009  time: 0.0243
2026/02/18 18:51:36 - mmengine - INFO - Epoch(train)  [66][100/782]  lr: 5.0000e-02  eta: 1:40:52  time: 0.0408  data_time: 0.0011  memory: 413  loss: 18.3521  loss_ori: 2.1966  loss_uatm: 4.3777  loss_ugsa: 11.7779
2026/02/18 18:51:39 - mmengine - INFO - Exp name: resnet32x4_resnet8x4_20260218_180916
2026/02/18 18:51:40 - mmengine - INFO - Epoch(train)  [66][200/782]  lr: 5.0000e-02  eta: 1:40:47  time: 0.0455  data_time: 0.0011  memory: 413  loss: 18.0307  loss_ori: 1.8523  loss_uatm: 4.6557  loss_ugsa: 11.5228
2026/02/18 18:51:44 - mmengine - INFO - Epoch(train)  [66][300/782]  lr: 5.0000e-02  eta: 1:40:43  time: 0.0419  data_time: 0.0010  memory: 413  loss: 18.0021  loss_ori: 1.5793  loss_uatm: 4.9347  loss_ugsa: 11.4882
2026/02/18 18:51:48 - mmengine - INFO - Epoch(train)  [66][400/782]  lr: 5.0000e-02  eta: 1:40:37  time: 0.0437  data_time: 0.0012  memory: 413  loss: 18.5042  loss_ori: 2.0060  loss_uatm: 4.5791  loss_ugsa: 11.9191
2026/02/18 18:51:53 - mmengine - INFO - Epoch(train)  [66][500/782]  lr: 5.0000e-02  eta: 1:40:33  time: 0.0470  data_time: 0.0027  memory: 413  loss: 18.5813  loss_ori: 2.2142  loss_uatm: 4.7737  loss_ugsa: 11.5933
2026/02/18 18:51:58 - mmengine - INFO - Epoch(train)  [66][600/782]  lr: 5.0000e-02  eta: 1:40:30  time: 0.0459  data_time: 0.0011  memory: 413  loss: 18.4490  loss_ori: 2.0689  loss_uatm: 4.5429  loss_ugsa: 11.8372
2026/02/18 18:52:02 - mmengine - INFO - Epoch(train)  [66][700/782]  lr: 5.0000e-02  eta: 1:40:25  time: 0.0454  data_time: 0.0010  memory: 413  loss: 18.5525  loss_ori: 2.3298  loss_uatm: 4.6843  loss_ugsa: 11.5385
2026/02/18 18:52:05 - mmengine - INFO - Exp name: resnet32x4_resnet8x4_20260218_180916
2026/02/18 18:52:07 - mmengine - INFO - Epoch(val)  [66][100/157]    eta: 0:00:01  time: 0.0184  data_time: 0.0004  memory: 413  
2026/02/18 18:52:09 - mmengine - INFO - Epoch(val) [66][157/157]    accuracy/top1: 63.2800  data_time: 0.0008  time: 0.0200
2026/02/18 18:52:13 - mmengine - INFO - Epoch(train)  [67][100/782]  lr: 5.0000e-02  eta: 1:40:15  time: 0.0388  data_time: 0.0010  memory: 413  loss: 17.2652  loss_ori: 1.8584  loss_uatm: 4.4143  loss_ugsa: 10.9925
2026/02/18 18:52:17 - mmengine - INFO - Epoch(train)  [67][200/782]  lr: 5.0000e-02  eta: 1:40:11  time: 0.0404  data_time: 0.0017  memory: 413  loss: 18.1445  loss_ori: 2.2010  loss_uatm: 4.2771  loss_ugsa: 11.6664
2026/02/18 18:52:22 - mmengine - INFO - Epoch(train)  [67][300/782]  lr: 5.0000e-02  eta: 1:40:07  time: 0.0442  data_time: 0.0013  memory: 413  loss: 18.5087  loss_ori: 1.6088  loss_uatm: 4.6097  loss_ugsa: 12.2902
2026/02/18 18:52:26 - mmengine - INFO - Exp name: resnet32x4_resnet8x4_20260218_180916
2026/02/18 18:52:26 - mmengine - INFO - Epoch(train)  [67][400/782]  lr: 5.0000e-02  eta: 1:40:02  time: 0.0395  data_time: 0.0008  memory: 413  loss: 18.2621  loss_ori: 2.0639  loss_uatm: 4.7702  loss_ugsa: 11.4280
2026/02/18 18:52:31 - mmengine - INFO - Epoch(train)  [67][500/782]  lr: 5.0000e-02  eta: 1:39:57  time: 0.0441  data_time: 0.0017  memory: 413  loss: 18.0591  loss_ori: 2.5332  loss_uatm: 4.5229  loss_ugsa: 11.0031
2026/02/18 18:52:35 - mmengine - INFO - Epoch(train)  [67][600/782]  lr: 5.0000e-02  eta: 1:39:53  time: 0.0423  data_time: 0.0011  memory: 413  loss: 18.3326  loss_ori: 2.4277  loss_uatm: 4.5615  loss_ugsa: 11.3435
2026/02/18 18:52:39 - mmengine - INFO - Epoch(train)  [67][700/782]  lr: 5.0000e-02  eta: 1:39:48  time: 0.0413  data_time: 0.0013  memory: 413  loss: 17.8073  loss_ori: 1.5788  loss_uatm: 4.6691  loss_ugsa: 11.5594
2026/02/18 18:52:43 - mmengine - INFO - Exp name: resnet32x4_resnet8x4_20260218_180916
2026/02/18 18:52:46 - mmengine - INFO - Epoch(val)  [67][100/157]    eta: 0:00:01  time: 0.0231  data_time: 0.0006  memory: 413  
2026/02/18 18:52:47 - mmengine - INFO - Epoch(val) [67][157/157]    accuracy/top1: 63.7200  data_time: 0.0009  time: 0.0238
2026/02/18 18:52:47 - mmengine - INFO - The previous best checkpoint /root/autodl-tmp/mmcls/work_dirs/cifar100/resnet32x4_resnet8x4/UATM+UGSA_temp=4.0_loss_weight=15.0+loss_weight=1.0_1/best_accuracy_top1_epoch_63.pth is removed
2026/02/18 18:52:48 - mmengine - INFO - The best checkpoint with 63.7200 accuracy/top1 at 67 epoch is saved to best_accuracy_top1_epoch_67.pth.
2026/02/18 18:52:53 - mmengine - INFO - Epoch(train)  [68][100/782]  lr: 5.0000e-02  eta: 1:39:41  time: 0.0468  data_time: 0.0024  memory: 413  loss: 17.3173  loss_ori: 1.7909  loss_uatm: 4.3237  loss_ugsa: 11.2027
2026/02/18 18:52:58 - mmengine - INFO - Epoch(train)  [68][200/782]  lr: 5.0000e-02  eta: 1:39:38  time: 0.0445  data_time: 0.0013  memory: 413  loss: 17.6655  loss_ori: 1.8200  loss_uatm: 4.4045  loss_ugsa: 11.4410
2026/02/18 18:53:02 - mmengine - INFO - Epoch(train)  [68][300/782]  lr: 5.0000e-02  eta: 1:39:34  time: 0.0460  data_time: 0.0012  memory: 413  loss: 18.1854  loss_ori: 2.4593  loss_uatm: 4.2872  loss_ugsa: 11.4390
2026/02/18 18:53:07 - mmengine - INFO - Epoch(train)  [68][400/782]  lr: 5.0000e-02  eta: 1:39:30  time: 0.0475  data_time: 0.0013  memory: 413  loss: 18.0973  loss_ori: 2.0259  loss_uatm: 4.6563  loss_ugsa: 11.4151
2026/02/18 18:53:11 - mmengine - INFO - Epoch(train)  [68][500/782]  lr: 5.0000e-02  eta: 1:39:26  time: 0.0373  data_time: 0.0008  memory: 413  loss: 17.9816  loss_ori: 2.2049  loss_uatm: 4.6087  loss_ugsa: 11.1681
2026/02/18 18:53:16 - mmengine - INFO - Epoch(train)  [68][600/782]  lr: 5.0000e-02  eta: 1:39:21  time: 0.0459  data_time: 0.0013  memory: 413  loss: 17.7507  loss_ori: 2.0372  loss_uatm: 4.5289  loss_ugsa: 11.1845
2026/02/18 18:53:16 - mmengine - INFO - Exp name: resnet32x4_resnet8x4_20260218_180916
2026/02/18 18:53:20 - mmengine - INFO - Epoch(train)  [68][700/782]  lr: 5.0000e-02  eta: 1:39:17  time: 0.0439  data_time: 0.0011  memory: 413  loss: 17.9487  loss_ori: 2.0768  loss_uatm: 4.5715  loss_ugsa: 11.3005
2026/02/18 18:53:24 - mmengine - INFO - Exp name: resnet32x4_resnet8x4_20260218_180916
2026/02/18 18:53:27 - mmengine - INFO - Epoch(val)  [68][100/157]    eta: 0:00:01  time: 0.0203  data_time: 0.0010  memory: 413  
2026/02/18 18:53:28 - mmengine - INFO - Epoch(val) [68][157/157]    accuracy/top1: 59.2700  data_time: 0.0009  time: 0.0234
2026/02/18 18:53:32 - mmengine - INFO - Epoch(train)  [69][100/782]  lr: 5.0000e-02  eta: 1:39:09  time: 0.0397  data_time: 0.0008  memory: 413  loss: 17.6788  loss_ori: 1.9890  loss_uatm: 4.2827  loss_ugsa: 11.4071
2026/02/18 18:53:37 - mmengine - INFO - Epoch(train)  [69][200/782]  lr: 5.0000e-02  eta: 1:39:04  time: 0.0407  data_time: 0.0010  memory: 413  loss: 18.1911  loss_ori: 1.6331  loss_uatm: 4.5059  loss_ugsa: 12.0521
2026/02/18 18:53:41 - mmengine - INFO - Epoch(train)  [69][300/782]  lr: 5.0000e-02  eta: 1:39:01  time: 0.0492  data_time: 0.0013  memory: 413  loss: 18.6407  loss_ori: 2.2025  loss_uatm: 4.4950  loss_ugsa: 11.9431
2026/02/18 18:53:46 - mmengine - INFO - Epoch(train)  [69][400/782]  lr: 5.0000e-02  eta: 1:38:56  time: 0.0441  data_time: 0.0011  memory: 413  loss: 17.8932  loss_ori: 1.9053  loss_uatm: 4.6434  loss_ugsa: 11.3445
2026/02/18 18:53:51 - mmengine - INFO - Epoch(train)  [69][500/782]  lr: 5.0000e-02  eta: 1:38:52  time: 0.0457  data_time: 0.0011  memory: 413  loss: 17.7134  loss_ori: 2.0266  loss_uatm: 4.5538  loss_ugsa: 11.1330
2026/02/18 18:53:55 - mmengine - INFO - Epoch(train)  [69][600/782]  lr: 5.0000e-02  eta: 1:38:48  time: 0.0420  data_time: 0.0010  memory: 413  loss: 18.3024  loss_ori: 2.3881  loss_uatm: 4.2611  loss_ugsa: 11.6532
2026/02/18 18:53:59 - mmengine - INFO - Epoch(train)  [69][700/782]  lr: 5.0000e-02  eta: 1:38:43  time: 0.0432  data_time: 0.0012  memory: 413  loss: 17.8161  loss_ori: 2.1319  loss_uatm: 4.4106  loss_ugsa: 11.2736
2026/02/18 18:54:03 - mmengine - INFO - Exp name: resnet32x4_resnet8x4_20260218_180916
2026/02/18 18:54:05 - mmengine - INFO - Epoch(val)  [69][100/157]    eta: 0:00:01  time: 0.0224  data_time: 0.0006  memory: 413  
2026/02/18 18:54:07 - mmengine - INFO - Epoch(val) [69][157/157]    accuracy/top1: 61.8600  data_time: 0.0008  time: 0.0233
2026/02/18 18:54:09 - mmengine - INFO - Exp name: resnet32x4_resnet8x4_20260218_180916
2026/02/18 18:54:12 - mmengine - INFO - Epoch(train)  [70][100/782]  lr: 5.0000e-02  eta: 1:38:36  time: 0.0439  data_time: 0.0010  memory: 413  loss: 17.2000  loss_ori: 2.3057  loss_uatm: 4.2285  loss_ugsa: 10.6658
2026/02/18 18:54:16 - mmengine - INFO - Epoch(train)  [70][200/782]  lr: 5.0000e-02  eta: 1:38:31  time: 0.0432  data_time: 0.0010  memory: 413  loss: 17.4421  loss_ori: 2.4781  loss_uatm: 4.2109  loss_ugsa: 10.7532
2026/02/18 18:54:21 - mmengine - INFO - Epoch(train)  [70][300/782]  lr: 5.0000e-02  eta: 1:38:27  time: 0.0442  data_time: 0.0011  memory: 413  loss: 17.1611  loss_ori: 1.8822  loss_uatm: 4.4593  loss_ugsa: 10.8196
2026/02/18 18:54:25 - mmengine - INFO - Epoch(train)  [70][400/782]  lr: 5.0000e-02  eta: 1:38:24  time: 0.0446  data_time: 0.0012  memory: 413  loss: 18.6060  loss_ori: 2.1392  loss_uatm: 4.7145  loss_ugsa: 11.7522
2026/02/18 18:54:30 - mmengine - INFO - Epoch(train)  [70][500/782]  lr: 5.0000e-02  eta: 1:38:19  time: 0.0437  data_time: 0.0011  memory: 413  loss: 17.8969  loss_ori: 2.2924  loss_uatm: 4.3631  loss_ugsa: 11.2414
2026/02/18 18:54:34 - mmengine - INFO - Epoch(train)  [70][600/782]  lr: 5.0000e-02  eta: 1:38:15  time: 0.0438  data_time: 0.0022  memory: 413  loss: 18.1874  loss_ori: 1.9931  loss_uatm: 4.6468  loss_ugsa: 11.5476
2026/02/18 18:54:39 - mmengine - INFO - Epoch(train)  [70][700/782]  lr: 5.0000e-02  eta: 1:38:10  time: 0.0439  data_time: 0.0011  memory: 413  loss: 18.4849  loss_ori: 2.1546  loss_uatm: 4.6957  loss_ugsa: 11.6345
2026/02/18 18:54:42 - mmengine - INFO - Exp name: resnet32x4_resnet8x4_20260218_180916
2026/02/18 18:54:45 - mmengine - INFO - Epoch(val)  [70][100/157]    eta: 0:00:01  time: 0.0195  data_time: 0.0005  memory: 413  
2026/02/18 18:54:46 - mmengine - INFO - Epoch(val) [70][157/157]    accuracy/top1: 62.0400  data_time: 0.0008  time: 0.0236
2026/02/18 18:54:50 - mmengine - INFO - Epoch(train)  [71][100/782]  lr: 5.0000e-02  eta: 1:38:02  time: 0.0427  data_time: 0.0012  memory: 413  loss: 18.0549  loss_ori: 1.9215  loss_uatm: 4.5138  loss_ugsa: 11.6196
2026/02/18 18:54:55 - mmengine - INFO - Epoch(train)  [71][200/782]  lr: 5.0000e-02  eta: 1:37:58  time: 0.0457  data_time: 0.0012  memory: 413  loss: 17.8860  loss_ori: 1.8786  loss_uatm: 4.5039  loss_ugsa: 11.5036
2026/02/18 18:54:58 - mmengine - INFO - Exp name: resnet32x4_resnet8x4_20260218_180916
2026/02/18 18:55:00 - mmengine - INFO - Epoch(train)  [71][300/782]  lr: 5.0000e-02  eta: 1:37:54  time: 0.0437  data_time: 0.0018  memory: 413  loss: 18.0576  loss_ori: 2.2260  loss_uatm: 4.3418  loss_ugsa: 11.4898
2026/02/18 18:55:04 - mmengine - INFO - Epoch(train)  [71][400/782]  lr: 5.0000e-02  eta: 1:37:50  time: 0.0434  data_time: 0.0012  memory: 413  loss: 18.0286  loss_ori: 2.0884  loss_uatm: 4.5033  loss_ugsa: 11.4370
2026/02/18 18:55:09 - mmengine - INFO - Epoch(train)  [71][500/782]  lr: 5.0000e-02  eta: 1:37:46  time: 0.0449  data_time: 0.0012  memory: 413  loss: 18.1825  loss_ori: 2.0118  loss_uatm: 4.4940  loss_ugsa: 11.6768
2026/02/18 18:55:14 - mmengine - INFO - Epoch(train)  [71][600/782]  lr: 5.0000e-02  eta: 1:37:42  time: 0.0434  data_time: 0.0010  memory: 413  loss: 17.8536  loss_ori: 2.2135  loss_uatm: 4.5719  loss_ugsa: 11.0682
2026/02/18 18:55:18 - mmengine - INFO - Epoch(train)  [71][700/782]  lr: 5.0000e-02  eta: 1:37:38  time: 0.0568  data_time: 0.0011  memory: 413  loss: 17.8400  loss_ori: 2.1975  loss_uatm: 4.3998  loss_ugsa: 11.2427
2026/02/18 18:55:22 - mmengine - INFO - Exp name: resnet32x4_resnet8x4_20260218_180916
2026/02/18 18:55:24 - mmengine - INFO - Epoch(val)  [71][100/157]    eta: 0:00:01  time: 0.0188  data_time: 0.0004  memory: 413  
2026/02/18 18:55:25 - mmengine - INFO - Epoch(val) [71][157/157]    accuracy/top1: 60.1700  data_time: 0.0009  time: 0.0218
2026/02/18 18:55:29 - mmengine - INFO - Epoch(train)  [72][100/782]  lr: 5.0000e-02  eta: 1:37:29  time: 0.0395  data_time: 0.0009  memory: 413  loss: 18.2373  loss_ori: 2.1173  loss_uatm: 4.5245  loss_ugsa: 11.5955
2026/02/18 18:55:34 - mmengine - INFO - Epoch(train)  [72][200/782]  lr: 5.0000e-02  eta: 1:37:24  time: 0.0423  data_time: 0.0009  memory: 413  loss: 17.7781  loss_ori: 2.2093  loss_uatm: 4.4402  loss_ugsa: 11.1285
2026/02/18 18:55:38 - mmengine - INFO - Epoch(train)  [72][300/782]  lr: 5.0000e-02  eta: 1:37:19  time: 0.0431  data_time: 0.0010  memory: 413  loss: 17.9520  loss_ori: 1.6796  loss_uatm: 4.6659  loss_ugsa: 11.6066
2026/02/18 18:55:42 - mmengine - INFO - Epoch(train)  [72][400/782]  lr: 5.0000e-02  eta: 1:37:14  time: 0.0452  data_time: 0.0010  memory: 413  loss: 17.9864  loss_ori: 2.2431  loss_uatm: 4.4351  loss_ugsa: 11.3081
2026/02/18 18:55:46 - mmengine - INFO - Exp name: resnet32x4_resnet8x4_20260218_180916
2026/02/18 18:55:47 - mmengine - INFO - Epoch(train)  [72][500/782]  lr: 5.0000e-02  eta: 1:37:10  time: 0.0432  data_time: 0.0011  memory: 413  loss: 18.5068  loss_ori: 1.9374  loss_uatm: 4.7580  loss_ugsa: 11.8114
2026/02/18 18:55:52 - mmengine - INFO - Epoch(train)  [72][600/782]  lr: 5.0000e-02  eta: 1:37:06  time: 0.0498  data_time: 0.0013  memory: 413  loss: 18.3040  loss_ori: 2.2734  loss_uatm: 4.4540  loss_ugsa: 11.5766
2026/02/18 18:55:56 - mmengine - INFO - Epoch(train)  [72][700/782]  lr: 5.0000e-02  eta: 1:37:02  time: 0.0440  data_time: 0.0012  memory: 413  loss: 18.5512  loss_ori: 2.0631  loss_uatm: 4.5946  loss_ugsa: 11.8936
2026/02/18 18:56:00 - mmengine - INFO - Exp name: resnet32x4_resnet8x4_20260218_180916
2026/02/18 18:56:01 - mmengine - INFO - Epoch(val)  [72][100/157]    eta: 0:00:00  time: 0.0143  data_time: 0.0004  memory: 413  
2026/02/18 18:56:03 - mmengine - INFO - Epoch(val) [72][157/157]    accuracy/top1: 63.0900  data_time: 0.0006  time: 0.0175
2026/02/18 18:56:07 - mmengine - INFO - Epoch(train)  [73][100/782]  lr: 5.0000e-02  eta: 1:36:53  time: 0.0468  data_time: 0.0012  memory: 413  loss: 17.1926  loss_ori: 1.5595  loss_uatm: 4.4230  loss_ugsa: 11.2100
2026/02/18 18:56:11 - mmengine - INFO - Epoch(train)  [73][200/782]  lr: 5.0000e-02  eta: 1:36:49  time: 0.0438  data_time: 0.0010  memory: 413  loss: 18.4930  loss_ori: 2.1853  loss_uatm: 4.6267  loss_ugsa: 11.6810
2026/02/18 18:56:16 - mmengine - INFO - Epoch(train)  [73][300/782]  lr: 5.0000e-02  eta: 1:36:46  time: 0.0487  data_time: 0.0011  memory: 413  loss: 17.8977  loss_ori: 2.2989  loss_uatm: 4.3770  loss_ugsa: 11.2218
2026/02/18 18:56:21 - mmengine - INFO - Epoch(train)  [73][400/782]  lr: 5.0000e-02  eta: 1:36:41  time: 0.0412  data_time: 0.0010  memory: 413  loss: 18.1465  loss_ori: 2.0842  loss_uatm: 4.5706  loss_ugsa: 11.4917
2026/02/18 18:56:25 - mmengine - INFO - Epoch(train)  [73][500/782]  lr: 5.0000e-02  eta: 1:36:36  time: 0.0414  data_time: 0.0014  memory: 413  loss: 17.9226  loss_ori: 1.9818  loss_uatm: 4.5784  loss_ugsa: 11.3624
2026/02/18 18:56:29 - mmengine - INFO - Epoch(train)  [73][600/782]  lr: 5.0000e-02  eta: 1:36:31  time: 0.0389  data_time: 0.0013  memory: 413  loss: 18.0418  loss_ori: 2.3793  loss_uatm: 4.3923  loss_ugsa: 11.2701
2026/02/18 18:56:33 - mmengine - INFO - Exp name: resnet32x4_resnet8x4_20260218_180916
2026/02/18 18:56:33 - mmengine - INFO - Epoch(train)  [73][700/782]  lr: 5.0000e-02  eta: 1:36:26  time: 0.0431  data_time: 0.0012  memory: 413  loss: 17.8783  loss_ori: 1.4862  loss_uatm: 4.5310  loss_ugsa: 11.8610
2026/02/18 18:56:37 - mmengine - INFO - Exp name: resnet32x4_resnet8x4_20260218_180916
2026/02/18 18:56:39 - mmengine - INFO - Epoch(val)  [73][100/157]    eta: 0:00:01  time: 0.0218  data_time: 0.0005  memory: 413  
2026/02/18 18:56:41 - mmengine - INFO - Epoch(val) [73][157/157]    accuracy/top1: 61.9300  data_time: 0.0008  time: 0.0237
2026/02/18 18:56:45 - mmengine - INFO - Epoch(train)  [74][100/782]  lr: 5.0000e-02  eta: 1:36:18  time: 0.0543  data_time: 0.0011  memory: 413  loss: 17.8702  loss_ori: 1.8743  loss_uatm: 4.3693  loss_ugsa: 11.6266
2026/02/18 18:56:49 - mmengine - INFO - Epoch(train)  [74][200/782]  lr: 5.0000e-02  eta: 1:36:12  time: 0.0398  data_time: 0.0009  memory: 413  loss: 18.2581  loss_ori: 2.2407  loss_uatm: 4.6010  loss_ugsa: 11.4164
2026/02/18 18:56:53 - mmengine - INFO - Epoch(train)  [74][300/782]  lr: 5.0000e-02  eta: 1:36:07  time: 0.0417  data_time: 0.0012  memory: 413  loss: 17.5181  loss_ori: 2.2448  loss_uatm: 4.4272  loss_ugsa: 10.8461
2026/02/18 18:56:58 - mmengine - INFO - Epoch(train)  [74][400/782]  lr: 5.0000e-02  eta: 1:36:03  time: 0.0422  data_time: 0.0011  memory: 413  loss: 18.0350  loss_ori: 2.1380  loss_uatm: 4.6065  loss_ugsa: 11.2905
2026/02/18 18:57:02 - mmengine - INFO - Epoch(train)  [74][500/782]  lr: 5.0000e-02  eta: 1:35:59  time: 0.0473  data_time: 0.0013  memory: 413  loss: 17.9137  loss_ori: 1.9034  loss_uatm: 4.6206  loss_ugsa: 11.3896
2026/02/18 18:57:07 - mmengine - INFO - Epoch(train)  [74][600/782]  lr: 5.0000e-02  eta: 1:35:54  time: 0.0416  data_time: 0.0011  memory: 413  loss: 18.0769  loss_ori: 2.5871  loss_uatm: 4.5058  loss_ugsa: 10.9841
2026/02/18 18:57:11 - mmengine - INFO - Epoch(train)  [74][700/782]  lr: 5.0000e-02  eta: 1:35:49  time: 0.0397  data_time: 0.0017  memory: 413  loss: 18.2917  loss_ori: 2.1771  loss_uatm: 4.4488  loss_ugsa: 11.6658
2026/02/18 18:57:15 - mmengine - INFO - Exp name: resnet32x4_resnet8x4_20260218_180916
2026/02/18 18:57:17 - mmengine - INFO - Epoch(val)  [74][100/157]    eta: 0:00:01  time: 0.0217  data_time: 0.0006  memory: 413  
2026/02/18 18:57:19 - mmengine - INFO - Epoch(val) [74][157/157]    accuracy/top1: 60.1400  data_time: 0.0010  time: 0.0232
2026/02/18 18:57:23 - mmengine - INFO - Epoch(train)  [75][100/782]  lr: 5.0000e-02  eta: 1:35:43  time: 0.0643  data_time: 0.0013  memory: 413  loss: 18.1946  loss_ori: 2.4720  loss_uatm: 4.3408  loss_ugsa: 11.3818
2026/02/18 18:57:25 - mmengine - INFO - Exp name: resnet32x4_resnet8x4_20260218_180916
2026/02/18 18:57:28 - mmengine - INFO - Epoch(train)  [75][200/782]  lr: 5.0000e-02  eta: 1:35:38  time: 0.0431  data_time: 0.0011  memory: 413  loss: 18.0321  loss_ori: 2.0297  loss_uatm: 4.5866  loss_ugsa: 11.4157
2026/02/18 18:57:33 - mmengine - INFO - Epoch(train)  [75][300/782]  lr: 5.0000e-02  eta: 1:35:34  time: 0.0427  data_time: 0.0011  memory: 413  loss: 18.5882  loss_ori: 2.0365  loss_uatm: 4.6333  loss_ugsa: 11.9184
2026/02/18 18:57:37 - mmengine - INFO - Epoch(train)  [75][400/782]  lr: 5.0000e-02  eta: 1:35:30  time: 0.0439  data_time: 0.0013  memory: 413  loss: 18.1138  loss_ori: 2.0373  loss_uatm: 4.6735  loss_ugsa: 11.4030
2026/02/18 18:57:42 - mmengine - INFO - Epoch(train)  [75][500/782]  lr: 5.0000e-02  eta: 1:35:26  time: 0.0430  data_time: 0.0016  memory: 413  loss: 18.4518  loss_ori: 2.4139  loss_uatm: 4.7434  loss_ugsa: 11.2945
2026/02/18 18:57:46 - mmengine - INFO - Epoch(train)  [75][600/782]  lr: 5.0000e-02  eta: 1:35:21  time: 0.0395  data_time: 0.0017  memory: 413  loss: 17.5918  loss_ori: 2.4432  loss_uatm: 4.4604  loss_ugsa: 10.6882
2026/02/18 18:57:51 - mmengine - INFO - Epoch(train)  [75][700/782]  lr: 5.0000e-02  eta: 1:35:17  time: 0.0582  data_time: 0.0011  memory: 413  loss: 17.6228  loss_ori: 1.8172  loss_uatm: 4.6362  loss_ugsa: 11.1694
2026/02/18 18:57:54 - mmengine - INFO - Exp name: resnet32x4_resnet8x4_20260218_180916
2026/02/18 18:57:56 - mmengine - INFO - Epoch(val)  [75][100/157]    eta: 0:00:01  time: 0.0204  data_time: 0.0005  memory: 413  
2026/02/18 18:57:58 - mmengine - INFO - Epoch(val) [75][157/157]    accuracy/top1: 61.8300  data_time: 0.0008  time: 0.0237
2026/02/18 18:58:03 - mmengine - INFO - Epoch(train)  [76][100/782]  lr: 5.0000e-02  eta: 1:35:09  time: 0.0455  data_time: 0.0013  memory: 413  loss: 17.1103  loss_ori: 1.9845  loss_uatm: 4.4421  loss_ugsa: 10.6836
2026/02/18 18:58:07 - mmengine - INFO - Epoch(train)  [76][200/782]  lr: 5.0000e-02  eta: 1:35:05  time: 0.0425  data_time: 0.0011  memory: 413  loss: 17.6412  loss_ori: 2.0440  loss_uatm: 4.5634  loss_ugsa: 11.0338
2026/02/18 18:58:12 - mmengine - INFO - Epoch(train)  [76][300/782]  lr: 5.0000e-02  eta: 1:35:01  time: 0.0456  data_time: 0.0013  memory: 413  loss: 17.9828  loss_ori: 1.7370  loss_uatm: 4.5700  loss_ugsa: 11.6758
2026/02/18 18:58:14 - mmengine - INFO - Exp name: resnet32x4_resnet8x4_20260218_180916
2026/02/18 18:58:16 - mmengine - INFO - Epoch(train)  [76][400/782]  lr: 5.0000e-02  eta: 1:34:57  time: 0.0429  data_time: 0.0011  memory: 413  loss: 17.2920  loss_ori: 2.0581  loss_uatm: 4.6641  loss_ugsa: 10.5698
2026/02/18 18:58:21 - mmengine - INFO - Epoch(train)  [76][500/782]  lr: 5.0000e-02  eta: 1:34:52  time: 0.0451  data_time: 0.0012  memory: 413  loss: 18.6098  loss_ori: 2.1183  loss_uatm: 4.6783  loss_ugsa: 11.8131
2026/02/18 18:58:25 - mmengine - INFO - Epoch(train)  [76][600/782]  lr: 5.0000e-02  eta: 1:34:48  time: 0.0404  data_time: 0.0018  memory: 413  loss: 17.6271  loss_ori: 1.9111  loss_uatm: 4.6441  loss_ugsa: 11.0719
2026/02/18 18:58:30 - mmengine - INFO - Epoch(train)  [76][700/782]  lr: 5.0000e-02  eta: 1:34:44  time: 0.0427  data_time: 0.0011  memory: 413  loss: 17.4587  loss_ori: 1.9170  loss_uatm: 4.4958  loss_ugsa: 11.0459
2026/02/18 18:58:34 - mmengine - INFO - Exp name: resnet32x4_resnet8x4_20260218_180916
2026/02/18 18:58:36 - mmengine - INFO - Epoch(val)  [76][100/157]    eta: 0:00:01  time: 0.0190  data_time: 0.0005  memory: 413  
2026/02/18 18:58:38 - mmengine - INFO - Epoch(val) [76][157/157]    accuracy/top1: 59.2400  data_time: 0.0008  time: 0.0240
2026/02/18 18:58:42 - mmengine - INFO - Epoch(train)  [77][100/782]  lr: 5.0000e-02  eta: 1:34:36  time: 0.0468  data_time: 0.0014  memory: 413  loss: 18.4892  loss_ori: 2.3017  loss_uatm: 4.5811  loss_ugsa: 11.6064
2026/02/18 18:58:47 - mmengine - INFO - Epoch(train)  [77][200/782]  lr: 5.0000e-02  eta: 1:34:32  time: 0.0456  data_time: 0.0013  memory: 413  loss: 17.9050  loss_ori: 2.0623  loss_uatm: 4.4006  loss_ugsa: 11.4420
2026/02/18 18:58:52 - mmengine - INFO - Epoch(train)  [77][300/782]  lr: 5.0000e-02  eta: 1:34:28  time: 0.0459  data_time: 0.0012  memory: 413  loss: 18.2801  loss_ori: 1.8181  loss_uatm: 4.6943  loss_ugsa: 11.7677
2026/02/18 18:58:56 - mmengine - INFO - Epoch(train)  [77][400/782]  lr: 5.0000e-02  eta: 1:34:24  time: 0.0452  data_time: 0.0013  memory: 413  loss: 17.5875  loss_ori: 1.8685  loss_uatm: 4.7211  loss_ugsa: 10.9980
2026/02/18 18:59:01 - mmengine - INFO - Epoch(train)  [77][500/782]  lr: 5.0000e-02  eta: 1:34:20  time: 0.0429  data_time: 0.0011  memory: 413  loss: 17.7439  loss_ori: 2.3047  loss_uatm: 4.4830  loss_ugsa: 10.9562
2026/02/18 18:59:04 - mmengine - INFO - Exp name: resnet32x4_resnet8x4_20260218_180916
2026/02/18 18:59:05 - mmengine - INFO - Epoch(train)  [77][600/782]  lr: 5.0000e-02  eta: 1:34:16  time: 0.0429  data_time: 0.0011  memory: 413  loss: 18.0243  loss_ori: 2.0293  loss_uatm: 4.7446  loss_ugsa: 11.2503
2026/02/18 18:59:10 - mmengine - INFO - Epoch(train)  [77][700/782]  lr: 5.0000e-02  eta: 1:34:12  time: 0.0434  data_time: 0.0013  memory: 413  loss: 17.5622  loss_ori: 2.0549  loss_uatm: 4.4980  loss_ugsa: 11.0093
2026/02/18 18:59:13 - mmengine - INFO - Exp name: resnet32x4_resnet8x4_20260218_180916
2026/02/18 18:59:16 - mmengine - INFO - Epoch(val)  [77][100/157]    eta: 0:00:01  time: 0.0202  data_time: 0.0005  memory: 413  
2026/02/18 18:59:17 - mmengine - INFO - Epoch(val) [77][157/157]    accuracy/top1: 60.6200  data_time: 0.0009  time: 0.0236
2026/02/18 18:59:21 - mmengine - INFO - Epoch(train)  [78][100/782]  lr: 5.0000e-02  eta: 1:34:03  time: 0.0491  data_time: 0.0013  memory: 413  loss: 17.5186  loss_ori: 2.2163  loss_uatm: 4.3756  loss_ugsa: 10.9267
2026/02/18 18:59:26 - mmengine - INFO - Epoch(train)  [78][200/782]  lr: 5.0000e-02  eta: 1:33:58  time: 0.0442  data_time: 0.0011  memory: 413  loss: 17.9566  loss_ori: 2.3688  loss_uatm: 4.3463  loss_ugsa: 11.2415
2026/02/18 18:59:31 - mmengine - INFO - Epoch(train)  [78][300/782]  lr: 5.0000e-02  eta: 1:33:54  time: 0.0429  data_time: 0.0011  memory: 413  loss: 17.6740  loss_ori: 1.7714  loss_uatm: 4.7016  loss_ugsa: 11.2010
2026/02/18 18:59:35 - mmengine - INFO - Epoch(train)  [78][400/782]  lr: 5.0000e-02  eta: 1:33:50  time: 0.0435  data_time: 0.0011  memory: 413  loss: 18.0035  loss_ori: 2.0656  loss_uatm: 4.5112  loss_ugsa: 11.4266
2026/02/18 18:59:39 - mmengine - INFO - Epoch(train)  [78][500/782]  lr: 5.0000e-02  eta: 1:33:45  time: 0.0424  data_time: 0.0010  memory: 413  loss: 18.2938  loss_ori: 1.9646  loss_uatm: 4.5893  loss_ugsa: 11.7398
2026/02/18 18:59:44 - mmengine - INFO - Epoch(train)  [78][600/782]  lr: 5.0000e-02  eta: 1:33:40  time: 0.0443  data_time: 0.0011  memory: 413  loss: 17.8414  loss_ori: 2.1445  loss_uatm: 4.3227  loss_ugsa: 11.3742
2026/02/18 18:59:48 - mmengine - INFO - Epoch(train)  [78][700/782]  lr: 5.0000e-02  eta: 1:33:36  time: 0.0477  data_time: 0.0014  memory: 413  loss: 18.4846  loss_ori: 2.3642  loss_uatm: 4.6047  loss_ugsa: 11.5158
2026/02/18 18:59:52 - mmengine - INFO - Exp name: resnet32x4_resnet8x4_20260218_180916
2026/02/18 18:59:54 - mmengine - INFO - Epoch(val)  [78][100/157]    eta: 0:00:01  time: 0.0209  data_time: 0.0006  memory: 413  
2026/02/18 18:59:56 - mmengine - INFO - Epoch(val) [78][157/157]    accuracy/top1: 58.3400  data_time: 0.0009  time: 0.0232
2026/02/18 18:59:56 - mmengine - INFO - Exp name: resnet32x4_resnet8x4_20260218_180916
2026/02/18 19:00:00 - mmengine - INFO - Epoch(train)  [79][100/782]  lr: 5.0000e-02  eta: 1:33:28  time: 0.0353  data_time: 0.0007  memory: 413  loss: 18.0182  loss_ori: 2.1542  loss_uatm: 4.7422  loss_ugsa: 11.1218
2026/02/18 19:00:04 - mmengine - INFO - Epoch(train)  [79][200/782]  lr: 5.0000e-02  eta: 1:33:23  time: 0.0394  data_time: 0.0012  memory: 413  loss: 17.9022  loss_ori: 2.1264  loss_uatm: 4.5311  loss_ugsa: 11.2447
2026/02/18 19:00:09 - mmengine - INFO - Epoch(train)  [79][300/782]  lr: 5.0000e-02  eta: 1:33:18  time: 0.0457  data_time: 0.0012  memory: 413  loss: 17.6743  loss_ori: 2.1042  loss_uatm: 4.3932  loss_ugsa: 11.1769
2026/02/18 19:00:13 - mmengine - INFO - Epoch(train)  [79][400/782]  lr: 5.0000e-02  eta: 1:33:14  time: 0.0396  data_time: 0.0010  memory: 413  loss: 17.8160  loss_ori: 1.9752  loss_uatm: 4.3218  loss_ugsa: 11.5189
2026/02/18 19:00:17 - mmengine - INFO - Epoch(train)  [79][500/782]  lr: 5.0000e-02  eta: 1:33:09  time: 0.0381  data_time: 0.0015  memory: 413  loss: 17.7196  loss_ori: 2.0588  loss_uatm: 4.5342  loss_ugsa: 11.1266
2026/02/18 19:00:22 - mmengine - INFO - Epoch(train)  [79][600/782]  lr: 5.0000e-02  eta: 1:33:04  time: 0.0425  data_time: 0.0010  memory: 413  loss: 18.0293  loss_ori: 1.6014  loss_uatm: 4.6050  loss_ugsa: 11.8229
2026/02/18 19:00:26 - mmengine - INFO - Epoch(train)  [79][700/782]  lr: 5.0000e-02  eta: 1:33:00  time: 0.0451  data_time: 0.0012  memory: 413  loss: 18.2431  loss_ori: 2.0573  loss_uatm: 4.7443  loss_ugsa: 11.4414
2026/02/18 19:00:30 - mmengine - INFO - Exp name: resnet32x4_resnet8x4_20260218_180916
2026/02/18 19:00:32 - mmengine - INFO - Epoch(val)  [79][100/157]    eta: 0:00:01  time: 0.0432  data_time: 0.0006  memory: 413  
2026/02/18 19:00:34 - mmengine - INFO - Epoch(val) [79][157/157]    accuracy/top1: 61.0900  data_time: 0.0010  time: 0.0228
2026/02/18 19:00:38 - mmengine - INFO - Epoch(train)  [80][100/782]  lr: 5.0000e-02  eta: 1:32:53  time: 0.0435  data_time: 0.0011  memory: 413  loss: 17.4448  loss_ori: 2.1560  loss_uatm: 4.2017  loss_ugsa: 11.0871
2026/02/18 19:00:43 - mmengine - INFO - Epoch(train)  [80][200/782]  lr: 5.0000e-02  eta: 1:32:49  time: 0.0662  data_time: 0.0011  memory: 413  loss: 16.8974  loss_ori: 1.8872  loss_uatm: 4.1732  loss_ugsa: 10.8370
2026/02/18 19:00:44 - mmengine - INFO - Exp name: resnet32x4_resnet8x4_20260218_180916
2026/02/18 19:00:47 - mmengine - INFO - Epoch(train)  [80][300/782]  lr: 5.0000e-02  eta: 1:32:44  time: 0.0406  data_time: 0.0011  memory: 413  loss: 18.2585  loss_ori: 2.1855  loss_uatm: 4.4517  loss_ugsa: 11.6213
2026/02/18 19:00:52 - mmengine - INFO - Epoch(train)  [80][400/782]  lr: 5.0000e-02  eta: 1:32:40  time: 0.0447  data_time: 0.0010  memory: 413  loss: 18.1488  loss_ori: 2.4703  loss_uatm: 4.5634  loss_ugsa: 11.1152
2026/02/18 19:00:57 - mmengine - INFO - Epoch(train)  [80][500/782]  lr: 5.0000e-02  eta: 1:32:36  time: 0.0430  data_time: 0.0011  memory: 413  loss: 18.0502  loss_ori: 1.9657  loss_uatm: 4.7213  loss_ugsa: 11.3633
2026/02/18 19:01:01 - mmengine - INFO - Epoch(train)  [80][600/782]  lr: 5.0000e-02  eta: 1:32:32  time: 0.0464  data_time: 0.0017  memory: 413  loss: 18.0937  loss_ori: 2.0570  loss_uatm: 4.6383  loss_ugsa: 11.3984
2026/02/18 19:01:06 - mmengine - INFO - Epoch(train)  [80][700/782]  lr: 5.0000e-02  eta: 1:32:28  time: 0.0442  data_time: 0.0011  memory: 413  loss: 18.2185  loss_ori: 1.9707  loss_uatm: 4.5732  loss_ugsa: 11.6746
2026/02/18 19:01:09 - mmengine - INFO - Exp name: resnet32x4_resnet8x4_20260218_180916
2026/02/18 19:01:12 - mmengine - INFO - Epoch(val)  [80][100/157]    eta: 0:00:01  time: 0.0224  data_time: 0.0006  memory: 413  
2026/02/18 19:01:13 - mmengine - INFO - Epoch(val) [80][157/157]    accuracy/top1: 61.9500  data_time: 0.0009  time: 0.0232
2026/02/18 19:01:18 - mmengine - INFO - Epoch(train)  [81][100/782]  lr: 5.0000e-02  eta: 1:32:19  time: 0.0404  data_time: 0.0011  memory: 413  loss: 17.8620  loss_ori: 1.5985  loss_uatm: 4.5248  loss_ugsa: 11.7388
2026/02/18 19:01:21 - mmengine - INFO - Epoch(train)  [81][200/782]  lr: 5.0000e-02  eta: 1:32:13  time: 0.0389  data_time: 0.0010  memory: 413  loss: 18.3865  loss_ori: 2.1057  loss_uatm: 4.5182  loss_ugsa: 11.7625
2026/02/18 19:01:26 - mmengine - INFO - Epoch(train)  [81][300/782]  lr: 5.0000e-02  eta: 1:32:09  time: 0.0443  data_time: 0.0010  memory: 413  loss: 18.0146  loss_ori: 1.7073  loss_uatm: 4.8899  loss_ugsa: 11.4175
2026/02/18 19:01:30 - mmengine - INFO - Epoch(train)  [81][400/782]  lr: 5.0000e-02  eta: 1:32:05  time: 0.0436  data_time: 0.0011  memory: 413  loss: 18.0665  loss_ori: 1.9780  loss_uatm: 4.6485  loss_ugsa: 11.4401
2026/02/18 19:01:32 - mmengine - INFO - Exp name: resnet32x4_resnet8x4_20260218_180916
2026/02/18 19:01:35 - mmengine - INFO - Epoch(train)  [81][500/782]  lr: 5.0000e-02  eta: 1:32:00  time: 0.0437  data_time: 0.0010  memory: 413  loss: 18.2475  loss_ori: 1.8830  loss_uatm: 4.8363  loss_ugsa: 11.5283
2026/02/18 19:01:40 - mmengine - INFO - Epoch(train)  [81][600/782]  lr: 5.0000e-02  eta: 1:31:56  time: 0.0468  data_time: 0.0018  memory: 413  loss: 18.0191  loss_ori: 2.4006  loss_uatm: 4.6252  loss_ugsa: 10.9933
2026/02/18 19:01:44 - mmengine - INFO - Epoch(train)  [81][700/782]  lr: 5.0000e-02  eta: 1:31:52  time: 0.0444  data_time: 0.0017  memory: 413  loss: 17.7485  loss_ori: 2.4374  loss_uatm: 4.4071  loss_ugsa: 10.9040
2026/02/18 19:01:48 - mmengine - INFO - Exp name: resnet32x4_resnet8x4_20260218_180916
2026/02/18 19:01:50 - mmengine - INFO - Epoch(val)  [81][100/157]    eta: 0:00:01  time: 0.0181  data_time: 0.0005  memory: 413  
2026/02/18 19:01:51 - mmengine - INFO - Epoch(val) [81][157/157]    accuracy/top1: 59.0200  data_time: 0.0009  time: 0.0223
2026/02/18 19:01:56 - mmengine - INFO - Epoch(train)  [82][100/782]  lr: 5.0000e-02  eta: 1:31:44  time: 0.0452  data_time: 0.0013  memory: 413  loss: 17.8552  loss_ori: 1.8205  loss_uatm: 4.5065  loss_ugsa: 11.5283
2026/02/18 19:02:01 - mmengine - INFO - Epoch(train)  [82][200/782]  lr: 5.0000e-02  eta: 1:31:40  time: 0.0651  data_time: 0.0011  memory: 413  loss: 18.6727  loss_ori: 2.0117  loss_uatm: 4.7935  loss_ugsa: 11.8675
2026/02/18 19:02:05 - mmengine - INFO - Epoch(train)  [82][300/782]  lr: 5.0000e-02  eta: 1:31:35  time: 0.0410  data_time: 0.0013  memory: 413  loss: 18.5476  loss_ori: 2.0937  loss_uatm: 4.7515  loss_ugsa: 11.7023
2026/02/18 19:02:10 - mmengine - INFO - Epoch(train)  [82][400/782]  lr: 5.0000e-02  eta: 1:31:31  time: 0.0452  data_time: 0.0019  memory: 413  loss: 18.3324  loss_ori: 1.7758  loss_uatm: 4.4973  loss_ugsa: 12.0593
2026/02/18 19:02:14 - mmengine - INFO - Epoch(train)  [82][500/782]  lr: 5.0000e-02  eta: 1:31:26  time: 0.0576  data_time: 0.0010  memory: 413  loss: 18.0081  loss_ori: 2.4189  loss_uatm: 4.1222  loss_ugsa: 11.4671
2026/02/18 19:02:18 - mmengine - INFO - Epoch(train)  [82][600/782]  lr: 5.0000e-02  eta: 1:31:22  time: 0.0449  data_time: 0.0011  memory: 413  loss: 17.5082  loss_ori: 1.8784  loss_uatm: 4.3901  loss_ugsa: 11.2398
2026/02/18 19:02:21 - mmengine - INFO - Exp name: resnet32x4_resnet8x4_20260218_180916
2026/02/18 19:02:23 - mmengine - INFO - Epoch(train)  [82][700/782]  lr: 5.0000e-02  eta: 1:31:18  time: 0.0448  data_time: 0.0011  memory: 413  loss: 17.9935  loss_ori: 2.2358  loss_uatm: 4.5484  loss_ugsa: 11.2093
2026/02/18 19:02:27 - mmengine - INFO - Exp name: resnet32x4_resnet8x4_20260218_180916
2026/02/18 19:02:29 - mmengine - INFO - Epoch(val)  [82][100/157]    eta: 0:00:01  time: 0.0418  data_time: 0.0006  memory: 413  
2026/02/18 19:02:31 - mmengine - INFO - Epoch(val) [82][157/157]    accuracy/top1: 63.3600  data_time: 0.0010  time: 0.0233
2026/02/18 19:02:36 - mmengine - INFO - Epoch(train)  [83][100/782]  lr: 5.0000e-02  eta: 1:31:11  time: 0.0448  data_time: 0.0011  memory: 413  loss: 18.0257  loss_ori: 2.2454  loss_uatm: 4.6073  loss_ugsa: 11.1730
2026/02/18 19:02:40 - mmengine - INFO - Epoch(train)  [83][200/782]  lr: 5.0000e-02  eta: 1:31:07  time: 0.0447  data_time: 0.0012  memory: 413  loss: 17.7861  loss_ori: 1.8627  loss_uatm: 4.4870  loss_ugsa: 11.4364
2026/02/18 19:02:45 - mmengine - INFO - Epoch(train)  [83][300/782]  lr: 5.0000e-02  eta: 1:31:03  time: 0.0432  data_time: 0.0011  memory: 413  loss: 18.0344  loss_ori: 2.2003  loss_uatm: 4.3732  loss_ugsa: 11.4609
2026/02/18 19:02:49 - mmengine - INFO - Epoch(train)  [83][400/782]  lr: 5.0000e-02  eta: 1:30:59  time: 0.0420  data_time: 0.0010  memory: 413  loss: 17.5594  loss_ori: 2.0212  loss_uatm: 4.4284  loss_ugsa: 11.1098
2026/02/18 19:02:54 - mmengine - INFO - Epoch(train)  [83][500/782]  lr: 5.0000e-02  eta: 1:30:54  time: 0.0644  data_time: 0.0011  memory: 413  loss: 17.8274  loss_ori: 1.9360  loss_uatm: 4.5485  loss_ugsa: 11.3428
2026/02/18 19:02:58 - mmengine - INFO - Epoch(train)  [83][600/782]  lr: 5.0000e-02  eta: 1:30:50  time: 0.0434  data_time: 0.0012  memory: 413  loss: 18.1904  loss_ori: 2.0922  loss_uatm: 4.7674  loss_ugsa: 11.3309
2026/02/18 19:03:03 - mmengine - INFO - Epoch(train)  [83][700/782]  lr: 5.0000e-02  eta: 1:30:46  time: 0.0419  data_time: 0.0011  memory: 413  loss: 18.0028  loss_ori: 2.0276  loss_uatm: 4.6150  loss_ugsa: 11.3601
2026/02/18 19:03:07 - mmengine - INFO - Exp name: resnet32x4_resnet8x4_20260218_180916
2026/02/18 19:03:09 - mmengine - INFO - Epoch(val)  [83][100/157]    eta: 0:00:01  time: 0.0202  data_time: 0.0006  memory: 413  
2026/02/18 19:03:10 - mmengine - INFO - Epoch(val) [83][157/157]    accuracy/top1: 59.5000  data_time: 0.0008  time: 0.0216
2026/02/18 19:03:15 - mmengine - INFO - Exp name: resnet32x4_resnet8x4_20260218_180916
2026/02/18 19:03:15 - mmengine - INFO - Epoch(train)  [84][100/782]  lr: 5.0000e-02  eta: 1:30:38  time: 0.0451  data_time: 0.0014  memory: 413  loss: 17.5296  loss_ori: 2.2103  loss_uatm: 4.1707  loss_ugsa: 11.1486
2026/02/18 19:03:20 - mmengine - INFO - Epoch(train)  [84][200/782]  lr: 5.0000e-02  eta: 1:30:34  time: 0.0448  data_time: 0.0018  memory: 413  loss: 17.9461  loss_ori: 2.0133  loss_uatm: 4.5509  loss_ugsa: 11.3819
2026/02/18 19:03:24 - mmengine - INFO - Epoch(train)  [84][300/782]  lr: 5.0000e-02  eta: 1:30:30  time: 0.0388  data_time: 0.0013  memory: 413  loss: 17.9450  loss_ori: 2.0673  loss_uatm: 4.4007  loss_ugsa: 11.4769
2026/02/18 19:03:29 - mmengine - INFO - Epoch(train)  [84][400/782]  lr: 5.0000e-02  eta: 1:30:26  time: 0.0455  data_time: 0.0013  memory: 413  loss: 17.7226  loss_ori: 2.5061  loss_uatm: 4.2283  loss_ugsa: 10.9882
2026/02/18 19:03:34 - mmengine - INFO - Epoch(train)  [84][500/782]  lr: 5.0000e-02  eta: 1:30:22  time: 0.0700  data_time: 0.0018  memory: 413  loss: 17.9368  loss_ori: 2.0196  loss_uatm: 4.5087  loss_ugsa: 11.4084
2026/02/18 19:03:38 - mmengine - INFO - Epoch(train)  [84][600/782]  lr: 5.0000e-02  eta: 1:30:17  time: 0.0405  data_time: 0.0011  memory: 413  loss: 17.6113  loss_ori: 1.9757  loss_uatm: 4.4048  loss_ugsa: 11.2308
2026/02/18 19:03:42 - mmengine - INFO - Epoch(train)  [84][700/782]  lr: 5.0000e-02  eta: 1:30:13  time: 0.0469  data_time: 0.0018  memory: 413  loss: 18.1812  loss_ori: 2.1601  loss_uatm: 4.6185  loss_ugsa: 11.4025
2026/02/18 19:03:46 - mmengine - INFO - Exp name: resnet32x4_resnet8x4_20260218_180916
2026/02/18 19:03:49 - mmengine - INFO - Epoch(val)  [84][100/157]    eta: 0:00:01  time: 0.0195  data_time: 0.0010  memory: 413  
2026/02/18 19:03:50 - mmengine - INFO - Epoch(val) [84][157/157]    accuracy/top1: 63.2100  data_time: 0.0008  time: 0.0235
2026/02/18 19:03:54 - mmengine - INFO - Epoch(train)  [85][100/782]  lr: 5.0000e-02  eta: 1:30:05  time: 0.0388  data_time: 0.0008  memory: 413  loss: 17.8137  loss_ori: 2.1683  loss_uatm: 4.4635  loss_ugsa: 11.1819
2026/02/18 19:03:59 - mmengine - INFO - Epoch(train)  [85][200/782]  lr: 5.0000e-02  eta: 1:30:00  time: 0.0426  data_time: 0.0012  memory: 413  loss: 17.5866  loss_ori: 1.7561  loss_uatm: 4.3594  loss_ugsa: 11.4710
2026/02/18 19:04:03 - mmengine - INFO - Epoch(train)  [85][300/782]  lr: 5.0000e-02  eta: 1:29:56  time: 0.0433  data_time: 0.0011  memory: 413  loss: 17.5846  loss_ori: 1.9267  loss_uatm: 4.5738  loss_ugsa: 11.0841
2026/02/18 19:04:04 - mmengine - INFO - Exp name: resnet32x4_resnet8x4_20260218_180916
2026/02/18 19:04:08 - mmengine - INFO - Epoch(train)  [85][400/782]  lr: 5.0000e-02  eta: 1:29:52  time: 0.0415  data_time: 0.0011  memory: 413  loss: 17.7837  loss_ori: 1.6978  loss_uatm: 4.4985  loss_ugsa: 11.5874
2026/02/18 19:04:13 - mmengine - INFO - Epoch(train)  [85][500/782]  lr: 5.0000e-02  eta: 1:29:48  time: 0.0663  data_time: 0.0013  memory: 413  loss: 18.2645  loss_ori: 1.7621  loss_uatm: 4.6165  loss_ugsa: 11.8860
2026/02/18 19:04:17 - mmengine - INFO - Epoch(train)  [85][600/782]  lr: 5.0000e-02  eta: 1:29:44  time: 0.0379  data_time: 0.0011  memory: 413  loss: 18.0835  loss_ori: 2.0742  loss_uatm: 4.6540  loss_ugsa: 11.3554
2026/02/18 19:04:22 - mmengine - INFO - Epoch(train)  [85][700/782]  lr: 5.0000e-02  eta: 1:29:39  time: 0.0403  data_time: 0.0011  memory: 413  loss: 18.0180  loss_ori: 1.9117  loss_uatm: 4.7385  loss_ugsa: 11.3677
2026/02/18 19:04:25 - mmengine - INFO - Exp name: resnet32x4_resnet8x4_20260218_180916
2026/02/18 19:04:27 - mmengine - INFO - Epoch(val)  [85][100/157]    eta: 0:00:01  time: 0.0423  data_time: 0.0005  memory: 413  
2026/02/18 19:04:29 - mmengine - INFO - Epoch(val) [85][157/157]    accuracy/top1: 61.4400  data_time: 0.0009  time: 0.0229
2026/02/18 19:04:33 - mmengine - INFO - Epoch(train)  [86][100/782]  lr: 5.0000e-02  eta: 1:29:31  time: 0.0460  data_time: 0.0012  memory: 413  loss: 18.1329  loss_ori: 2.1167  loss_uatm: 4.5960  loss_ugsa: 11.4202
2026/02/18 19:04:38 - mmengine - INFO - Epoch(train)  [86][200/782]  lr: 5.0000e-02  eta: 1:29:27  time: 0.0438  data_time: 0.0027  memory: 413  loss: 17.8192  loss_ori: 1.5654  loss_uatm: 4.5601  loss_ugsa: 11.6937
2026/02/18 19:04:43 - mmengine - INFO - Epoch(train)  [86][300/782]  lr: 5.0000e-02  eta: 1:29:23  time: 0.0455  data_time: 0.0013  memory: 413  loss: 17.2047  loss_ori: 1.9227  loss_uatm: 4.4098  loss_ugsa: 10.8722
2026/02/18 19:04:48 - mmengine - INFO - Epoch(train)  [86][400/782]  lr: 5.0000e-02  eta: 1:29:19  time: 0.0438  data_time: 0.0012  memory: 413  loss: 17.9218  loss_ori: 1.8764  loss_uatm: 4.4427  loss_ugsa: 11.6028
2026/02/18 19:04:52 - mmengine - INFO - Epoch(train)  [86][500/782]  lr: 5.0000e-02  eta: 1:29:15  time: 0.0693  data_time: 0.0019  memory: 413  loss: 18.2901  loss_ori: 2.1889  loss_uatm: 4.8221  loss_ugsa: 11.2790
2026/02/18 19:04:54 - mmengine - INFO - Exp name: resnet32x4_resnet8x4_20260218_180916
2026/02/18 19:04:57 - mmengine - INFO - Epoch(train)  [86][600/782]  lr: 5.0000e-02  eta: 1:29:11  time: 0.0441  data_time: 0.0011  memory: 413  loss: 18.4331  loss_ori: 1.8536  loss_uatm: 4.8149  loss_ugsa: 11.7646
2026/02/18 19:05:02 - mmengine - INFO - Epoch(train)  [86][700/782]  lr: 5.0000e-02  eta: 1:29:07  time: 0.0482  data_time: 0.0013  memory: 413  loss: 18.2487  loss_ori: 2.2445  loss_uatm: 4.7161  loss_ugsa: 11.2880
2026/02/18 19:05:05 - mmengine - INFO - Exp name: resnet32x4_resnet8x4_20260218_180916
2026/02/18 19:05:08 - mmengine - INFO - Epoch(val)  [86][100/157]    eta: 0:00:01  time: 0.0433  data_time: 0.0007  memory: 413  
2026/02/18 19:05:09 - mmengine - INFO - Epoch(val) [86][157/157]    accuracy/top1: 60.1600  data_time: 0.0009  time: 0.0234
2026/02/18 19:05:14 - mmengine - INFO - Epoch(train)  [87][100/782]  lr: 5.0000e-02  eta: 1:28:59  time: 0.0436  data_time: 0.0011  memory: 413  loss: 18.0553  loss_ori: 2.1226  loss_uatm: 4.1460  loss_ugsa: 11.7867
2026/02/18 19:05:18 - mmengine - INFO - Epoch(train)  [87][200/782]  lr: 5.0000e-02  eta: 1:28:55  time: 0.0410  data_time: 0.0020  memory: 413  loss: 18.2315  loss_ori: 2.2722  loss_uatm: 4.2746  loss_ugsa: 11.6847
2026/02/18 19:05:23 - mmengine - INFO - Epoch(train)  [87][300/782]  lr: 5.0000e-02  eta: 1:28:50  time: 0.0419  data_time: 0.0013  memory: 413  loss: 18.4612  loss_ori: 2.4186  loss_uatm: 4.6046  loss_ugsa: 11.4380
2026/02/18 19:05:27 - mmengine - INFO - Epoch(train)  [87][400/782]  lr: 5.0000e-02  eta: 1:28:46  time: 0.0462  data_time: 0.0016  memory: 413  loss: 17.9921  loss_ori: 2.3704  loss_uatm: 4.4501  loss_ugsa: 11.1717
2026/02/18 19:05:32 - mmengine - INFO - Epoch(train)  [87][500/782]  lr: 5.0000e-02  eta: 1:28:42  time: 0.0671  data_time: 0.0013  memory: 413  loss: 18.3402  loss_ori: 2.2213  loss_uatm: 4.6314  loss_ugsa: 11.4876
2026/02/18 19:05:36 - mmengine - INFO - Epoch(train)  [87][600/782]  lr: 5.0000e-02  eta: 1:28:37  time: 0.0427  data_time: 0.0012  memory: 413  loss: 18.2327  loss_ori: 1.7665  loss_uatm: 4.7544  loss_ugsa: 11.7119
2026/02/18 19:05:40 - mmengine - INFO - Epoch(train)  [87][700/782]  lr: 5.0000e-02  eta: 1:28:32  time: 0.0369  data_time: 0.0010  memory: 413  loss: 17.6974  loss_ori: 1.4895  loss_uatm: 4.5954  loss_ugsa: 11.6124
2026/02/18 19:05:42 - mmengine - INFO - Exp name: resnet32x4_resnet8x4_20260218_180916
2026/02/18 19:05:43 - mmengine - INFO - Exp name: resnet32x4_resnet8x4_20260218_180916
2026/02/18 19:05:46 - mmengine - INFO - Epoch(val)  [87][100/157]    eta: 0:00:01  time: 0.0440  data_time: 0.0006  memory: 413  
2026/02/18 19:05:47 - mmengine - INFO - Epoch(val) [87][157/157]    accuracy/top1: 62.1100  data_time: 0.0010  time: 0.0231
2026/02/18 19:05:52 - mmengine - INFO - Epoch(train)  [88][100/782]  lr: 5.0000e-02  eta: 1:28:23  time: 0.0457  data_time: 0.0021  memory: 413  loss: 18.2133  loss_ori: 2.3018  loss_uatm: 4.3555  loss_ugsa: 11.5561
2026/02/18 19:05:57 - mmengine - INFO - Epoch(train)  [88][200/782]  lr: 5.0000e-02  eta: 1:28:19  time: 0.0426  data_time: 0.0011  memory: 413  loss: 18.0217  loss_ori: 1.7342  loss_uatm: 4.5172  loss_ugsa: 11.7702
2026/02/18 19:06:01 - mmengine - INFO - Epoch(train)  [88][300/782]  lr: 5.0000e-02  eta: 1:28:15  time: 0.0405  data_time: 0.0011  memory: 413  loss: 16.9740  loss_ori: 1.8754  loss_uatm: 4.2700  loss_ugsa: 10.8286
2026/02/18 19:06:06 - mmengine - INFO - Epoch(train)  [88][400/782]  lr: 5.0000e-02  eta: 1:28:11  time: 0.0437  data_time: 0.0012  memory: 413  loss: 17.7194  loss_ori: 1.7886  loss_uatm: 4.3373  loss_ugsa: 11.5935
2026/02/18 19:06:10 - mmengine - INFO - Epoch(train)  [88][500/782]  lr: 5.0000e-02  eta: 1:28:06  time: 0.0427  data_time: 0.0011  memory: 413  loss: 18.7616  loss_ori: 1.6543  loss_uatm: 4.9072  loss_ugsa: 12.2000
2026/02/18 19:06:14 - mmengine - INFO - Epoch(train)  [88][600/782]  lr: 5.0000e-02  eta: 1:28:01  time: 0.0465  data_time: 0.0023  memory: 413  loss: 17.6021  loss_ori: 2.1485  loss_uatm: 4.4396  loss_ugsa: 11.0140
2026/02/18 19:06:19 - mmengine - INFO - Epoch(train)  [88][700/782]  lr: 5.0000e-02  eta: 1:27:57  time: 0.0356  data_time: 0.0011  memory: 413  loss: 18.4537  loss_ori: 2.0944  loss_uatm: 4.5119  loss_ugsa: 11.8474
2026/02/18 19:06:22 - mmengine - INFO - Exp name: resnet32x4_resnet8x4_20260218_180916
2026/02/18 19:06:25 - mmengine - INFO - Epoch(val)  [88][100/157]    eta: 0:00:01  time: 0.0448  data_time: 0.0006  memory: 413  
2026/02/18 19:06:26 - mmengine - INFO - Epoch(val) [88][157/157]    accuracy/top1: 63.9700  data_time: 0.0009  time: 0.0235
2026/02/18 19:06:26 - mmengine - INFO - The previous best checkpoint /root/autodl-tmp/mmcls/work_dirs/cifar100/resnet32x4_resnet8x4/UATM+UGSA_temp=4.0_loss_weight=15.0+loss_weight=1.0_1/best_accuracy_top1_epoch_67.pth is removed
2026/02/18 19:06:27 - mmengine - INFO - The best checkpoint with 63.9700 accuracy/top1 at 88 epoch is saved to best_accuracy_top1_epoch_88.pth.
2026/02/18 19:06:32 - mmengine - INFO - Epoch(train)  [89][100/782]  lr: 5.0000e-02  eta: 1:27:49  time: 0.0467  data_time: 0.0014  memory: 413  loss: 18.1485  loss_ori: 2.1603  loss_uatm: 4.4252  loss_ugsa: 11.5630
2026/02/18 19:06:36 - mmengine - INFO - Exp name: resnet32x4_resnet8x4_20260218_180916
2026/02/18 19:06:37 - mmengine - INFO - Epoch(train)  [89][200/782]  lr: 5.0000e-02  eta: 1:27:45  time: 0.0452  data_time: 0.0019  memory: 413  loss: 17.6981  loss_ori: 1.6428  loss_uatm: 4.5450  loss_ugsa: 11.5103
2026/02/18 19:06:41 - mmengine - INFO - Epoch(train)  [89][300/782]  lr: 5.0000e-02  eta: 1:27:41  time: 0.0419  data_time: 0.0016  memory: 413  loss: 18.1529  loss_ori: 2.0827  loss_uatm: 4.3134  loss_ugsa: 11.7567
2026/02/18 19:06:46 - mmengine - INFO - Epoch(train)  [89][400/782]  lr: 5.0000e-02  eta: 1:27:36  time: 0.0421  data_time: 0.0012  memory: 413  loss: 18.8642  loss_ori: 1.8762  loss_uatm: 4.7667  loss_ugsa: 12.2213
2026/02/18 19:06:50 - mmengine - INFO - Epoch(train)  [89][500/782]  lr: 5.0000e-02  eta: 1:27:32  time: 0.0469  data_time: 0.0012  memory: 413  loss: 17.9037  loss_ori: 1.7277  loss_uatm: 4.5861  loss_ugsa: 11.5900
2026/02/18 19:06:55 - mmengine - INFO - Epoch(train)  [89][600/782]  lr: 5.0000e-02  eta: 1:27:28  time: 0.0433  data_time: 0.0011  memory: 413  loss: 18.4829  loss_ori: 2.2891  loss_uatm: 4.5171  loss_ugsa: 11.6767
2026/02/18 19:07:00 - mmengine - INFO - Epoch(train)  [89][700/782]  lr: 5.0000e-02  eta: 1:27:24  time: 0.0431  data_time: 0.0013  memory: 413  loss: 17.5161  loss_ori: 1.9284  loss_uatm: 4.3573  loss_ugsa: 11.2303
2026/02/18 19:07:03 - mmengine - INFO - Exp name: resnet32x4_resnet8x4_20260218_180916
2026/02/18 19:07:06 - mmengine - INFO - Epoch(val)  [89][100/157]    eta: 0:00:01  time: 0.0405  data_time: 0.0005  memory: 413  
2026/02/18 19:07:07 - mmengine - INFO - Epoch(val) [89][157/157]    accuracy/top1: 63.7800  data_time: 0.0008  time: 0.0227
2026/02/18 19:07:12 - mmengine - INFO - Epoch(train)  [90][100/782]  lr: 5.0000e-02  eta: 1:27:17  time: 0.0451  data_time: 0.0015  memory: 413  loss: 18.2820  loss_ori: 2.2165  loss_uatm: 4.4623  loss_ugsa: 11.6032
2026/02/18 19:07:16 - mmengine - INFO - Epoch(train)  [90][200/782]  lr: 5.0000e-02  eta: 1:27:12  time: 0.0424  data_time: 0.0012  memory: 413  loss: 17.8340  loss_ori: 1.9808  loss_uatm: 4.3832  loss_ugsa: 11.4700
2026/02/18 19:07:21 - mmengine - INFO - Epoch(train)  [90][300/782]  lr: 5.0000e-02  eta: 1:27:08  time: 0.0461  data_time: 0.0012  memory: 413  loss: 18.2190  loss_ori: 2.1059  loss_uatm: 4.6829  loss_ugsa: 11.4301
2026/02/18 19:07:25 - mmengine - INFO - Epoch(train)  [90][400/782]  lr: 5.0000e-02  eta: 1:27:04  time: 0.0427  data_time: 0.0015  memory: 413  loss: 17.2567  loss_ori: 2.2413  loss_uatm: 4.3026  loss_ugsa: 10.7128
2026/02/18 19:07:26 - mmengine - INFO - Exp name: resnet32x4_resnet8x4_20260218_180916
2026/02/18 19:07:30 - mmengine - INFO - Epoch(train)  [90][500/782]  lr: 5.0000e-02  eta: 1:26:59  time: 0.0432  data_time: 0.0009  memory: 413  loss: 18.3797  loss_ori: 2.2626  loss_uatm: 4.5703  loss_ugsa: 11.5468
2026/02/18 19:07:34 - mmengine - INFO - Epoch(train)  [90][600/782]  lr: 5.0000e-02  eta: 1:26:55  time: 0.0451  data_time: 0.0013  memory: 413  loss: 17.8754  loss_ori: 1.7040  loss_uatm: 4.4820  loss_ugsa: 11.6895
2026/02/18 19:07:39 - mmengine - INFO - Epoch(train)  [90][700/782]  lr: 5.0000e-02  eta: 1:26:50  time: 0.0411  data_time: 0.0016  memory: 413  loss: 17.9695  loss_ori: 1.8415  loss_uatm: 4.3519  loss_ugsa: 11.7762
2026/02/18 19:07:42 - mmengine - INFO - Exp name: resnet32x4_resnet8x4_20260218_180916
2026/02/18 19:07:45 - mmengine - INFO - Epoch(val)  [90][100/157]    eta: 0:00:01  time: 0.0211  data_time: 0.0005  memory: 413  
2026/02/18 19:07:46 - mmengine - INFO - Epoch(val) [90][157/157]    accuracy/top1: 57.9700  data_time: 0.0009  time: 0.0228
2026/02/18 19:07:51 - mmengine - INFO - Epoch(train)  [91][100/782]  lr: 5.0000e-02  eta: 1:26:42  time: 0.0436  data_time: 0.0013  memory: 413  loss: 17.7683  loss_ori: 2.2664  loss_uatm: 4.2032  loss_ugsa: 11.2987
2026/02/18 19:07:55 - mmengine - INFO - Epoch(train)  [91][200/782]  lr: 5.0000e-02  eta: 1:26:38  time: 0.0426  data_time: 0.0012  memory: 413  loss: 17.9043  loss_ori: 1.9332  loss_uatm: 4.4875  loss_ugsa: 11.4836
2026/02/18 19:08:00 - mmengine - INFO - Epoch(train)  [91][300/782]  lr: 5.0000e-02  eta: 1:26:33  time: 0.0445  data_time: 0.0013  memory: 413  loss: 18.2829  loss_ori: 2.3906  loss_uatm: 4.3289  loss_ugsa: 11.5634
2026/02/18 19:08:04 - mmengine - INFO - Epoch(train)  [91][400/782]  lr: 5.0000e-02  eta: 1:26:29  time: 0.0423  data_time: 0.0011  memory: 413  loss: 18.1884  loss_ori: 2.2760  loss_uatm: 4.3537  loss_ugsa: 11.5588
2026/02/18 19:08:09 - mmengine - INFO - Epoch(train)  [91][500/782]  lr: 5.0000e-02  eta: 1:26:25  time: 0.0421  data_time: 0.0011  memory: 413  loss: 18.1725  loss_ori: 2.1816  loss_uatm: 4.5964  loss_ugsa: 11.3945
2026/02/18 19:08:13 - mmengine - INFO - Epoch(train)  [91][600/782]  lr: 5.0000e-02  eta: 1:26:21  time: 0.0475  data_time: 0.0013  memory: 413  loss: 17.8524  loss_ori: 2.2072  loss_uatm: 4.5402  loss_ugsa: 11.1050
2026/02/18 19:08:14 - mmengine - INFO - Exp name: resnet32x4_resnet8x4_20260218_180916
2026/02/18 19:08:18 - mmengine - INFO - Epoch(train)  [91][700/782]  lr: 5.0000e-02  eta: 1:26:17  time: 0.0460  data_time: 0.0012  memory: 413  loss: 18.0792  loss_ori: 2.0999  loss_uatm: 4.4919  loss_ugsa: 11.4875
2026/02/18 19:08:22 - mmengine - INFO - Exp name: resnet32x4_resnet8x4_20260218_180916
2026/02/18 19:08:24 - mmengine - INFO - Epoch(val)  [91][100/157]    eta: 0:00:01  time: 0.0206  data_time: 0.0006  memory: 413  
2026/02/18 19:08:26 - mmengine - INFO - Epoch(val) [91][157/157]    accuracy/top1: 59.2300  data_time: 0.0010  time: 0.0236
2026/02/18 19:08:30 - mmengine - INFO - Epoch(train)  [92][100/782]  lr: 5.0000e-02  eta: 1:26:08  time: 0.0367  data_time: 0.0011  memory: 413  loss: 17.7087  loss_ori: 2.2082  loss_uatm: 4.4346  loss_ugsa: 11.0660
2026/02/18 19:08:34 - mmengine - INFO - Epoch(train)  [92][200/782]  lr: 5.0000e-02  eta: 1:26:03  time: 0.0355  data_time: 0.0011  memory: 413  loss: 18.4075  loss_ori: 2.1312  loss_uatm: 4.3853  loss_ugsa: 11.8910
2026/02/18 19:08:38 - mmengine - INFO - Epoch(train)  [92][300/782]  lr: 5.0000e-02  eta: 1:25:58  time: 0.0433  data_time: 0.0012  memory: 413  loss: 17.7792  loss_ori: 2.1242  loss_uatm: 4.5215  loss_ugsa: 11.1335
2026/02/18 19:08:43 - mmengine - INFO - Epoch(train)  [92][400/782]  lr: 5.0000e-02  eta: 1:25:54  time: 0.0437  data_time: 0.0016  memory: 413  loss: 18.4981  loss_ori: 1.9682  loss_uatm: 4.5650  loss_ugsa: 11.9649
2026/02/18 19:08:48 - mmengine - INFO - Epoch(train)  [92][500/782]  lr: 5.0000e-02  eta: 1:25:50  time: 0.0433  data_time: 0.0011  memory: 413  loss: 18.2419  loss_ori: 2.1941  loss_uatm: 4.5668  loss_ugsa: 11.4810
2026/02/18 19:08:52 - mmengine - INFO - Epoch(train)  [92][600/782]  lr: 5.0000e-02  eta: 1:25:45  time: 0.0413  data_time: 0.0011  memory: 413  loss: 18.5431  loss_ori: 2.1606  loss_uatm: 4.6300  loss_ugsa: 11.7525
2026/02/18 19:08:57 - mmengine - INFO - Epoch(train)  [92][700/782]  lr: 5.0000e-02  eta: 1:25:41  time: 0.0447  data_time: 0.0011  memory: 413  loss: 18.1189  loss_ori: 2.0516  loss_uatm: 4.4903  loss_ugsa: 11.5770
2026/02/18 19:09:00 - mmengine - INFO - Exp name: resnet32x4_resnet8x4_20260218_180916
2026/02/18 19:09:02 - mmengine - INFO - Epoch(val)  [92][100/157]    eta: 0:00:01  time: 0.0159  data_time: 0.0005  memory: 413  
2026/02/18 19:09:04 - mmengine - INFO - Epoch(val) [92][157/157]    accuracy/top1: 62.4500  data_time: 0.0008  time: 0.0218
2026/02/18 19:09:07 - mmengine - INFO - Exp name: resnet32x4_resnet8x4_20260218_180916
2026/02/18 19:09:08 - mmengine - INFO - Epoch(train)  [93][100/782]  lr: 5.0000e-02  eta: 1:25:33  time: 0.0428  data_time: 0.0012  memory: 413  loss: 18.0755  loss_ori: 2.1973  loss_uatm: 4.5051  loss_ugsa: 11.3731
2026/02/18 19:09:13 - mmengine - INFO - Epoch(train)  [93][200/782]  lr: 5.0000e-02  eta: 1:25:29  time: 0.0461  data_time: 0.0018  memory: 413  loss: 18.1685  loss_ori: 2.2031  loss_uatm: 4.6127  loss_ugsa: 11.3526
2026/02/18 19:09:18 - mmengine - INFO - Epoch(train)  [93][300/782]  lr: 5.0000e-02  eta: 1:25:24  time: 0.0438  data_time: 0.0011  memory: 413  loss: 17.9884  loss_ori: 1.9955  loss_uatm: 4.5685  loss_ugsa: 11.4243
2026/02/18 19:09:22 - mmengine - INFO - Epoch(train)  [93][400/782]  lr: 5.0000e-02  eta: 1:25:20  time: 0.0426  data_time: 0.0011  memory: 413  loss: 18.0776  loss_ori: 1.9057  loss_uatm: 4.6268  loss_ugsa: 11.5451
2026/02/18 19:09:27 - mmengine - INFO - Epoch(train)  [93][500/782]  lr: 5.0000e-02  eta: 1:25:16  time: 0.0452  data_time: 0.0011  memory: 413  loss: 18.0771  loss_ori: 2.1636  loss_uatm: 4.5572  loss_ugsa: 11.3564
2026/02/18 19:09:31 - mmengine - INFO - Epoch(train)  [93][600/782]  lr: 5.0000e-02  eta: 1:25:11  time: 0.0391  data_time: 0.0010  memory: 413  loss: 18.1594  loss_ori: 2.6439  loss_uatm: 4.5062  loss_ugsa: 11.0093
2026/02/18 19:09:36 - mmengine - INFO - Epoch(train)  [93][700/782]  lr: 5.0000e-02  eta: 1:25:07  time: 0.0434  data_time: 0.0010  memory: 413  loss: 17.9606  loss_ori: 2.0099  loss_uatm: 4.4498  loss_ugsa: 11.5010
2026/02/18 19:09:39 - mmengine - INFO - Exp name: resnet32x4_resnet8x4_20260218_180916
2026/02/18 19:09:42 - mmengine - INFO - Epoch(val)  [93][100/157]    eta: 0:00:01  time: 0.0166  data_time: 0.0005  memory: 413  
2026/02/18 19:09:43 - mmengine - INFO - Epoch(val) [93][157/157]    accuracy/top1: 59.1400  data_time: 0.0009  time: 0.0212
2026/02/18 19:09:48 - mmengine - INFO - Epoch(train)  [94][100/782]  lr: 5.0000e-02  eta: 1:24:59  time: 0.0463  data_time: 0.0023  memory: 413  loss: 17.2024  loss_ori: 1.5596  loss_uatm: 4.5064  loss_ugsa: 11.1364
2026/02/18 19:09:52 - mmengine - INFO - Epoch(train)  [94][200/782]  lr: 5.0000e-02  eta: 1:24:55  time: 0.0374  data_time: 0.0024  memory: 413  loss: 18.0329  loss_ori: 2.1329  loss_uatm: 4.3631  loss_ugsa: 11.5369
2026/02/18 19:09:55 - mmengine - INFO - Exp name: resnet32x4_resnet8x4_20260218_180916
2026/02/18 19:09:57 - mmengine - INFO - Epoch(train)  [94][300/782]  lr: 5.0000e-02  eta: 1:24:51  time: 0.0453  data_time: 0.0014  memory: 413  loss: 18.0700  loss_ori: 2.1559  loss_uatm: 4.5577  loss_ugsa: 11.3563
2026/02/18 19:10:01 - mmengine - INFO - Epoch(train)  [94][400/782]  lr: 5.0000e-02  eta: 1:24:46  time: 0.0418  data_time: 0.0011  memory: 413  loss: 17.3400  loss_ori: 1.9584  loss_uatm: 4.4587  loss_ugsa: 10.9230
2026/02/18 19:10:06 - mmengine - INFO - Epoch(train)  [94][500/782]  lr: 5.0000e-02  eta: 1:24:42  time: 0.0436  data_time: 0.0014  memory: 413  loss: 18.3195  loss_ori: 2.1075  loss_uatm: 4.5532  loss_ugsa: 11.6588
2026/02/18 19:10:10 - mmengine - INFO - Epoch(train)  [94][600/782]  lr: 5.0000e-02  eta: 1:24:38  time: 0.0441  data_time: 0.0012  memory: 413  loss: 18.0172  loss_ori: 2.1770  loss_uatm: 4.4566  loss_ugsa: 11.3836
2026/02/18 19:10:15 - mmengine - INFO - Epoch(train)  [94][700/782]  lr: 5.0000e-02  eta: 1:24:34  time: 0.0436  data_time: 0.0011  memory: 413  loss: 18.6364  loss_ori: 2.2860  loss_uatm: 4.7711  loss_ugsa: 11.5793
2026/02/18 19:10:19 - mmengine - INFO - Exp name: resnet32x4_resnet8x4_20260218_180916
2026/02/18 19:10:21 - mmengine - INFO - Epoch(val)  [94][100/157]    eta: 0:00:01  time: 0.0212  data_time: 0.0005  memory: 413  
2026/02/18 19:10:23 - mmengine - INFO - Epoch(val) [94][157/157]    accuracy/top1: 55.5100  data_time: 0.0009  time: 0.0235
2026/02/18 19:10:27 - mmengine - INFO - Epoch(train)  [95][100/782]  lr: 5.0000e-02  eta: 1:24:26  time: 0.0448  data_time: 0.0013  memory: 413  loss: 17.7959  loss_ori: 2.0488  loss_uatm: 4.4141  loss_ugsa: 11.3330
2026/02/18 19:10:32 - mmengine - INFO - Epoch(train)  [95][200/782]  lr: 5.0000e-02  eta: 1:24:22  time: 0.0478  data_time: 0.0014  memory: 413  loss: 18.0739  loss_ori: 2.1340  loss_uatm: 4.4802  loss_ugsa: 11.4597
2026/02/18 19:10:36 - mmengine - INFO - Epoch(train)  [95][300/782]  lr: 5.0000e-02  eta: 1:24:17  time: 0.0567  data_time: 0.0012  memory: 413  loss: 17.5163  loss_ori: 2.0472  loss_uatm: 4.5233  loss_ugsa: 10.9457
2026/02/18 19:10:41 - mmengine - INFO - Epoch(train)  [95][400/782]  lr: 5.0000e-02  eta: 1:24:13  time: 0.0440  data_time: 0.0013  memory: 413  loss: 17.6474  loss_ori: 2.2651  loss_uatm: 4.3397  loss_ugsa: 11.0426
2026/02/18 19:10:45 - mmengine - INFO - Exp name: resnet32x4_resnet8x4_20260218_180916
2026/02/18 19:10:45 - mmengine - INFO - Epoch(train)  [95][500/782]  lr: 5.0000e-02  eta: 1:24:08  time: 0.0401  data_time: 0.0012  memory: 413  loss: 18.4805  loss_ori: 2.2737  loss_uatm: 4.3601  loss_ugsa: 11.8467
2026/02/18 19:10:50 - mmengine - INFO - Epoch(train)  [95][600/782]  lr: 5.0000e-02  eta: 1:24:04  time: 0.0653  data_time: 0.0012  memory: 413  loss: 18.0461  loss_ori: 1.9553  loss_uatm: 4.6080  loss_ugsa: 11.4828
2026/02/18 19:10:54 - mmengine - INFO - Epoch(train)  [95][700/782]  lr: 5.0000e-02  eta: 1:23:59  time: 0.0370  data_time: 0.0021  memory: 413  loss: 17.5840  loss_ori: 2.3162  loss_uatm: 4.3124  loss_ugsa: 10.9554
2026/02/18 19:10:57 - mmengine - INFO - Exp name: resnet32x4_resnet8x4_20260218_180916
2026/02/18 19:11:00 - mmengine - INFO - Epoch(val)  [95][100/157]    eta: 0:00:01  time: 0.0206  data_time: 0.0005  memory: 413  
2026/02/18 19:11:01 - mmengine - INFO - Epoch(val) [95][157/157]    accuracy/top1: 61.1800  data_time: 0.0009  time: 0.0227
2026/02/18 19:11:06 - mmengine - INFO - Epoch(train)  [96][100/782]  lr: 5.0000e-02  eta: 1:23:51  time: 0.0468  data_time: 0.0012  memory: 413  loss: 17.3234  loss_ori: 2.1763  loss_uatm: 4.4392  loss_ugsa: 10.7079
2026/02/18 19:11:11 - mmengine - INFO - Epoch(train)  [96][200/782]  lr: 5.0000e-02  eta: 1:23:47  time: 0.0469  data_time: 0.0016  memory: 413  loss: 17.3479  loss_ori: 1.9047  loss_uatm: 4.4462  loss_ugsa: 10.9970
2026/02/18 19:11:15 - mmengine - INFO - Epoch(train)  [96][300/782]  lr: 5.0000e-02  eta: 1:23:43  time: 0.0628  data_time: 0.0018  memory: 413  loss: 17.3705  loss_ori: 1.9410  loss_uatm: 4.2438  loss_ugsa: 11.1857
2026/02/18 19:11:20 - mmengine - INFO - Epoch(train)  [96][400/782]  lr: 5.0000e-02  eta: 1:23:38  time: 0.0482  data_time: 0.0014  memory: 413  loss: 17.8723  loss_ori: 2.1656  loss_uatm: 4.6100  loss_ugsa: 11.0967
2026/02/18 19:11:24 - mmengine - INFO - Epoch(train)  [96][500/782]  lr: 5.0000e-02  eta: 1:23:34  time: 0.0447  data_time: 0.0013  memory: 413  loss: 18.2637  loss_ori: 2.4219  loss_uatm: 4.4728  loss_ugsa: 11.3690
2026/02/18 19:11:29 - mmengine - INFO - Epoch(train)  [96][600/782]  lr: 5.0000e-02  eta: 1:23:30  time: 0.0676  data_time: 0.0013  memory: 413  loss: 18.0675  loss_ori: 1.6495  loss_uatm: 4.7773  loss_ugsa: 11.6406
2026/02/18 19:11:34 - mmengine - INFO - Epoch(train)  [96][700/782]  lr: 5.0000e-02  eta: 1:23:26  time: 0.0438  data_time: 0.0013  memory: 413  loss: 17.5340  loss_ori: 2.0800  loss_uatm: 4.4868  loss_ugsa: 10.9672
2026/02/18 19:11:34 - mmengine - INFO - Exp name: resnet32x4_resnet8x4_20260218_180916
2026/02/18 19:11:37 - mmengine - INFO - Exp name: resnet32x4_resnet8x4_20260218_180916
2026/02/18 19:11:40 - mmengine - INFO - Epoch(val)  [96][100/157]    eta: 0:00:01  time: 0.0192  data_time: 0.0006  memory: 413  
2026/02/18 19:11:41 - mmengine - INFO - Epoch(val) [96][157/157]    accuracy/top1: 63.4300  data_time: 0.0008  time: 0.0236
2026/02/18 19:11:46 - mmengine - INFO - Epoch(train)  [97][100/782]  lr: 5.0000e-02  eta: 1:23:18  time: 0.0423  data_time: 0.0011  memory: 413  loss: 17.6647  loss_ori: 1.8693  loss_uatm: 4.4032  loss_ugsa: 11.3922
2026/02/18 19:11:50 - mmengine - INFO - Epoch(train)  [97][200/782]  lr: 5.0000e-02  eta: 1:23:13  time: 0.0415  data_time: 0.0008  memory: 413  loss: 17.9153  loss_ori: 2.1667  loss_uatm: 4.6814  loss_ugsa: 11.0672
2026/02/18 19:11:54 - mmengine - INFO - Epoch(train)  [97][300/782]  lr: 5.0000e-02  eta: 1:23:08  time: 0.0583  data_time: 0.0010  memory: 413  loss: 18.6336  loss_ori: 1.8655  loss_uatm: 4.6326  loss_ugsa: 12.1355
2026/02/18 19:11:59 - mmengine - INFO - Epoch(train)  [97][400/782]  lr: 5.0000e-02  eta: 1:23:04  time: 0.0402  data_time: 0.0012  memory: 413  loss: 18.1179  loss_ori: 2.1493  loss_uatm: 4.5977  loss_ugsa: 11.3709
2026/02/18 19:12:04 - mmengine - INFO - Epoch(train)  [97][500/782]  lr: 5.0000e-02  eta: 1:23:00  time: 0.0459  data_time: 0.0013  memory: 413  loss: 17.8145  loss_ori: 2.2709  loss_uatm: 4.5772  loss_ugsa: 10.9663
2026/02/18 19:12:08 - mmengine - INFO - Epoch(train)  [97][600/782]  lr: 5.0000e-02  eta: 1:22:56  time: 0.0440  data_time: 0.0017  memory: 413  loss: 18.3395  loss_ori: 2.0332  loss_uatm: 4.7878  loss_ugsa: 11.5184
2026/02/18 19:12:12 - mmengine - INFO - Epoch(train)  [97][700/782]  lr: 5.0000e-02  eta: 1:22:51  time: 0.0415  data_time: 0.0011  memory: 413  loss: 17.5465  loss_ori: 1.8350  loss_uatm: 4.4407  loss_ugsa: 11.2709
2026/02/18 19:12:16 - mmengine - INFO - Exp name: resnet32x4_resnet8x4_20260218_180916
2026/02/18 19:12:19 - mmengine - INFO - Epoch(val)  [97][100/157]    eta: 0:00:01  time: 0.0198  data_time: 0.0005  memory: 413  
2026/02/18 19:12:20 - mmengine - INFO - Epoch(val) [97][157/157]    accuracy/top1: 62.1800  data_time: 0.0008  time: 0.0234
2026/02/18 19:12:25 - mmengine - INFO - Epoch(train)  [98][100/782]  lr: 5.0000e-02  eta: 1:22:43  time: 0.0445  data_time: 0.0012  memory: 413  loss: 17.2882  loss_ori: 1.9005  loss_uatm: 4.3772  loss_ugsa: 11.0104
2026/02/18 19:12:27 - mmengine - INFO - Exp name: resnet32x4_resnet8x4_20260218_180916
2026/02/18 19:12:29 - mmengine - INFO - Epoch(train)  [98][200/782]  lr: 5.0000e-02  eta: 1:22:39  time: 0.0422  data_time: 0.0011  memory: 413  loss: 18.0544  loss_ori: 2.1465  loss_uatm: 4.4674  loss_ugsa: 11.4405
2026/02/18 19:12:34 - mmengine - INFO - Epoch(train)  [98][300/782]  lr: 5.0000e-02  eta: 1:22:34  time: 0.0470  data_time: 0.0021  memory: 413  loss: 17.3816  loss_ori: 2.2501  loss_uatm: 4.2271  loss_ugsa: 10.9043
2026/02/18 19:12:38 - mmengine - INFO - Epoch(train)  [98][400/782]  lr: 5.0000e-02  eta: 1:22:30  time: 0.0439  data_time: 0.0015  memory: 413  loss: 17.8382  loss_ori: 2.1525  loss_uatm: 4.4044  loss_ugsa: 11.2814
2026/02/18 19:12:43 - mmengine - INFO - Epoch(train)  [98][500/782]  lr: 5.0000e-02  eta: 1:22:26  time: 0.0441  data_time: 0.0014  memory: 413  loss: 18.0825  loss_ori: 2.1832  loss_uatm: 4.4048  loss_ugsa: 11.4945
2026/02/18 19:12:48 - mmengine - INFO - Epoch(train)  [98][600/782]  lr: 5.0000e-02  eta: 1:22:22  time: 0.0665  data_time: 0.0013  memory: 413  loss: 17.7274  loss_ori: 1.8654  loss_uatm: 4.5335  loss_ugsa: 11.3284
2026/02/18 19:12:52 - mmengine - INFO - Epoch(train)  [98][700/782]  lr: 5.0000e-02  eta: 1:22:17  time: 0.0407  data_time: 0.0017  memory: 413  loss: 17.2893  loss_ori: 1.6311  loss_uatm: 4.6141  loss_ugsa: 11.0441
2026/02/18 19:12:56 - mmengine - INFO - Exp name: resnet32x4_resnet8x4_20260218_180916
2026/02/18 19:12:58 - mmengine - INFO - Epoch(val)  [98][100/157]    eta: 0:00:01  time: 0.0210  data_time: 0.0005  memory: 413  
2026/02/18 19:13:00 - mmengine - INFO - Epoch(val) [98][157/157]    accuracy/top1: 61.4500  data_time: 0.0008  time: 0.0239
2026/02/18 19:13:05 - mmengine - INFO - Epoch(train)  [99][100/782]  lr: 5.0000e-02  eta: 1:22:10  time: 0.0471  data_time: 0.0013  memory: 413  loss: 18.0349  loss_ori: 2.4306  loss_uatm: 4.3637  loss_ugsa: 11.2405
2026/02/18 19:13:09 - mmengine - INFO - Epoch(train)  [99][200/782]  lr: 5.0000e-02  eta: 1:22:06  time: 0.0436  data_time: 0.0013  memory: 413  loss: 17.8761  loss_ori: 1.8578  loss_uatm: 4.3882  loss_ugsa: 11.6302
2026/02/18 19:13:14 - mmengine - INFO - Epoch(train)  [99][300/782]  lr: 5.0000e-02  eta: 1:22:01  time: 0.0446  data_time: 0.0012  memory: 413  loss: 17.6386  loss_ori: 1.8375  loss_uatm: 4.3872  loss_ugsa: 11.4138
2026/02/18 19:13:17 - mmengine - INFO - Exp name: resnet32x4_resnet8x4_20260218_180916
2026/02/18 19:13:18 - mmengine - INFO - Epoch(train)  [99][400/782]  lr: 5.0000e-02  eta: 1:21:57  time: 0.0441  data_time: 0.0012  memory: 413  loss: 18.0832  loss_ori: 1.8838  loss_uatm: 4.4532  loss_ugsa: 11.7462
2026/02/18 19:13:23 - mmengine - INFO - Epoch(train)  [99][500/782]  lr: 5.0000e-02  eta: 1:21:53  time: 0.0437  data_time: 0.0013  memory: 413  loss: 17.8844  loss_ori: 1.4050  loss_uatm: 4.6323  loss_ugsa: 11.8470
2026/02/18 19:13:28 - mmengine - INFO - Epoch(train)  [99][600/782]  lr: 5.0000e-02  eta: 1:21:49  time: 0.0452  data_time: 0.0012  memory: 413  loss: 18.0878  loss_ori: 2.3322  loss_uatm: 4.8241  loss_ugsa: 10.9315
2026/02/18 19:13:32 - mmengine - INFO - Epoch(train)  [99][700/782]  lr: 5.0000e-02  eta: 1:21:44  time: 0.0444  data_time: 0.0012  memory: 413  loss: 17.9127  loss_ori: 2.4910  loss_uatm: 4.4831  loss_ugsa: 10.9385
2026/02/18 19:13:36 - mmengine - INFO - Exp name: resnet32x4_resnet8x4_20260218_180916
2026/02/18 19:13:38 - mmengine - INFO - Epoch(val)  [99][100/157]    eta: 0:00:01  time: 0.0200  data_time: 0.0005  memory: 413  
2026/02/18 19:13:40 - mmengine - INFO - Epoch(val) [99][157/157]    accuracy/top1: 63.7900  data_time: 0.0008  time: 0.0229
2026/02/18 19:13:44 - mmengine - INFO - Epoch(train) [100][100/782]  lr: 5.0000e-02  eta: 1:21:36  time: 0.0400  data_time: 0.0011  memory: 413  loss: 18.0691  loss_ori: 2.0840  loss_uatm: 4.4691  loss_ugsa: 11.5160
2026/02/18 19:13:49 - mmengine - INFO - Epoch(train) [100][200/782]  lr: 5.0000e-02  eta: 1:21:32  time: 0.0462  data_time: 0.0018  memory: 413  loss: 18.0391  loss_ori: 1.8130  loss_uatm: 4.5378  loss_ugsa: 11.6883
2026/02/18 19:13:53 - mmengine - INFO - Epoch(train) [100][300/782]  lr: 5.0000e-02  eta: 1:21:27  time: 0.0429  data_time: 0.0010  memory: 413  loss: 17.6869  loss_ori: 2.1225  loss_uatm: 4.2716  loss_ugsa: 11.2929
2026/02/18 19:13:58 - mmengine - INFO - Epoch(train) [100][400/782]  lr: 5.0000e-02  eta: 1:21:23  time: 0.0399  data_time: 0.0009  memory: 413  loss: 18.2854  loss_ori: 2.1552  loss_uatm: 4.2937  loss_ugsa: 11.8365
2026/02/18 19:14:02 - mmengine - INFO - Epoch(train) [100][500/782]  lr: 5.0000e-02  eta: 1:21:18  time: 0.0403  data_time: 0.0008  memory: 413  loss: 18.5324  loss_ori: 2.5272  loss_uatm: 4.5332  loss_ugsa: 11.4721
2026/02/18 19:14:05 - mmengine - INFO - Exp name: resnet32x4_resnet8x4_20260218_180916
2026/02/18 19:14:06 - mmengine - INFO - Epoch(train) [100][600/782]  lr: 5.0000e-02  eta: 1:21:14  time: 0.0693  data_time: 0.0013  memory: 413  loss: 18.7450  loss_ori: 2.1481  loss_uatm: 4.6259  loss_ugsa: 11.9710
2026/02/18 19:14:11 - mmengine - INFO - Epoch(train) [100][700/782]  lr: 5.0000e-02  eta: 1:21:09  time: 0.0414  data_time: 0.0013  memory: 413  loss: 17.9228  loss_ori: 2.3686  loss_uatm: 4.3174  loss_ugsa: 11.2368
2026/02/18 19:14:15 - mmengine - INFO - Exp name: resnet32x4_resnet8x4_20260218_180916
2026/02/18 19:14:17 - mmengine - INFO - Epoch(val) [100][100/157]    eta: 0:00:01  time: 0.0224  data_time: 0.0006  memory: 413  
2026/02/18 19:14:18 - mmengine - INFO - Epoch(val) [100][157/157]    accuracy/top1: 63.6700  data_time: 0.0008  time: 0.0232
2026/02/18 19:14:23 - mmengine - INFO - Epoch(train) [101][100/782]  lr: 5.0000e-02  eta: 1:21:02  time: 0.0462  data_time: 0.0020  memory: 413  loss: 17.8844  loss_ori: 2.2526  loss_uatm: 4.2388  loss_ugsa: 11.3931
2026/02/18 19:14:28 - mmengine - INFO - Epoch(train) [101][200/782]  lr: 5.0000e-02  eta: 1:20:58  time: 0.0410  data_time: 0.0016  memory: 413  loss: 17.8381  loss_ori: 2.5923  loss_uatm: 4.1425  loss_ugsa: 11.1033
2026/02/18 19:14:32 - mmengine - INFO - Epoch(train) [101][300/782]  lr: 5.0000e-02  eta: 1:20:53  time: 0.0442  data_time: 0.0017  memory: 413  loss: 18.5366  loss_ori: 1.8324  loss_uatm: 4.7899  loss_ugsa: 11.9143
2026/02/18 19:14:37 - mmengine - INFO - Epoch(train) [101][400/782]  lr: 5.0000e-02  eta: 1:20:49  time: 0.0429  data_time: 0.0012  memory: 413  loss: 17.9690  loss_ori: 1.7135  loss_uatm: 4.4725  loss_ugsa: 11.7830
2026/02/18 19:14:41 - mmengine - INFO - Epoch(train) [101][500/782]  lr: 5.0000e-02  eta: 1:20:45  time: 0.0426  data_time: 0.0016  memory: 413  loss: 17.4457  loss_ori: 2.0786  loss_uatm: 4.5034  loss_ugsa: 10.8637
2026/02/18 19:14:46 - mmengine - INFO - Epoch(train) [101][600/782]  lr: 5.0000e-02  eta: 1:20:40  time: 0.0458  data_time: 0.0018  memory: 413  loss: 17.3985  loss_ori: 1.8990  loss_uatm: 4.4875  loss_ugsa: 11.0120
2026/02/18 19:14:50 - mmengine - INFO - Epoch(train) [101][700/782]  lr: 5.0000e-02  eta: 1:20:36  time: 0.0448  data_time: 0.0013  memory: 413  loss: 18.1180  loss_ori: 2.2710  loss_uatm: 4.3998  loss_ugsa: 11.4472
2026/02/18 19:14:54 - mmengine - INFO - Exp name: resnet32x4_resnet8x4_20260218_180916
2026/02/18 19:14:57 - mmengine - INFO - Epoch(val) [101][100/157]    eta: 0:00:01  time: 0.0199  data_time: 0.0005  memory: 413  
2026/02/18 19:14:58 - mmengine - INFO - Epoch(val) [101][157/157]    accuracy/top1: 61.3900  data_time: 0.0010  time: 0.0230
2026/02/18 19:14:59 - mmengine - INFO - Exp name: resnet32x4_resnet8x4_20260218_180916
2026/02/18 19:15:03 - mmengine - INFO - Epoch(train) [102][100/782]  lr: 5.0000e-02  eta: 1:20:28  time: 0.0415  data_time: 0.0009  memory: 413  loss: 17.9305  loss_ori: 2.1507  loss_uatm: 4.5666  loss_ugsa: 11.2131
2026/02/18 19:15:06 - mmengine - INFO - Epoch(train) [102][200/782]  lr: 5.0000e-02  eta: 1:20:22  time: 0.0306  data_time: 0.0007  memory: 413  loss: 17.8987  loss_ori: 1.9320  loss_uatm: 4.5826  loss_ugsa: 11.3841
2026/02/18 19:15:11 - mmengine - INFO - Epoch(train) [102][300/782]  lr: 5.0000e-02  eta: 1:20:18  time: 0.0491  data_time: 0.0013  memory: 413  loss: 18.4209  loss_ori: 2.3758  loss_uatm: 4.5359  loss_ugsa: 11.5091
2026/02/18 19:15:15 - mmengine - INFO - Epoch(train) [102][400/782]  lr: 5.0000e-02  eta: 1:20:13  time: 0.0418  data_time: 0.0016  memory: 413  loss: 17.8047  loss_ori: 2.1684  loss_uatm: 4.4218  loss_ugsa: 11.2145
2026/02/18 19:15:20 - mmengine - INFO - Epoch(train) [102][500/782]  lr: 5.0000e-02  eta: 1:20:09  time: 0.0451  data_time: 0.0013  memory: 413  loss: 17.7384  loss_ori: 2.0918  loss_uatm: 4.3149  loss_ugsa: 11.3317
2026/02/18 19:15:24 - mmengine - INFO - Epoch(train) [102][600/782]  lr: 5.0000e-02  eta: 1:20:05  time: 0.0435  data_time: 0.0012  memory: 413  loss: 18.4512  loss_ori: 2.1865  loss_uatm: 4.6236  loss_ugsa: 11.6410
2026/02/18 19:15:28 - mmengine - INFO - Epoch(train) [102][700/782]  lr: 5.0000e-02  eta: 1:20:00  time: 0.0389  data_time: 0.0009  memory: 413  loss: 18.3209  loss_ori: 2.3946  loss_uatm: 4.6599  loss_ugsa: 11.2664
2026/02/18 19:15:32 - mmengine - INFO - Exp name: resnet32x4_resnet8x4_20260218_180916
2026/02/18 19:15:34 - mmengine - INFO - Epoch(val) [102][100/157]    eta: 0:00:01  time: 0.0210  data_time: 0.0005  memory: 413  
2026/02/18 19:15:36 - mmengine - INFO - Epoch(val) [102][157/157]    accuracy/top1: 64.2500  data_time: 0.0008  time: 0.0226
2026/02/18 19:15:36 - mmengine - INFO - The previous best checkpoint /root/autodl-tmp/mmcls/work_dirs/cifar100/resnet32x4_resnet8x4/UATM+UGSA_temp=4.0_loss_weight=15.0+loss_weight=1.0_1/best_accuracy_top1_epoch_88.pth is removed
2026/02/18 19:15:36 - mmengine - INFO - The best checkpoint with 64.2500 accuracy/top1 at 102 epoch is saved to best_accuracy_top1_epoch_102.pth.
2026/02/18 19:15:41 - mmengine - INFO - Epoch(train) [103][100/782]  lr: 5.0000e-02  eta: 1:19:51  time: 0.0594  data_time: 0.0011  memory: 413  loss: 18.4391  loss_ori: 2.0589  loss_uatm: 4.6422  loss_ugsa: 11.7380
2026/02/18 19:15:45 - mmengine - INFO - Epoch(train) [103][200/782]  lr: 5.0000e-02  eta: 1:19:47  time: 0.0396  data_time: 0.0018  memory: 413  loss: 17.8214  loss_ori: 1.7804  loss_uatm: 4.6440  loss_ugsa: 11.3970
2026/02/18 19:15:47 - mmengine - INFO - Exp name: resnet32x4_resnet8x4_20260218_180916
2026/02/18 19:15:50 - mmengine - INFO - Epoch(train) [103][300/782]  lr: 5.0000e-02  eta: 1:19:42  time: 0.0426  data_time: 0.0013  memory: 413  loss: 17.6987  loss_ori: 1.9935  loss_uatm: 4.4941  loss_ugsa: 11.2111
2026/02/18 19:15:54 - mmengine - INFO - Epoch(train) [103][400/782]  lr: 5.0000e-02  eta: 1:19:38  time: 0.0627  data_time: 0.0239  memory: 413  loss: 17.6298  loss_ori: 1.5433  loss_uatm: 4.6530  loss_ugsa: 11.4335
2026/02/18 19:15:59 - mmengine - INFO - Epoch(train) [103][500/782]  lr: 5.0000e-02  eta: 1:19:34  time: 0.0481  data_time: 0.0016  memory: 413  loss: 17.9103  loss_ori: 2.2710  loss_uatm: 4.5558  loss_ugsa: 11.0834
2026/02/18 19:16:04 - mmengine - INFO - Epoch(train) [103][600/782]  lr: 5.0000e-02  eta: 1:19:30  time: 0.0388  data_time: 0.0013  memory: 413  loss: 18.4142  loss_ori: 1.8083  loss_uatm: 4.4558  loss_ugsa: 12.1501
2026/02/18 19:16:08 - mmengine - INFO - Epoch(train) [103][700/782]  lr: 5.0000e-02  eta: 1:19:25  time: 0.0412  data_time: 0.0008  memory: 413  loss: 18.2609  loss_ori: 2.1020  loss_uatm: 4.6338  loss_ugsa: 11.5251
2026/02/18 19:16:11 - mmengine - INFO - Exp name: resnet32x4_resnet8x4_20260218_180916
2026/02/18 19:16:13 - mmengine - INFO - Epoch(val) [103][100/157]    eta: 0:00:01  time: 0.0198  data_time: 0.0004  memory: 413  
2026/02/18 19:16:15 - mmengine - INFO - Epoch(val) [103][157/157]    accuracy/top1: 63.7500  data_time: 0.0008  time: 0.0229
2026/02/18 19:16:20 - mmengine - INFO - Epoch(train) [104][100/782]  lr: 5.0000e-02  eta: 1:19:17  time: 0.0444  data_time: 0.0014  memory: 413  loss: 17.4243  loss_ori: 2.4262  loss_uatm: 4.2538  loss_ugsa: 10.7443
2026/02/18 19:16:24 - mmengine - INFO - Epoch(train) [104][200/782]  lr: 5.0000e-02  eta: 1:19:12  time: 0.0437  data_time: 0.0024  memory: 413  loss: 17.9029  loss_ori: 1.5726  loss_uatm: 4.5034  loss_ugsa: 11.8269
2026/02/18 19:16:29 - mmengine - INFO - Epoch(train) [104][300/782]  lr: 5.0000e-02  eta: 1:19:08  time: 0.0488  data_time: 0.0014  memory: 413  loss: 18.0662  loss_ori: 1.9145  loss_uatm: 4.3716  loss_ugsa: 11.7801
2026/02/18 19:16:33 - mmengine - INFO - Epoch(train) [104][400/782]  lr: 5.0000e-02  eta: 1:19:03  time: 0.0558  data_time: 0.0010  memory: 413  loss: 18.2803  loss_ori: 2.0193  loss_uatm: 4.7008  loss_ugsa: 11.5601
2026/02/18 19:16:35 - mmengine - INFO - Exp name: resnet32x4_resnet8x4_20260218_180916
2026/02/18 19:16:37 - mmengine - INFO - Epoch(train) [104][500/782]  lr: 5.0000e-02  eta: 1:18:58  time: 0.0416  data_time: 0.0018  memory: 413  loss: 18.1834  loss_ori: 2.1508  loss_uatm: 4.4891  loss_ugsa: 11.5434
2026/02/18 19:16:42 - mmengine - INFO - Epoch(train) [104][600/782]  lr: 5.0000e-02  eta: 1:18:54  time: 0.0452  data_time: 0.0012  memory: 413  loss: 17.9776  loss_ori: 2.2243  loss_uatm: 4.4391  loss_ugsa: 11.3142
2026/02/18 19:16:47 - mmengine - INFO - Epoch(train) [104][700/782]  lr: 5.0000e-02  eta: 1:18:50  time: 0.0463  data_time: 0.0013  memory: 413  loss: 17.6474  loss_ori: 2.4635  loss_uatm: 4.3854  loss_ugsa: 10.7984
2026/02/18 19:16:50 - mmengine - INFO - Exp name: resnet32x4_resnet8x4_20260218_180916
2026/02/18 19:16:53 - mmengine - INFO - Epoch(val) [104][100/157]    eta: 0:00:01  time: 0.0188  data_time: 0.0005  memory: 413  
2026/02/18 19:16:54 - mmengine - INFO - Epoch(val) [104][157/157]    accuracy/top1: 62.6500  data_time: 0.0008  time: 0.0232
2026/02/18 19:16:59 - mmengine - INFO - Epoch(train) [105][100/782]  lr: 5.0000e-02  eta: 1:18:43  time: 0.0688  data_time: 0.0015  memory: 413  loss: 17.5012  loss_ori: 1.9630  loss_uatm: 4.2924  loss_ugsa: 11.2458
2026/02/18 19:17:04 - mmengine - INFO - Epoch(train) [105][200/782]  lr: 5.0000e-02  eta: 1:18:38  time: 0.0426  data_time: 0.0012  memory: 413  loss: 17.9288  loss_ori: 2.3279  loss_uatm: 4.2114  loss_ugsa: 11.3895
2026/02/18 19:17:08 - mmengine - INFO - Epoch(train) [105][300/782]  lr: 5.0000e-02  eta: 1:18:34  time: 0.0426  data_time: 0.0012  memory: 413  loss: 18.2159  loss_ori: 1.7910  loss_uatm: 4.7164  loss_ugsa: 11.7085
2026/02/18 19:17:13 - mmengine - INFO - Epoch(train) [105][400/782]  lr: 5.0000e-02  eta: 1:18:29  time: 0.0437  data_time: 0.0013  memory: 413  loss: 17.8857  loss_ori: 2.0151  loss_uatm: 4.4323  loss_ugsa: 11.4383
2026/02/18 19:17:17 - mmengine - INFO - Epoch(train) [105][500/782]  lr: 5.0000e-02  eta: 1:18:24  time: 0.0375  data_time: 0.0009  memory: 413  loss: 17.9080  loss_ori: 2.2836  loss_uatm: 4.6876  loss_ugsa: 10.9368
2026/02/18 19:17:21 - mmengine - INFO - Epoch(train) [105][600/782]  lr: 5.0000e-02  eta: 1:18:20  time: 0.0467  data_time: 0.0013  memory: 413  loss: 17.5111  loss_ori: 2.3732  loss_uatm: 4.1446  loss_ugsa: 10.9933
2026/02/18 19:17:24 - mmengine - INFO - Exp name: resnet32x4_resnet8x4_20260218_180916
2026/02/18 19:17:26 - mmengine - INFO - Epoch(train) [105][700/782]  lr: 5.0000e-02  eta: 1:18:15  time: 0.0438  data_time: 0.0012  memory: 413  loss: 18.8198  loss_ori: 1.8795  loss_uatm: 4.7540  loss_ugsa: 12.1862
2026/02/18 19:17:29 - mmengine - INFO - Exp name: resnet32x4_resnet8x4_20260218_180916
2026/02/18 19:17:32 - mmengine - INFO - Epoch(val) [105][100/157]    eta: 0:00:01  time: 0.0197  data_time: 0.0005  memory: 413  
2026/02/18 19:17:33 - mmengine - INFO - Epoch(val) [105][157/157]    accuracy/top1: 62.3200  data_time: 0.0010  time: 0.0233
2026/02/18 19:17:38 - mmengine - INFO - Epoch(train) [106][100/782]  lr: 5.0000e-02  eta: 1:18:07  time: 0.0541  data_time: 0.0010  memory: 413  loss: 18.1240  loss_ori: 1.7842  loss_uatm: 4.5652  loss_ugsa: 11.7746
2026/02/18 19:17:42 - mmengine - INFO - Epoch(train) [106][200/782]  lr: 5.0000e-02  eta: 1:18:03  time: 0.0430  data_time: 0.0012  memory: 413  loss: 17.7169  loss_ori: 1.7185  loss_uatm: 4.4760  loss_ugsa: 11.5224
2026/02/18 19:17:47 - mmengine - INFO - Epoch(train) [106][300/782]  lr: 5.0000e-02  eta: 1:17:58  time: 0.0458  data_time: 0.0013  memory: 413  loss: 17.6457  loss_ori: 2.0572  loss_uatm: 4.3933  loss_ugsa: 11.1952
2026/02/18 19:17:51 - mmengine - INFO - Epoch(train) [106][400/782]  lr: 5.0000e-02  eta: 1:17:54  time: 0.0479  data_time: 0.0014  memory: 413  loss: 17.6395  loss_ori: 1.7280  loss_uatm: 4.5222  loss_ugsa: 11.3893
2026/02/18 19:17:56 - mmengine - INFO - Epoch(train) [106][500/782]  lr: 5.0000e-02  eta: 1:17:50  time: 0.0441  data_time: 0.0018  memory: 413  loss: 17.7726  loss_ori: 2.0783  loss_uatm: 4.5197  loss_ugsa: 11.1745
2026/02/18 19:18:01 - mmengine - INFO - Epoch(train) [106][600/782]  lr: 5.0000e-02  eta: 1:17:46  time: 0.0459  data_time: 0.0017  memory: 413  loss: 18.0761  loss_ori: 2.2671  loss_uatm: 4.4641  loss_ugsa: 11.3448
2026/02/18 19:18:05 - mmengine - INFO - Epoch(train) [106][700/782]  lr: 5.0000e-02  eta: 1:17:41  time: 0.0445  data_time: 0.0013  memory: 413  loss: 18.3982  loss_ori: 2.0646  loss_uatm: 4.6230  loss_ugsa: 11.7106
2026/02/18 19:18:09 - mmengine - INFO - Exp name: resnet32x4_resnet8x4_20260218_180916
2026/02/18 19:18:11 - mmengine - INFO - Epoch(val) [106][100/157]    eta: 0:00:01  time: 0.0164  data_time: 0.0004  memory: 413  
2026/02/18 19:18:12 - mmengine - INFO - Epoch(val) [106][157/157]    accuracy/top1: 61.6400  data_time: 0.0023  time: 0.0228
2026/02/18 19:18:17 - mmengine - INFO - Epoch(train) [107][100/782]  lr: 5.0000e-02  eta: 1:17:34  time: 0.0425  data_time: 0.0010  memory: 413  loss: 17.6017  loss_ori: 1.8871  loss_uatm: 4.3459  loss_ugsa: 11.3687
2026/02/18 19:18:18 - mmengine - INFO - Exp name: resnet32x4_resnet8x4_20260218_180916
2026/02/18 19:18:21 - mmengine - INFO - Epoch(train) [107][200/782]  lr: 5.0000e-02  eta: 1:17:29  time: 0.0403  data_time: 0.0008  memory: 413  loss: 18.0148  loss_ori: 2.2285  loss_uatm: 4.4648  loss_ugsa: 11.3215
2026/02/18 19:18:26 - mmengine - INFO - Epoch(train) [107][300/782]  lr: 5.0000e-02  eta: 1:17:24  time: 0.0451  data_time: 0.0019  memory: 413  loss: 17.7952  loss_ori: 1.7266  loss_uatm: 4.2974  loss_ugsa: 11.7712
2026/02/18 19:18:30 - mmengine - INFO - Epoch(train) [107][400/782]  lr: 5.0000e-02  eta: 1:17:20  time: 0.0482  data_time: 0.0012  memory: 413  loss: 17.5888  loss_ori: 1.7058  loss_uatm: 4.4003  loss_ugsa: 11.4827
2026/02/18 19:18:35 - mmengine - INFO - Epoch(train) [107][500/782]  lr: 5.0000e-02  eta: 1:17:16  time: 0.0443  data_time: 0.0016  memory: 413  loss: 18.4455  loss_ori: 2.2541  loss_uatm: 4.5958  loss_ugsa: 11.5956
2026/02/18 19:18:39 - mmengine - INFO - Epoch(train) [107][600/782]  lr: 5.0000e-02  eta: 1:17:11  time: 0.0440  data_time: 0.0011  memory: 413  loss: 17.9987  loss_ori: 2.1003  loss_uatm: 4.6202  loss_ugsa: 11.2782
2026/02/18 19:18:44 - mmengine - INFO - Epoch(train) [107][700/782]  lr: 5.0000e-02  eta: 1:17:07  time: 0.0661  data_time: 0.0026  memory: 413  loss: 17.5936  loss_ori: 1.9314  loss_uatm: 4.5455  loss_ugsa: 11.1167
2026/02/18 19:18:48 - mmengine - INFO - Exp name: resnet32x4_resnet8x4_20260218_180916
2026/02/18 19:18:50 - mmengine - INFO - Epoch(val) [107][100/157]    eta: 0:00:01  time: 0.0196  data_time: 0.0005  memory: 413  
2026/02/18 19:18:52 - mmengine - INFO - Epoch(val) [107][157/157]    accuracy/top1: 60.1500  data_time: 0.0009  time: 0.0231
2026/02/18 19:18:56 - mmengine - INFO - Epoch(train) [108][100/782]  lr: 5.0000e-02  eta: 1:16:59  time: 0.0383  data_time: 0.0012  memory: 413  loss: 17.5989  loss_ori: 1.9305  loss_uatm: 4.2068  loss_ugsa: 11.4616
2026/02/18 19:19:00 - mmengine - INFO - Epoch(train) [108][200/782]  lr: 5.0000e-02  eta: 1:16:54  time: 0.0413  data_time: 0.0011  memory: 413  loss: 17.5065  loss_ori: 1.6147  loss_uatm: 4.3434  loss_ugsa: 11.5484
2026/02/18 19:19:05 - mmengine - INFO - Epoch(train) [108][300/782]  lr: 5.0000e-02  eta: 1:16:50  time: 0.0442  data_time: 0.0012  memory: 413  loss: 17.9534  loss_ori: 1.8777  loss_uatm: 4.6511  loss_ugsa: 11.4246
2026/02/18 19:19:06 - mmengine - INFO - Exp name: resnet32x4_resnet8x4_20260218_180916
2026/02/18 19:19:10 - mmengine - INFO - Epoch(train) [108][400/782]  lr: 5.0000e-02  eta: 1:16:46  time: 0.0451  data_time: 0.0018  memory: 413  loss: 18.1125  loss_ori: 1.7397  loss_uatm: 4.6628  loss_ugsa: 11.7099
2026/02/18 19:19:14 - mmengine - INFO - Epoch(train) [108][500/782]  lr: 5.0000e-02  eta: 1:16:41  time: 0.0415  data_time: 0.0019  memory: 413  loss: 17.4743  loss_ori: 1.9546  loss_uatm: 4.5593  loss_ugsa: 10.9604
2026/02/18 19:19:19 - mmengine - INFO - Epoch(train) [108][600/782]  lr: 5.0000e-02  eta: 1:16:37  time: 0.0458  data_time: 0.0012  memory: 413  loss: 17.6842  loss_ori: 1.4439  loss_uatm: 4.4574  loss_ugsa: 11.7830
2026/02/18 19:19:24 - mmengine - INFO - Epoch(train) [108][700/782]  lr: 5.0000e-02  eta: 1:16:33  time: 0.0420  data_time: 0.0012  memory: 413  loss: 17.9040  loss_ori: 2.1567  loss_uatm: 4.5927  loss_ugsa: 11.1546
2026/02/18 19:19:28 - mmengine - INFO - Exp name: resnet32x4_resnet8x4_20260218_180916
2026/02/18 19:19:30 - mmengine - INFO - Epoch(val) [108][100/157]    eta: 0:00:01  time: 0.0186  data_time: 0.0006  memory: 413  
2026/02/18 19:19:32 - mmengine - INFO - Epoch(val) [108][157/157]    accuracy/top1: 60.8600  data_time: 0.0009  time: 0.0240
2026/02/18 19:19:36 - mmengine - INFO - Epoch(train) [109][100/782]  lr: 5.0000e-02  eta: 1:16:25  time: 0.0457  data_time: 0.0013  memory: 413  loss: 18.3165  loss_ori: 2.1089  loss_uatm: 4.5655  loss_ugsa: 11.6420
2026/02/18 19:19:40 - mmengine - INFO - Epoch(train) [109][200/782]  lr: 5.0000e-02  eta: 1:16:21  time: 0.0422  data_time: 0.0012  memory: 413  loss: 17.1756  loss_ori: 2.5121  loss_uatm: 4.3027  loss_ugsa: 10.3608
2026/02/18 19:19:45 - mmengine - INFO - Epoch(train) [109][300/782]  lr: 5.0000e-02  eta: 1:16:16  time: 0.0341  data_time: 0.0009  memory: 413  loss: 17.7111  loss_ori: 2.2700  loss_uatm: 4.3621  loss_ugsa: 11.0790
2026/02/18 19:19:49 - mmengine - INFO - Epoch(train) [109][400/782]  lr: 5.0000e-02  eta: 1:16:11  time: 0.0449  data_time: 0.0012  memory: 413  loss: 18.0906  loss_ori: 2.2640  loss_uatm: 4.3788  loss_ugsa: 11.4479
2026/02/18 19:19:53 - mmengine - INFO - Epoch(train) [109][500/782]  lr: 5.0000e-02  eta: 1:16:07  time: 0.0444  data_time: 0.0013  memory: 413  loss: 18.0051  loss_ori: 1.9646  loss_uatm: 4.5016  loss_ugsa: 11.5390
2026/02/18 19:19:55 - mmengine - INFO - Exp name: resnet32x4_resnet8x4_20260218_180916
2026/02/18 19:19:58 - mmengine - INFO - Epoch(train) [109][600/782]  lr: 5.0000e-02  eta: 1:16:02  time: 0.0381  data_time: 0.0012  memory: 413  loss: 18.3841  loss_ori: 2.1477  loss_uatm: 4.5406  loss_ugsa: 11.6959
2026/02/18 19:20:02 - mmengine - INFO - Epoch(train) [109][700/782]  lr: 5.0000e-02  eta: 1:15:57  time: 0.0373  data_time: 0.0014  memory: 413  loss: 18.1101  loss_ori: 2.3121  loss_uatm: 4.5485  loss_ugsa: 11.2495
2026/02/18 19:20:05 - mmengine - INFO - Exp name: resnet32x4_resnet8x4_20260218_180916
2026/02/18 19:20:08 - mmengine - INFO - Epoch(val) [109][100/157]    eta: 0:00:01  time: 0.0196  data_time: 0.0005  memory: 413  
2026/02/18 19:20:09 - mmengine - INFO - Epoch(val) [109][157/157]    accuracy/top1: 61.7600  data_time: 0.0009  time: 0.0236
2026/02/18 19:20:14 - mmengine - INFO - Epoch(train) [110][100/782]  lr: 5.0000e-02  eta: 1:15:49  time: 0.0449  data_time: 0.0017  memory: 413  loss: 17.5978  loss_ori: 1.8460  loss_uatm: 4.5002  loss_ugsa: 11.2515
2026/02/18 19:20:18 - mmengine - INFO - Epoch(train) [110][200/782]  lr: 5.0000e-02  eta: 1:15:45  time: 0.0468  data_time: 0.0013  memory: 413  loss: 17.7489  loss_ori: 2.1294  loss_uatm: 4.3977  loss_ugsa: 11.2218
2026/02/18 19:20:23 - mmengine - INFO - Epoch(train) [110][300/782]  lr: 5.0000e-02  eta: 1:15:40  time: 0.0454  data_time: 0.0012  memory: 413  loss: 18.0307  loss_ori: 2.2209  loss_uatm: 4.4658  loss_ugsa: 11.3440
2026/02/18 19:20:28 - mmengine - INFO - Epoch(train) [110][400/782]  lr: 5.0000e-02  eta: 1:15:36  time: 0.0469  data_time: 0.0011  memory: 413  loss: 17.7242  loss_ori: 2.3655  loss_uatm: 4.1916  loss_ugsa: 11.1671
2026/02/18 19:20:32 - mmengine - INFO - Epoch(train) [110][500/782]  lr: 5.0000e-02  eta: 1:15:31  time: 0.0399  data_time: 0.0015  memory: 413  loss: 18.5359  loss_ori: 2.1300  loss_uatm: 4.4960  loss_ugsa: 11.9099
2026/02/18 19:20:36 - mmengine - INFO - Epoch(train) [110][600/782]  lr: 5.0000e-02  eta: 1:15:27  time: 0.0402  data_time: 0.0008  memory: 413  loss: 17.9667  loss_ori: 1.8965  loss_uatm: 4.6712  loss_ugsa: 11.3990
2026/02/18 19:20:41 - mmengine - INFO - Epoch(train) [110][700/782]  lr: 5.0000e-02  eta: 1:15:23  time: 0.0472  data_time: 0.0016  memory: 413  loss: 17.4426  loss_ori: 1.9647  loss_uatm: 4.3707  loss_ugsa: 11.1072
2026/02/18 19:20:44 - mmengine - INFO - Exp name: resnet32x4_resnet8x4_20260218_180916
2026/02/18 19:20:45 - mmengine - INFO - Exp name: resnet32x4_resnet8x4_20260218_180916
2026/02/18 19:20:47 - mmengine - INFO - Epoch(val) [110][100/157]    eta: 0:00:01  time: 0.0420  data_time: 0.0005  memory: 413  
2026/02/18 19:20:48 - mmengine - INFO - Epoch(val) [110][157/157]    accuracy/top1: 62.3100  data_time: 0.0008  time: 0.0231
2026/02/18 19:20:53 - mmengine - INFO - Epoch(train) [111][100/782]  lr: 5.0000e-02  eta: 1:15:15  time: 0.0479  data_time: 0.0016  memory: 413  loss: 17.5172  loss_ori: 2.1002  loss_uatm: 4.2197  loss_ugsa: 11.1973
2026/02/18 19:20:58 - mmengine - INFO - Epoch(train) [111][200/782]  lr: 5.0000e-02  eta: 1:15:11  time: 0.0439  data_time: 0.0014  memory: 413  loss: 17.8830  loss_ori: 2.1273  loss_uatm: 4.4906  loss_ugsa: 11.2652
2026/02/18 19:21:03 - mmengine - INFO - Epoch(train) [111][300/782]  lr: 5.0000e-02  eta: 1:15:07  time: 0.0445  data_time: 0.0011  memory: 413  loss: 17.6736  loss_ori: 2.5170  loss_uatm: 4.4794  loss_ugsa: 10.6772
2026/02/18 19:21:07 - mmengine - INFO - Epoch(train) [111][400/782]  lr: 5.0000e-02  eta: 1:15:02  time: 0.0430  data_time: 0.0012  memory: 413  loss: 17.5247  loss_ori: 1.6990  loss_uatm: 4.2663  loss_ugsa: 11.5593
2026/02/18 19:21:12 - mmengine - INFO - Epoch(train) [111][500/782]  lr: 5.0000e-02  eta: 1:14:58  time: 0.0418  data_time: 0.0015  memory: 413  loss: 18.4134  loss_ori: 2.2546  loss_uatm: 4.7018  loss_ugsa: 11.4570
2026/02/18 19:21:16 - mmengine - INFO - Epoch(train) [111][600/782]  lr: 5.0000e-02  eta: 1:14:53  time: 0.0439  data_time: 0.0014  memory: 413  loss: 17.5902  loss_ori: 1.9494  loss_uatm: 4.3941  loss_ugsa: 11.2467
2026/02/18 19:21:21 - mmengine - INFO - Epoch(train) [111][700/782]  lr: 5.0000e-02  eta: 1:14:49  time: 0.0430  data_time: 0.0013  memory: 413  loss: 18.0429  loss_ori: 2.4032  loss_uatm: 4.2428  loss_ugsa: 11.3968
2026/02/18 19:21:24 - mmengine - INFO - Exp name: resnet32x4_resnet8x4_20260218_180916
2026/02/18 19:21:27 - mmengine - INFO - Epoch(val) [111][100/157]    eta: 0:00:01  time: 0.0203  data_time: 0.0005  memory: 413  
2026/02/18 19:21:28 - mmengine - INFO - Epoch(val) [111][157/157]    accuracy/top1: 62.2300  data_time: 0.0009  time: 0.0238
2026/02/18 19:21:33 - mmengine - INFO - Epoch(train) [112][100/782]  lr: 5.0000e-02  eta: 1:14:41  time: 0.0453  data_time: 0.0012  memory: 413  loss: 17.8899  loss_ori: 1.9779  loss_uatm: 4.3980  loss_ugsa: 11.5140
2026/02/18 19:21:37 - mmengine - INFO - Exp name: resnet32x4_resnet8x4_20260218_180916
2026/02/18 19:21:37 - mmengine - INFO - Epoch(train) [112][200/782]  lr: 5.0000e-02  eta: 1:14:37  time: 0.0451  data_time: 0.0018  memory: 413  loss: 18.1323  loss_ori: 2.1620  loss_uatm: 4.4670  loss_ugsa: 11.5034
2026/02/18 19:21:42 - mmengine - INFO - Epoch(train) [112][300/782]  lr: 5.0000e-02  eta: 1:14:32  time: 0.0373  data_time: 0.0009  memory: 413  loss: 18.0578  loss_ori: 2.1448  loss_uatm: 4.6070  loss_ugsa: 11.3060
2026/02/18 19:21:47 - mmengine - INFO - Epoch(train) [112][400/782]  lr: 5.0000e-02  eta: 1:14:28  time: 0.0427  data_time: 0.0013  memory: 413  loss: 17.9594  loss_ori: 1.9907  loss_uatm: 4.7807  loss_ugsa: 11.1881
2026/02/18 19:21:51 - mmengine - INFO - Epoch(train) [112][500/782]  lr: 5.0000e-02  eta: 1:14:23  time: 0.0439  data_time: 0.0013  memory: 413  loss: 18.1412  loss_ori: 2.5261  loss_uatm: 4.3042  loss_ugsa: 11.3110
2026/02/18 19:21:56 - mmengine - INFO - Epoch(train) [112][600/782]  lr: 5.0000e-02  eta: 1:14:19  time: 0.0447  data_time: 0.0015  memory: 413  loss: 17.7829  loss_ori: 1.9318  loss_uatm: 4.5009  loss_ugsa: 11.3502
2026/02/18 19:22:00 - mmengine - INFO - Epoch(train) [112][700/782]  lr: 5.0000e-02  eta: 1:14:15  time: 0.0426  data_time: 0.0017  memory: 413  loss: 18.1091  loss_ori: 2.1266  loss_uatm: 4.4840  loss_ugsa: 11.4986
2026/02/18 19:22:04 - mmengine - INFO - Exp name: resnet32x4_resnet8x4_20260218_180916
2026/02/18 19:22:06 - mmengine - INFO - Epoch(val) [112][100/157]    eta: 0:00:01  time: 0.0228  data_time: 0.0005  memory: 413  
2026/02/18 19:22:08 - mmengine - INFO - Epoch(val) [112][157/157]    accuracy/top1: 60.6700  data_time: 0.0009  time: 0.0241
2026/02/18 19:22:13 - mmengine - INFO - Epoch(train) [113][100/782]  lr: 5.0000e-02  eta: 1:14:07  time: 0.0439  data_time: 0.0011  memory: 413  loss: 16.9900  loss_ori: 2.0610  loss_uatm: 4.2918  loss_ugsa: 10.6373
2026/02/18 19:22:17 - mmengine - INFO - Epoch(train) [113][200/782]  lr: 5.0000e-02  eta: 1:14:02  time: 0.0403  data_time: 0.0012  memory: 413  loss: 17.4935  loss_ori: 1.6481  loss_uatm: 4.5933  loss_ugsa: 11.2522
2026/02/18 19:22:22 - mmengine - INFO - Epoch(train) [113][300/782]  lr: 5.0000e-02  eta: 1:13:58  time: 0.0383  data_time: 0.0008  memory: 413  loss: 17.8927  loss_ori: 1.9533  loss_uatm: 4.4879  loss_ugsa: 11.4515
2026/02/18 19:22:26 - mmengine - INFO - Epoch(train) [113][400/782]  lr: 5.0000e-02  eta: 1:13:54  time: 0.0468  data_time: 0.0013  memory: 413  loss: 18.4728  loss_ori: 1.9348  loss_uatm: 4.6685  loss_ugsa: 11.8695
2026/02/18 19:22:27 - mmengine - INFO - Exp name: resnet32x4_resnet8x4_20260218_180916
2026/02/18 19:22:31 - mmengine - INFO - Epoch(train) [113][500/782]  lr: 5.0000e-02  eta: 1:13:49  time: 0.0424  data_time: 0.0012  memory: 413  loss: 18.1228  loss_ori: 2.2401  loss_uatm: 4.5482  loss_ugsa: 11.3345
2026/02/18 19:22:35 - mmengine - INFO - Epoch(train) [113][600/782]  lr: 5.0000e-02  eta: 1:13:45  time: 0.0422  data_time: 0.0012  memory: 413  loss: 17.8057  loss_ori: 1.7756  loss_uatm: 4.4724  loss_ugsa: 11.5578
2026/02/18 19:22:40 - mmengine - INFO - Epoch(train) [113][700/782]  lr: 5.0000e-02  eta: 1:13:41  time: 0.0481  data_time: 0.0015  memory: 413  loss: 17.8643  loss_ori: 2.2040  loss_uatm: 4.4617  loss_ugsa: 11.1987
2026/02/18 19:22:44 - mmengine - INFO - Exp name: resnet32x4_resnet8x4_20260218_180916
2026/02/18 19:22:46 - mmengine - INFO - Epoch(val) [113][100/157]    eta: 0:00:01  time: 0.0184  data_time: 0.0004  memory: 413  
2026/02/18 19:22:47 - mmengine - INFO - Epoch(val) [113][157/157]    accuracy/top1: 62.9900  data_time: 0.0007  time: 0.0202
2026/02/18 19:22:52 - mmengine - INFO - Epoch(train) [114][100/782]  lr: 5.0000e-02  eta: 1:13:33  time: 0.0462  data_time: 0.0020  memory: 413  loss: 17.5766  loss_ori: 1.7870  loss_uatm: 4.4643  loss_ugsa: 11.3253
2026/02/18 19:22:56 - mmengine - INFO - Epoch(train) [114][200/782]  lr: 5.0000e-02  eta: 1:13:29  time: 0.0427  data_time: 0.0010  memory: 413  loss: 18.1233  loss_ori: 2.2049  loss_uatm: 4.4970  loss_ugsa: 11.4213
2026/02/18 19:23:01 - mmengine - INFO - Epoch(train) [114][300/782]  lr: 5.0000e-02  eta: 1:13:24  time: 0.0427  data_time: 0.0017  memory: 413  loss: 17.6377  loss_ori: 1.6971  loss_uatm: 4.3668  loss_ugsa: 11.5739
2026/02/18 19:23:05 - mmengine - INFO - Epoch(train) [114][400/782]  lr: 5.0000e-02  eta: 1:13:20  time: 0.0462  data_time: 0.0016  memory: 413  loss: 18.1927  loss_ori: 1.7349  loss_uatm: 4.7038  loss_ugsa: 11.7541
2026/02/18 19:23:10 - mmengine - INFO - Epoch(train) [114][500/782]  lr: 5.0000e-02  eta: 1:13:15  time: 0.0424  data_time: 0.0011  memory: 413  loss: 17.3527  loss_ori: 1.4773  loss_uatm: 4.5924  loss_ugsa: 11.2831
2026/02/18 19:23:14 - mmengine - INFO - Epoch(train) [114][600/782]  lr: 5.0000e-02  eta: 1:13:11  time: 0.0432  data_time: 0.0012  memory: 413  loss: 17.8875  loss_ori: 1.7359  loss_uatm: 4.5351  loss_ugsa: 11.6165
2026/02/18 19:23:16 - mmengine - INFO - Exp name: resnet32x4_resnet8x4_20260218_180916
2026/02/18 19:23:19 - mmengine - INFO - Epoch(train) [114][700/782]  lr: 5.0000e-02  eta: 1:13:06  time: 0.0466  data_time: 0.0014  memory: 413  loss: 18.0959  loss_ori: 1.8672  loss_uatm: 4.5857  loss_ugsa: 11.6430
2026/02/18 19:23:22 - mmengine - INFO - Exp name: resnet32x4_resnet8x4_20260218_180916
2026/02/18 19:23:24 - mmengine - INFO - Epoch(val) [114][100/157]    eta: 0:00:01  time: 0.0187  data_time: 0.0005  memory: 413  
2026/02/18 19:23:26 - mmengine - INFO - Epoch(val) [114][157/157]    accuracy/top1: 60.6500  data_time: 0.0009  time: 0.0218
2026/02/18 19:23:31 - mmengine - INFO - Epoch(train) [115][100/782]  lr: 5.0000e-02  eta: 1:12:59  time: 0.0448  data_time: 0.0014  memory: 413  loss: 17.5205  loss_ori: 1.5775  loss_uatm: 4.3993  loss_ugsa: 11.5437
2026/02/18 19:23:35 - mmengine - INFO - Epoch(train) [115][200/782]  lr: 5.0000e-02  eta: 1:12:54  time: 0.0450  data_time: 0.0020  memory: 413  loss: 17.8567  loss_ori: 2.3595  loss_uatm: 4.4067  loss_ugsa: 11.0905
2026/02/18 19:23:40 - mmengine - INFO - Epoch(train) [115][300/782]  lr: 5.0000e-02  eta: 1:12:50  time: 0.0453  data_time: 0.0020  memory: 413  loss: 17.8607  loss_ori: 2.1633  loss_uatm: 4.6438  loss_ugsa: 11.0536
2026/02/18 19:23:45 - mmengine - INFO - Epoch(train) [115][400/782]  lr: 5.0000e-02  eta: 1:12:46  time: 0.0444  data_time: 0.0012  memory: 413  loss: 17.9969  loss_ori: 2.1918  loss_uatm: 4.3563  loss_ugsa: 11.4488
2026/02/18 19:23:50 - mmengine - INFO - Epoch(train) [115][500/782]  lr: 5.0000e-02  eta: 1:12:42  time: 0.0477  data_time: 0.0014  memory: 413  loss: 18.2492  loss_ori: 2.2409  loss_uatm: 4.4687  loss_ugsa: 11.5396
2026/02/18 19:23:54 - mmengine - INFO - Epoch(train) [115][600/782]  lr: 5.0000e-02  eta: 1:12:37  time: 0.0494  data_time: 0.0015  memory: 413  loss: 18.5045  loss_ori: 2.0435  loss_uatm: 4.7739  loss_ugsa: 11.6872
2026/02/18 19:23:59 - mmengine - INFO - Epoch(train) [115][700/782]  lr: 5.0000e-02  eta: 1:12:33  time: 0.0687  data_time: 0.0013  memory: 413  loss: 17.6482  loss_ori: 2.0371  loss_uatm: 4.3243  loss_ugsa: 11.2868
2026/02/18 19:24:03 - mmengine - INFO - Exp name: resnet32x4_resnet8x4_20260218_180916
2026/02/18 19:24:05 - mmengine - INFO - Epoch(val) [115][100/157]    eta: 0:00:01  time: 0.0193  data_time: 0.0005  memory: 413  
2026/02/18 19:24:07 - mmengine - INFO - Epoch(val) [115][157/157]    accuracy/top1: 63.1200  data_time: 0.0009  time: 0.0231
2026/02/18 19:24:10 - mmengine - INFO - Exp name: resnet32x4_resnet8x4_20260218_180916
2026/02/18 19:24:11 - mmengine - INFO - Epoch(train) [116][100/782]  lr: 5.0000e-02  eta: 1:12:25  time: 0.0435  data_time: 0.0011  memory: 413  loss: 18.3678  loss_ori: 1.7867  loss_uatm: 4.6933  loss_ugsa: 11.8877
2026/02/18 19:24:16 - mmengine - INFO - Epoch(train) [116][200/782]  lr: 5.0000e-02  eta: 1:12:21  time: 0.0394  data_time: 0.0014  memory: 413  loss: 18.3570  loss_ori: 1.8838  loss_uatm: 4.6456  loss_ugsa: 11.8275
2026/02/18 19:24:20 - mmengine - INFO - Epoch(train) [116][300/782]  lr: 5.0000e-02  eta: 1:12:16  time: 0.0461  data_time: 0.0012  memory: 413  loss: 18.0077  loss_ori: 1.8459  loss_uatm: 4.3647  loss_ugsa: 11.7971
2026/02/18 19:24:25 - mmengine - INFO - Epoch(train) [116][400/782]  lr: 5.0000e-02  eta: 1:12:12  time: 0.0442  data_time: 0.0012  memory: 413  loss: 17.9302  loss_ori: 1.9818  loss_uatm: 4.4834  loss_ugsa: 11.4650
2026/02/18 19:24:29 - mmengine - INFO - Epoch(train) [116][500/782]  lr: 5.0000e-02  eta: 1:12:08  time: 0.0430  data_time: 0.0012  memory: 413  loss: 17.3236  loss_ori: 1.6416  loss_uatm: 4.5528  loss_ugsa: 11.1292
2026/02/18 19:24:34 - mmengine - INFO - Epoch(train) [116][600/782]  lr: 5.0000e-02  eta: 1:12:03  time: 0.0414  data_time: 0.0009  memory: 413  loss: 18.2110  loss_ori: 1.8751  loss_uatm: 4.5576  loss_ugsa: 11.7784
2026/02/18 19:24:38 - mmengine - INFO - Epoch(train) [116][700/782]  lr: 5.0000e-02  eta: 1:11:59  time: 0.0553  data_time: 0.0011  memory: 413  loss: 18.0695  loss_ori: 1.7848  loss_uatm: 4.6326  loss_ugsa: 11.6521
2026/02/18 19:24:42 - mmengine - INFO - Exp name: resnet32x4_resnet8x4_20260218_180916
2026/02/18 19:24:44 - mmengine - INFO - Epoch(val) [116][100/157]    eta: 0:00:01  time: 0.0206  data_time: 0.0005  memory: 413  
2026/02/18 19:24:45 - mmengine - INFO - Epoch(val) [116][157/157]    accuracy/top1: 61.8900  data_time: 0.0008  time: 0.0224
2026/02/18 19:24:50 - mmengine - INFO - Epoch(train) [117][100/782]  lr: 5.0000e-02  eta: 1:11:51  time: 0.0423  data_time: 0.0012  memory: 413  loss: 17.9917  loss_ori: 1.9563  loss_uatm: 4.6519  loss_ugsa: 11.3836
2026/02/18 19:24:55 - mmengine - INFO - Epoch(train) [117][200/782]  lr: 5.0000e-02  eta: 1:11:46  time: 0.0431  data_time: 0.0012  memory: 413  loss: 18.1856  loss_ori: 1.7550  loss_uatm: 4.5571  loss_ugsa: 11.8735
2026/02/18 19:24:59 - mmengine - INFO - Exp name: resnet32x4_resnet8x4_20260218_180916
2026/02/18 19:24:59 - mmengine - INFO - Epoch(train) [117][300/782]  lr: 5.0000e-02  eta: 1:11:42  time: 0.0438  data_time: 0.0024  memory: 413  loss: 17.7279  loss_ori: 2.1769  loss_uatm: 4.3010  loss_ugsa: 11.2500
2026/02/18 19:25:04 - mmengine - INFO - Epoch(train) [117][400/782]  lr: 5.0000e-02  eta: 1:11:38  time: 0.0463  data_time: 0.0019  memory: 413  loss: 17.8511  loss_ori: 2.3227  loss_uatm: 4.3949  loss_ugsa: 11.1335
2026/02/18 19:25:09 - mmengine - INFO - Epoch(train) [117][500/782]  lr: 5.0000e-02  eta: 1:11:33  time: 0.0447  data_time: 0.0019  memory: 413  loss: 18.5148  loss_ori: 2.2445  loss_uatm: 4.4324  loss_ugsa: 11.8379
2026/02/18 19:25:14 - mmengine - INFO - Epoch(train) [117][600/782]  lr: 5.0000e-02  eta: 1:11:29  time: 0.0449  data_time: 0.0018  memory: 413  loss: 17.8515  loss_ori: 2.2927  loss_uatm: 4.6208  loss_ugsa: 10.9380
2026/02/18 19:25:18 - mmengine - INFO - Epoch(train) [117][700/782]  lr: 5.0000e-02  eta: 1:11:25  time: 0.0437  data_time: 0.0013  memory: 413  loss: 17.9683  loss_ori: 2.2284  loss_uatm: 4.5649  loss_ugsa: 11.1750
2026/02/18 19:25:22 - mmengine - INFO - Exp name: resnet32x4_resnet8x4_20260218_180916
2026/02/18 19:25:24 - mmengine - INFO - Epoch(val) [117][100/157]    eta: 0:00:01  time: 0.0196  data_time: 0.0005  memory: 413  
2026/02/18 19:25:25 - mmengine - INFO - Epoch(val) [117][157/157]    accuracy/top1: 61.9400  data_time: 0.0011  time: 0.0227
2026/02/18 19:25:30 - mmengine - INFO - Epoch(train) [118][100/782]  lr: 5.0000e-02  eta: 1:11:17  time: 0.0446  data_time: 0.0020  memory: 413  loss: 17.5369  loss_ori: 1.8788  loss_uatm: 4.5763  loss_ugsa: 11.0819
2026/02/18 19:25:34 - mmengine - INFO - Epoch(train) [118][200/782]  lr: 5.0000e-02  eta: 1:11:12  time: 0.0427  data_time: 0.0012  memory: 413  loss: 17.8361  loss_ori: 2.1756  loss_uatm: 4.4499  loss_ugsa: 11.2106
2026/02/18 19:25:39 - mmengine - INFO - Epoch(train) [118][300/782]  lr: 5.0000e-02  eta: 1:11:08  time: 0.0434  data_time: 0.0013  memory: 413  loss: 17.5809  loss_ori: 2.3979  loss_uatm: 4.2634  loss_ugsa: 10.9196
2026/02/18 19:25:42 - mmengine - INFO - Epoch(train) [118][400/782]  lr: 5.0000e-02  eta: 1:11:02  time: 0.0370  data_time: 0.0011  memory: 413  loss: 17.6776  loss_ori: 1.5547  loss_uatm: 4.5570  loss_ugsa: 11.5659
2026/02/18 19:25:46 - mmengine - INFO - Epoch(train) [118][500/782]  lr: 5.0000e-02  eta: 1:10:57  time: 0.0404  data_time: 0.0009  memory: 413  loss: 18.2272  loss_ori: 1.8062  loss_uatm: 4.3730  loss_ugsa: 12.0480
2026/02/18 19:25:47 - mmengine - INFO - Exp name: resnet32x4_resnet8x4_20260218_180916
2026/02/18 19:25:51 - mmengine - INFO - Epoch(train) [118][600/782]  lr: 5.0000e-02  eta: 1:10:53  time: 0.0466  data_time: 0.0012  memory: 413  loss: 18.1672  loss_ori: 2.4561  loss_uatm: 4.4415  loss_ugsa: 11.2696
2026/02/18 19:25:56 - mmengine - INFO - Epoch(train) [118][700/782]  lr: 5.0000e-02  eta: 1:10:49  time: 0.0487  data_time: 0.0014  memory: 413  loss: 18.1824  loss_ori: 1.5050  loss_uatm: 4.9122  loss_ugsa: 11.7652
2026/02/18 19:25:59 - mmengine - INFO - Exp name: resnet32x4_resnet8x4_20260218_180916
2026/02/18 19:26:01 - mmengine - INFO - Epoch(val) [118][100/157]    eta: 0:00:01  time: 0.0187  data_time: 0.0004  memory: 413  
2026/02/18 19:26:03 - mmengine - INFO - Epoch(val) [118][157/157]    accuracy/top1: 61.7100  data_time: 0.0008  time: 0.0220
2026/02/18 19:26:07 - mmengine - INFO - Epoch(train) [119][100/782]  lr: 5.0000e-02  eta: 1:10:40  time: 0.0337  data_time: 0.0009  memory: 413  loss: 17.5865  loss_ori: 1.8739  loss_uatm: 4.6218  loss_ugsa: 11.0909
2026/02/18 19:26:12 - mmengine - INFO - Epoch(train) [119][200/782]  lr: 5.0000e-02  eta: 1:10:36  time: 0.0504  data_time: 0.0025  memory: 413  loss: 17.5446  loss_ori: 2.0628  loss_uatm: 4.4248  loss_ugsa: 11.0570
2026/02/18 19:26:17 - mmengine - INFO - Epoch(train) [119][300/782]  lr: 5.0000e-02  eta: 1:10:32  time: 0.0421  data_time: 0.0019  memory: 413  loss: 17.6867  loss_ori: 2.3124  loss_uatm: 4.3904  loss_ugsa: 10.9839
2026/02/18 19:26:21 - mmengine - INFO - Epoch(train) [119][400/782]  lr: 5.0000e-02  eta: 1:10:28  time: 0.0407  data_time: 0.0011  memory: 413  loss: 17.7257  loss_ori: 2.0321  loss_uatm: 4.3567  loss_ugsa: 11.3369
2026/02/18 19:26:25 - mmengine - INFO - Epoch(train) [119][500/782]  lr: 5.0000e-02  eta: 1:10:23  time: 0.0417  data_time: 0.0014  memory: 413  loss: 18.3961  loss_ori: 2.1316  loss_uatm: 4.5149  loss_ugsa: 11.7496
2026/02/18 19:26:30 - mmengine - INFO - Epoch(train) [119][600/782]  lr: 5.0000e-02  eta: 1:10:19  time: 0.0425  data_time: 0.0015  memory: 413  loss: 18.1466  loss_ori: 1.9076  loss_uatm: 4.5825  loss_ugsa: 11.6565
2026/02/18 19:26:35 - mmengine - INFO - Epoch(train) [119][700/782]  lr: 5.0000e-02  eta: 1:10:14  time: 0.0452  data_time: 0.0013  memory: 413  loss: 18.0000  loss_ori: 2.1109  loss_uatm: 4.5116  loss_ugsa: 11.3776
2026/02/18 19:26:36 - mmengine - INFO - Exp name: resnet32x4_resnet8x4_20260218_180916
2026/02/18 19:26:39 - mmengine - INFO - Exp name: resnet32x4_resnet8x4_20260218_180916
2026/02/18 19:26:41 - mmengine - INFO - Epoch(val) [119][100/157]    eta: 0:00:01  time: 0.0208  data_time: 0.0006  memory: 413  
2026/02/18 19:26:43 - mmengine - INFO - Epoch(val) [119][157/157]    accuracy/top1: 62.4300  data_time: 0.0010  time: 0.0252
2026/02/18 19:26:48 - mmengine - INFO - Epoch(train) [120][100/782]  lr: 5.0000e-02  eta: 1:10:07  time: 0.0465  data_time: 0.0014  memory: 413  loss: 18.2386  loss_ori: 2.1197  loss_uatm: 4.3998  loss_ugsa: 11.7191
2026/02/18 19:26:52 - mmengine - INFO - Epoch(train) [120][200/782]  lr: 5.0000e-02  eta: 1:10:02  time: 0.0464  data_time: 0.0014  memory: 413  loss: 17.6777  loss_ori: 1.8266  loss_uatm: 4.4317  loss_ugsa: 11.4193
2026/02/18 19:26:57 - mmengine - INFO - Epoch(train) [120][300/782]  lr: 5.0000e-02  eta: 1:09:58  time: 0.0457  data_time: 0.0013  memory: 413  loss: 18.4568  loss_ori: 2.0365  loss_uatm: 4.5142  loss_ugsa: 11.9060
2026/02/18 19:27:01 - mmengine - INFO - Epoch(train) [120][400/782]  lr: 5.0000e-02  eta: 1:09:54  time: 0.0416  data_time: 0.0012  memory: 413  loss: 17.3200  loss_ori: 2.2175  loss_uatm: 4.2603  loss_ugsa: 10.8422
2026/02/18 19:27:06 - mmengine - INFO - Epoch(train) [120][500/782]  lr: 5.0000e-02  eta: 1:09:49  time: 0.0397  data_time: 0.0008  memory: 413  loss: 18.0566  loss_ori: 1.8594  loss_uatm: 4.2779  loss_ugsa: 11.9192
2026/02/18 19:27:10 - mmengine - INFO - Epoch(train) [120][600/782]  lr: 5.0000e-02  eta: 1:09:44  time: 0.0342  data_time: 0.0008  memory: 413  loss: 18.0217  loss_ori: 1.8819  loss_uatm: 4.6462  loss_ugsa: 11.4936
2026/02/18 19:27:14 - mmengine - INFO - Epoch(train) [120][700/782]  lr: 5.0000e-02  eta: 1:09:40  time: 0.0457  data_time: 0.0013  memory: 413  loss: 18.1384  loss_ori: 2.0356  loss_uatm: 4.7130  loss_ugsa: 11.3898
2026/02/18 19:27:18 - mmengine - INFO - Exp name: resnet32x4_resnet8x4_20260218_180916
2026/02/18 19:27:20 - mmengine - INFO - Epoch(val) [120][100/157]    eta: 0:00:01  time: 0.0213  data_time: 0.0005  memory: 413  
2026/02/18 19:27:22 - mmengine - INFO - Epoch(val) [120][157/157]    accuracy/top1: 61.5300  data_time: 0.0010  time: 0.0250
2026/02/18 19:27:26 - mmengine - INFO - Epoch(train) [121][100/782]  lr: 5.0000e-02  eta: 1:09:31  time: 0.0358  data_time: 0.0010  memory: 413  loss: 18.3342  loss_ori: 2.0074  loss_uatm: 4.5595  loss_ugsa: 11.7673
2026/02/18 19:27:29 - mmengine - INFO - Exp name: resnet32x4_resnet8x4_20260218_180916
2026/02/18 19:27:30 - mmengine - INFO - Epoch(train) [121][200/782]  lr: 5.0000e-02  eta: 1:09:26  time: 0.0421  data_time: 0.0011  memory: 413  loss: 17.7393  loss_ori: 1.7720  loss_uatm: 4.4039  loss_ugsa: 11.5633
2026/02/18 19:27:34 - mmengine - INFO - Epoch(train) [121][300/782]  lr: 5.0000e-02  eta: 1:09:21  time: 0.0417  data_time: 0.0018  memory: 413  loss: 17.7330  loss_ori: 1.7421  loss_uatm: 4.4581  loss_ugsa: 11.5327
2026/02/18 19:27:39 - mmengine - INFO - Epoch(train) [121][400/782]  lr: 5.0000e-02  eta: 1:09:17  time: 0.0502  data_time: 0.0013  memory: 413  loss: 17.6710  loss_ori: 2.2187  loss_uatm: 4.3144  loss_ugsa: 11.1379
2026/02/18 19:27:44 - mmengine - INFO - Epoch(train) [121][500/782]  lr: 5.0000e-02  eta: 1:09:13  time: 0.0469  data_time: 0.0013  memory: 413  loss: 18.5528  loss_ori: 1.9941  loss_uatm: 4.7744  loss_ugsa: 11.7844
2026/02/18 19:27:48 - mmengine - INFO - Epoch(train) [121][600/782]  lr: 5.0000e-02  eta: 1:09:09  time: 0.0412  data_time: 0.0012  memory: 413  loss: 17.8568  loss_ori: 2.1530  loss_uatm: 4.4720  loss_ugsa: 11.2319
2026/02/18 19:27:52 - mmengine - INFO - Epoch(train) [121][700/782]  lr: 5.0000e-02  eta: 1:09:03  time: 0.0274  data_time: 0.0008  memory: 413  loss: 18.0154  loss_ori: 2.2919  loss_uatm: 4.6402  loss_ugsa: 11.0833
2026/02/18 19:27:54 - mmengine - INFO - Exp name: resnet32x4_resnet8x4_20260218_180916
2026/02/18 19:27:56 - mmengine - INFO - Epoch(val) [121][100/157]    eta: 0:00:01  time: 0.0192  data_time: 0.0004  memory: 413  
2026/02/18 19:27:58 - mmengine - INFO - Epoch(val) [121][157/157]    accuracy/top1: 58.8600  data_time: 0.0009  time: 0.0221
2026/02/18 19:28:03 - mmengine - INFO - Epoch(train) [122][100/782]  lr: 5.0000e-02  eta: 1:08:54  time: 0.0428  data_time: 0.0013  memory: 413  loss: 17.6840  loss_ori: 1.8950  loss_uatm: 4.3199  loss_ugsa: 11.4691
2026/02/18 19:28:07 - mmengine - INFO - Epoch(train) [122][200/782]  lr: 5.0000e-02  eta: 1:08:50  time: 0.0472  data_time: 0.0013  memory: 413  loss: 18.3174  loss_ori: 2.1185  loss_uatm: 4.7027  loss_ugsa: 11.4962
2026/02/18 19:28:12 - mmengine - INFO - Epoch(train) [122][300/782]  lr: 5.0000e-02  eta: 1:08:45  time: 0.0423  data_time: 0.0012  memory: 413  loss: 18.1969  loss_ori: 2.1504  loss_uatm: 4.3245  loss_ugsa: 11.7220
2026/02/18 19:28:15 - mmengine - INFO - Exp name: resnet32x4_resnet8x4_20260218_180916
2026/02/18 19:28:16 - mmengine - INFO - Epoch(train) [122][400/782]  lr: 5.0000e-02  eta: 1:08:41  time: 0.0459  data_time: 0.0013  memory: 413  loss: 17.9641  loss_ori: 2.3372  loss_uatm: 4.5049  loss_ugsa: 11.1219
2026/02/18 19:28:21 - mmengine - INFO - Epoch(train) [122][500/782]  lr: 5.0000e-02  eta: 1:08:37  time: 0.0495  data_time: 0.0016  memory: 413  loss: 18.2603  loss_ori: 2.1341  loss_uatm: 4.6498  loss_ugsa: 11.4764
2026/02/18 19:28:26 - mmengine - INFO - Epoch(train) [122][600/782]  lr: 5.0000e-02  eta: 1:08:33  time: 0.0439  data_time: 0.0013  memory: 413  loss: 18.0172  loss_ori: 1.6942  loss_uatm: 4.7066  loss_ugsa: 11.6164
2026/02/18 19:28:31 - mmengine - INFO - Epoch(train) [122][700/782]  lr: 5.0000e-02  eta: 1:08:28  time: 0.0449  data_time: 0.0014  memory: 413  loss: 18.5175  loss_ori: 2.2671  loss_uatm: 4.3236  loss_ugsa: 11.9268
2026/02/18 19:28:34 - mmengine - INFO - Exp name: resnet32x4_resnet8x4_20260218_180916
2026/02/18 19:28:37 - mmengine - INFO - Epoch(val) [122][100/157]    eta: 0:00:01  time: 0.0223  data_time: 0.0006  memory: 413  
2026/02/18 19:28:38 - mmengine - INFO - Epoch(val) [122][157/157]    accuracy/top1: 62.5800  data_time: 0.0010  time: 0.0243
2026/02/18 19:28:43 - mmengine - INFO - Epoch(train) [123][100/782]  lr: 5.0000e-02  eta: 1:08:20  time: 0.0434  data_time: 0.0011  memory: 413  loss: 18.7505  loss_ori: 2.0490  loss_uatm: 4.6025  loss_ugsa: 12.0991
2026/02/18 19:28:47 - mmengine - INFO - Epoch(train) [123][200/782]  lr: 5.0000e-02  eta: 1:08:16  time: 0.0425  data_time: 0.0010  memory: 413  loss: 16.9035  loss_ori: 1.8991  loss_uatm: 4.1489  loss_ugsa: 10.8556
2026/02/18 19:28:51 - mmengine - INFO - Epoch(train) [123][300/782]  lr: 5.0000e-02  eta: 1:08:11  time: 0.0459  data_time: 0.0012  memory: 413  loss: 17.5897  loss_ori: 2.1359  loss_uatm: 4.3291  loss_ugsa: 11.1248
2026/02/18 19:28:56 - mmengine - INFO - Epoch(train) [123][400/782]  lr: 5.0000e-02  eta: 1:08:06  time: 0.0404  data_time: 0.0009  memory: 413  loss: 18.4634  loss_ori: 1.7253  loss_uatm: 4.5241  loss_ugsa: 12.2139
2026/02/18 19:29:00 - mmengine - INFO - Epoch(train) [123][500/782]  lr: 5.0000e-02  eta: 1:08:02  time: 0.0433  data_time: 0.0014  memory: 413  loss: 17.8224  loss_ori: 1.8628  loss_uatm: 4.4733  loss_ugsa: 11.4862
2026/02/18 19:29:04 - mmengine - INFO - Exp name: resnet32x4_resnet8x4_20260218_180916
2026/02/18 19:29:04 - mmengine - INFO - Epoch(train) [123][600/782]  lr: 5.0000e-02  eta: 1:07:57  time: 0.0372  data_time: 0.0012  memory: 413  loss: 18.1919  loss_ori: 1.7637  loss_uatm: 4.7732  loss_ugsa: 11.6549
2026/02/18 19:29:09 - mmengine - INFO - Epoch(train) [123][700/782]  lr: 5.0000e-02  eta: 1:07:53  time: 0.0349  data_time: 0.0015  memory: 413  loss: 18.3509  loss_ori: 2.2595  loss_uatm: 4.7633  loss_ugsa: 11.3281
2026/02/18 19:29:12 - mmengine - INFO - Exp name: resnet32x4_resnet8x4_20260218_180916
2026/02/18 19:29:14 - mmengine - INFO - Epoch(val) [123][100/157]    eta: 0:00:01  time: 0.0194  data_time: 0.0005  memory: 413  
2026/02/18 19:29:16 - mmengine - INFO - Epoch(val) [123][157/157]    accuracy/top1: 62.7500  data_time: 0.0008  time: 0.0219
2026/02/18 19:29:20 - mmengine - INFO - Epoch(train) [124][100/782]  lr: 5.0000e-02  eta: 1:07:44  time: 0.0410  data_time: 0.0016  memory: 413  loss: 17.8264  loss_ori: 1.8412  loss_uatm: 4.3619  loss_ugsa: 11.6233
2026/02/18 19:29:24 - mmengine - INFO - Epoch(train) [124][200/782]  lr: 5.0000e-02  eta: 1:07:40  time: 0.0485  data_time: 0.0014  memory: 413  loss: 17.9704  loss_ori: 2.2068  loss_uatm: 4.4012  loss_ugsa: 11.3624
2026/02/18 19:29:29 - mmengine - INFO - Epoch(train) [124][300/782]  lr: 5.0000e-02  eta: 1:07:35  time: 0.0439  data_time: 0.0014  memory: 413  loss: 18.0271  loss_ori: 2.2103  loss_uatm: 4.3321  loss_ugsa: 11.4847
2026/02/18 19:29:34 - mmengine - INFO - Epoch(train) [124][400/782]  lr: 5.0000e-02  eta: 1:07:31  time: 0.0459  data_time: 0.0020  memory: 413  loss: 17.6572  loss_ori: 2.1883  loss_uatm: 4.2984  loss_ugsa: 11.1704
2026/02/18 19:29:38 - mmengine - INFO - Epoch(train) [124][500/782]  lr: 5.0000e-02  eta: 1:07:27  time: 0.0434  data_time: 0.0021  memory: 413  loss: 17.9628  loss_ori: 1.9391  loss_uatm: 4.5773  loss_ugsa: 11.4464
2026/02/18 19:29:43 - mmengine - INFO - Epoch(train) [124][600/782]  lr: 5.0000e-02  eta: 1:07:22  time: 0.0440  data_time: 0.0012  memory: 413  loss: 18.2374  loss_ori: 2.7763  loss_uatm: 4.6101  loss_ugsa: 10.8510
2026/02/18 19:29:48 - mmengine - INFO - Epoch(train) [124][700/782]  lr: 5.0000e-02  eta: 1:07:18  time: 0.0433  data_time: 0.0012  memory: 413  loss: 18.3338  loss_ori: 2.2129  loss_uatm: 4.5152  loss_ugsa: 11.6056
2026/02/18 19:29:51 - mmengine - INFO - Exp name: resnet32x4_resnet8x4_20260218_180916
2026/02/18 19:29:54 - mmengine - INFO - Epoch(val) [124][100/157]    eta: 0:00:01  time: 0.0463  data_time: 0.0007  memory: 413  
2026/02/18 19:29:55 - mmengine - INFO - Epoch(val) [124][157/157]    accuracy/top1: 62.4900  data_time: 0.0008  time: 0.0229
2026/02/18 19:29:57 - mmengine - INFO - Exp name: resnet32x4_resnet8x4_20260218_180916
2026/02/18 19:30:00 - mmengine - INFO - Epoch(train) [125][100/782]  lr: 5.0000e-02  eta: 1:07:10  time: 0.0423  data_time: 0.0018  memory: 413  loss: 18.1591  loss_ori: 1.9692  loss_uatm: 4.4622  loss_ugsa: 11.7277
2026/02/18 19:30:03 - mmengine - INFO - Epoch(train) [125][200/782]  lr: 5.0000e-02  eta: 1:07:05  time: 0.0340  data_time: 0.0008  memory: 413  loss: 18.3066  loss_ori: 2.4029  loss_uatm: 4.4520  loss_ugsa: 11.4517
2026/02/18 19:30:08 - mmengine - INFO - Epoch(train) [125][300/782]  lr: 5.0000e-02  eta: 1:07:00  time: 0.0422  data_time: 0.0011  memory: 413  loss: 17.8857  loss_ori: 2.0571  loss_uatm: 4.5103  loss_ugsa: 11.3184
2026/02/18 19:30:12 - mmengine - INFO - Epoch(train) [125][400/782]  lr: 5.0000e-02  eta: 1:06:56  time: 0.0392  data_time: 0.0017  memory: 413  loss: 18.1534  loss_ori: 1.8365  loss_uatm: 4.6672  loss_ugsa: 11.6497
2026/02/18 19:30:17 - mmengine - INFO - Epoch(train) [125][500/782]  lr: 5.0000e-02  eta: 1:06:52  time: 0.0421  data_time: 0.0013  memory: 413  loss: 18.1679  loss_ori: 2.3379  loss_uatm: 4.4409  loss_ugsa: 11.3891
2026/02/18 19:30:21 - mmengine - INFO - Epoch(train) [125][600/782]  lr: 5.0000e-02  eta: 1:06:47  time: 0.0446  data_time: 0.0013  memory: 413  loss: 17.9859  loss_ori: 2.0081  loss_uatm: 4.5540  loss_ugsa: 11.4238
2026/02/18 19:30:26 - mmengine - INFO - Epoch(train) [125][700/782]  lr: 5.0000e-02  eta: 1:06:43  time: 0.0441  data_time: 0.0020  memory: 413  loss: 18.3568  loss_ori: 2.0742  loss_uatm: 4.6353  loss_ugsa: 11.6473
2026/02/18 19:30:29 - mmengine - INFO - Exp name: resnet32x4_resnet8x4_20260218_180916
2026/02/18 19:30:32 - mmengine - INFO - Epoch(val) [125][100/157]    eta: 0:00:01  time: 0.0234  data_time: 0.0006  memory: 413  
2026/02/18 19:30:33 - mmengine - INFO - Epoch(val) [125][157/157]    accuracy/top1: 62.2200  data_time: 0.0010  time: 0.0238
2026/02/18 19:30:38 - mmengine - INFO - Epoch(train) [126][100/782]  lr: 5.0000e-02  eta: 1:06:35  time: 0.0469  data_time: 0.0013  memory: 413  loss: 17.7214  loss_ori: 1.6353  loss_uatm: 4.4795  loss_ugsa: 11.6067
2026/02/18 19:30:43 - mmengine - INFO - Epoch(train) [126][200/782]  lr: 5.0000e-02  eta: 1:06:31  time: 0.0429  data_time: 0.0012  memory: 413  loss: 17.5409  loss_ori: 1.7233  loss_uatm: 4.5258  loss_ugsa: 11.2917
2026/02/18 19:30:45 - mmengine - INFO - Exp name: resnet32x4_resnet8x4_20260218_180916
2026/02/18 19:30:48 - mmengine - INFO - Epoch(train) [126][300/782]  lr: 5.0000e-02  eta: 1:06:26  time: 0.0457  data_time: 0.0022  memory: 413  loss: 17.5538  loss_ori: 2.1333  loss_uatm: 4.4822  loss_ugsa: 10.9382
2026/02/18 19:30:52 - mmengine - INFO - Epoch(train) [126][400/782]  lr: 5.0000e-02  eta: 1:06:22  time: 0.0440  data_time: 0.0012  memory: 413  loss: 17.6922  loss_ori: 1.7441  loss_uatm: 4.4431  loss_ugsa: 11.5049
2026/02/18 19:30:57 - mmengine - INFO - Epoch(train) [126][500/782]  lr: 5.0000e-02  eta: 1:06:18  time: 0.0428  data_time: 0.0012  memory: 413  loss: 17.6471  loss_ori: 1.8338  loss_uatm: 4.5459  loss_ugsa: 11.2674
2026/02/18 19:31:02 - mmengine - INFO - Epoch(train) [126][600/782]  lr: 5.0000e-02  eta: 1:06:13  time: 0.0399  data_time: 0.0012  memory: 413  loss: 18.0881  loss_ori: 2.5258  loss_uatm: 4.3643  loss_ugsa: 11.1979
2026/02/18 19:31:06 - mmengine - INFO - Epoch(train) [126][700/782]  lr: 5.0000e-02  eta: 1:06:09  time: 0.0485  data_time: 0.0016  memory: 413  loss: 17.8118  loss_ori: 2.0871  loss_uatm: 4.5201  loss_ugsa: 11.2046
2026/02/18 19:31:10 - mmengine - INFO - Exp name: resnet32x4_resnet8x4_20260218_180916
2026/02/18 19:31:13 - mmengine - INFO - Epoch(val) [126][100/157]    eta: 0:00:01  time: 0.0182  data_time: 0.0006  memory: 413  
2026/02/18 19:31:14 - mmengine - INFO - Epoch(val) [126][157/157]    accuracy/top1: 62.7300  data_time: 0.0009  time: 0.0222
2026/02/18 19:31:19 - mmengine - INFO - Epoch(train) [127][100/782]  lr: 5.0000e-02  eta: 1:06:01  time: 0.0375  data_time: 0.0009  memory: 413  loss: 17.7985  loss_ori: 2.0651  loss_uatm: 4.4914  loss_ugsa: 11.2420
2026/02/18 19:31:23 - mmengine - INFO - Epoch(train) [127][200/782]  lr: 5.0000e-02  eta: 1:05:57  time: 0.0437  data_time: 0.0013  memory: 413  loss: 18.3116  loss_ori: 2.0426  loss_uatm: 4.5911  loss_ugsa: 11.6779
2026/02/18 19:31:28 - mmengine - INFO - Epoch(train) [127][300/782]  lr: 5.0000e-02  eta: 1:05:53  time: 0.0452  data_time: 0.0014  memory: 413  loss: 17.5497  loss_ori: 2.0391  loss_uatm: 4.4250  loss_ugsa: 11.0856
2026/02/18 19:31:33 - mmengine - INFO - Epoch(train) [127][400/782]  lr: 5.0000e-02  eta: 1:05:49  time: 0.0451  data_time: 0.0020  memory: 413  loss: 17.7336  loss_ori: 1.9741  loss_uatm: 4.4404  loss_ugsa: 11.3191
2026/02/18 19:31:36 - mmengine - INFO - Exp name: resnet32x4_resnet8x4_20260218_180916
2026/02/18 19:31:37 - mmengine - INFO - Epoch(train) [127][500/782]  lr: 5.0000e-02  eta: 1:05:44  time: 0.0447  data_time: 0.0020  memory: 413  loss: 17.8733  loss_ori: 1.9730  loss_uatm: 4.4865  loss_ugsa: 11.4137
2026/02/18 19:31:42 - mmengine - INFO - Epoch(train) [127][600/782]  lr: 5.0000e-02  eta: 1:05:40  time: 0.0464  data_time: 0.0014  memory: 413  loss: 17.9684  loss_ori: 1.7622  loss_uatm: 4.3840  loss_ugsa: 11.8222
2026/02/18 19:31:46 - mmengine - INFO - Epoch(train) [127][700/782]  lr: 5.0000e-02  eta: 1:05:36  time: 0.0398  data_time: 0.0015  memory: 413  loss: 18.6608  loss_ori: 2.3782  loss_uatm: 4.5759  loss_ugsa: 11.7066
2026/02/18 19:31:50 - mmengine - INFO - Exp name: resnet32x4_resnet8x4_20260218_180916
2026/02/18 19:31:53 - mmengine - INFO - Epoch(val) [127][100/157]    eta: 0:00:01  time: 0.0452  data_time: 0.0007  memory: 413  
2026/02/18 19:31:54 - mmengine - INFO - Epoch(val) [127][157/157]    accuracy/top1: 63.3100  data_time: 0.0009  time: 0.0233
2026/02/18 19:31:59 - mmengine - INFO - Epoch(train) [128][100/782]  lr: 5.0000e-02  eta: 1:05:28  time: 0.0446  data_time: 0.0013  memory: 413  loss: 18.1389  loss_ori: 2.3128  loss_uatm: 4.4824  loss_ugsa: 11.3438
2026/02/18 19:32:04 - mmengine - INFO - Epoch(train) [128][200/782]  lr: 5.0000e-02  eta: 1:05:24  time: 0.0424  data_time: 0.0013  memory: 413  loss: 18.1160  loss_ori: 1.8858  loss_uatm: 4.3379  loss_ugsa: 11.8922
2026/02/18 19:32:08 - mmengine - INFO - Epoch(train) [128][300/782]  lr: 5.0000e-02  eta: 1:05:19  time: 0.0422  data_time: 0.0012  memory: 413  loss: 18.3615  loss_ori: 2.5539  loss_uatm: 4.5086  loss_ugsa: 11.2990
2026/02/18 19:32:13 - mmengine - INFO - Epoch(train) [128][400/782]  lr: 5.0000e-02  eta: 1:05:15  time: 0.0425  data_time: 0.0012  memory: 413  loss: 18.3455  loss_ori: 2.3564  loss_uatm: 4.4935  loss_ugsa: 11.4956
2026/02/18 19:32:18 - mmengine - INFO - Epoch(train) [128][500/782]  lr: 5.0000e-02  eta: 1:05:11  time: 0.0634  data_time: 0.0012  memory: 413  loss: 18.0700  loss_ori: 2.1601  loss_uatm: 4.3723  loss_ugsa: 11.5376
2026/02/18 19:32:22 - mmengine - INFO - Epoch(train) [128][600/782]  lr: 5.0000e-02  eta: 1:05:06  time: 0.0461  data_time: 0.0013  memory: 413  loss: 18.0043  loss_ori: 2.3418  loss_uatm: 4.4874  loss_ugsa: 11.1751
2026/02/18 19:32:26 - mmengine - INFO - Exp name: resnet32x4_resnet8x4_20260218_180916
2026/02/18 19:32:27 - mmengine - INFO - Epoch(train) [128][700/782]  lr: 5.0000e-02  eta: 1:05:02  time: 0.0419  data_time: 0.0012  memory: 413  loss: 18.3682  loss_ori: 1.9274  loss_uatm: 4.6734  loss_ugsa: 11.7673
2026/02/18 19:32:31 - mmengine - INFO - Exp name: resnet32x4_resnet8x4_20260218_180916
2026/02/18 19:32:33 - mmengine - INFO - Epoch(val) [128][100/157]    eta: 0:00:01  time: 0.0458  data_time: 0.0007  memory: 413  
2026/02/18 19:32:34 - mmengine - INFO - Epoch(val) [128][157/157]    accuracy/top1: 62.3800  data_time: 0.0009  time: 0.0235
2026/02/18 19:32:39 - mmengine - INFO - Epoch(train) [129][100/782]  lr: 5.0000e-02  eta: 1:04:54  time: 0.0437  data_time: 0.0014  memory: 413  loss: 18.4665  loss_ori: 1.8142  loss_uatm: 4.5493  loss_ugsa: 12.1029
2026/02/18 19:32:44 - mmengine - INFO - Epoch(train) [129][200/782]  lr: 5.0000e-02  eta: 1:04:50  time: 0.0448  data_time: 0.0012  memory: 413  loss: 18.0154  loss_ori: 2.1561  loss_uatm: 4.3354  loss_ugsa: 11.5239
2026/02/18 19:32:49 - mmengine - INFO - Epoch(train) [129][300/782]  lr: 5.0000e-02  eta: 1:04:46  time: 0.0465  data_time: 0.0013  memory: 413  loss: 18.1771  loss_ori: 1.9018  loss_uatm: 4.6735  loss_ugsa: 11.6018
2026/02/18 19:32:53 - mmengine - INFO - Epoch(train) [129][400/782]  lr: 5.0000e-02  eta: 1:04:41  time: 0.0453  data_time: 0.0014  memory: 413  loss: 17.6370  loss_ori: 2.0103  loss_uatm: 4.3511  loss_ugsa: 11.2756
2026/02/18 19:32:58 - mmengine - INFO - Epoch(train) [129][500/782]  lr: 5.0000e-02  eta: 1:04:37  time: 0.0402  data_time: 0.0008  memory: 413  loss: 18.0403  loss_ori: 2.2418  loss_uatm: 4.5234  loss_ugsa: 11.2752
2026/02/18 19:33:02 - mmengine - INFO - Epoch(train) [129][600/782]  lr: 5.0000e-02  eta: 1:04:32  time: 0.0420  data_time: 0.0011  memory: 413  loss: 17.6868  loss_ori: 1.8363  loss_uatm: 4.6363  loss_ugsa: 11.2141
2026/02/18 19:33:06 - mmengine - INFO - Epoch(train) [129][700/782]  lr: 5.0000e-02  eta: 1:04:28  time: 0.0465  data_time: 0.0013  memory: 413  loss: 17.9349  loss_ori: 2.4885  loss_uatm: 4.1666  loss_ugsa: 11.2799
2026/02/18 19:33:10 - mmengine - INFO - Exp name: resnet32x4_resnet8x4_20260218_180916
2026/02/18 19:33:13 - mmengine - INFO - Epoch(val) [129][100/157]    eta: 0:00:01  time: 0.0471  data_time: 0.0006  memory: 413  
2026/02/18 19:33:14 - mmengine - INFO - Epoch(val) [129][157/157]    accuracy/top1: 61.3000  data_time: 0.0010  time: 0.0249
2026/02/18 19:33:19 - mmengine - INFO - Epoch(train) [130][100/782]  lr: 5.0000e-02  eta: 1:04:20  time: 0.0452  data_time: 0.0019  memory: 413  loss: 18.5725  loss_ori: 1.9233  loss_uatm: 4.4510  loss_ugsa: 12.1982
2026/02/18 19:33:20 - mmengine - INFO - Exp name: resnet32x4_resnet8x4_20260218_180916
2026/02/18 19:33:24 - mmengine - INFO - Epoch(train) [130][200/782]  lr: 5.0000e-02  eta: 1:04:15  time: 0.0434  data_time: 0.0012  memory: 413  loss: 17.3321  loss_ori: 1.7933  loss_uatm: 4.4942  loss_ugsa: 11.0446
2026/02/18 19:33:28 - mmengine - INFO - Epoch(train) [130][300/782]  lr: 5.0000e-02  eta: 1:04:11  time: 0.0470  data_time: 0.0012  memory: 413  loss: 18.1723  loss_ori: 1.9365  loss_uatm: 4.7978  loss_ugsa: 11.4380
2026/02/18 19:33:33 - mmengine - INFO - Epoch(train) [130][400/782]  lr: 5.0000e-02  eta: 1:04:07  time: 0.0463  data_time: 0.0017  memory: 413  loss: 17.8406  loss_ori: 2.1590  loss_uatm: 4.3693  loss_ugsa: 11.3123
2026/02/18 19:33:38 - mmengine - INFO - Epoch(train) [130][500/782]  lr: 5.0000e-02  eta: 1:04:03  time: 0.0428  data_time: 0.0012  memory: 413  loss: 17.9450  loss_ori: 2.3259  loss_uatm: 4.6154  loss_ugsa: 11.0037
2026/02/18 19:33:42 - mmengine - INFO - Epoch(train) [130][600/782]  lr: 5.0000e-02  eta: 1:03:58  time: 0.0399  data_time: 0.0015  memory: 413  loss: 18.2281  loss_ori: 2.2098  loss_uatm: 4.5838  loss_ugsa: 11.4345
2026/02/18 19:33:47 - mmengine - INFO - Epoch(train) [130][700/782]  lr: 5.0000e-02  eta: 1:03:54  time: 0.0426  data_time: 0.0013  memory: 413  loss: 17.6004  loss_ori: 2.1596  loss_uatm: 4.4231  loss_ugsa: 11.0177
2026/02/18 19:33:50 - mmengine - INFO - Exp name: resnet32x4_resnet8x4_20260218_180916
2026/02/18 19:33:53 - mmengine - INFO - Epoch(val) [130][100/157]    eta: 0:00:01  time: 0.0225  data_time: 0.0005  memory: 413  
2026/02/18 19:33:54 - mmengine - INFO - Epoch(val) [130][157/157]    accuracy/top1: 61.0100  data_time: 0.0009  time: 0.0240
2026/02/18 19:33:59 - mmengine - INFO - Epoch(train) [131][100/782]  lr: 5.0000e-02  eta: 1:03:46  time: 0.0408  data_time: 0.0014  memory: 413  loss: 17.8476  loss_ori: 2.2019  loss_uatm: 4.5392  loss_ugsa: 11.1065
2026/02/18 19:34:04 - mmengine - INFO - Epoch(train) [131][200/782]  lr: 5.0000e-02  eta: 1:03:41  time: 0.0452  data_time: 0.0019  memory: 413  loss: 17.9443  loss_ori: 1.9152  loss_uatm: 4.4117  loss_ugsa: 11.6175
2026/02/18 19:34:08 - mmengine - INFO - Epoch(train) [131][300/782]  lr: 5.0000e-02  eta: 1:03:37  time: 0.0469  data_time: 0.0023  memory: 413  loss: 18.0191  loss_ori: 2.3466  loss_uatm: 4.3146  loss_ugsa: 11.3580
2026/02/18 19:34:10 - mmengine - INFO - Exp name: resnet32x4_resnet8x4_20260218_180916
2026/02/18 19:34:13 - mmengine - INFO - Epoch(train) [131][400/782]  lr: 5.0000e-02  eta: 1:03:32  time: 0.0416  data_time: 0.0012  memory: 413  loss: 17.6766  loss_ori: 2.2799  loss_uatm: 4.2956  loss_ugsa: 11.1010
2026/02/18 19:34:17 - mmengine - INFO - Epoch(train) [131][500/782]  lr: 5.0000e-02  eta: 1:03:28  time: 0.0477  data_time: 0.0013  memory: 413  loss: 17.7510  loss_ori: 2.2653  loss_uatm: 4.3509  loss_ugsa: 11.1349
2026/02/18 19:34:22 - mmengine - INFO - Epoch(train) [131][600/782]  lr: 5.0000e-02  eta: 1:03:23  time: 0.0437  data_time: 0.0012  memory: 413  loss: 18.1777  loss_ori: 2.2501  loss_uatm: 4.3848  loss_ugsa: 11.5428
2026/02/18 19:34:26 - mmengine - INFO - Epoch(train) [131][700/782]  lr: 5.0000e-02  eta: 1:03:19  time: 0.0431  data_time: 0.0014  memory: 413  loss: 18.3284  loss_ori: 1.9265  loss_uatm: 4.5682  loss_ugsa: 11.8337
2026/02/18 19:34:30 - mmengine - INFO - Exp name: resnet32x4_resnet8x4_20260218_180916
2026/02/18 19:34:33 - mmengine - INFO - Epoch(val) [131][100/157]    eta: 0:00:01  time: 0.0217  data_time: 0.0006  memory: 413  
2026/02/18 19:34:34 - mmengine - INFO - Epoch(val) [131][157/157]    accuracy/top1: 61.0200  data_time: 0.0008  time: 0.0220
2026/02/18 19:34:39 - mmengine - INFO - Epoch(train) [132][100/782]  lr: 5.0000e-02  eta: 1:03:11  time: 0.0437  data_time: 0.0013  memory: 413  loss: 17.5943  loss_ori: 1.9732  loss_uatm: 4.3792  loss_ugsa: 11.2420
2026/02/18 19:34:44 - mmengine - INFO - Epoch(train) [132][200/782]  lr: 5.0000e-02  eta: 1:03:07  time: 0.0463  data_time: 0.0014  memory: 413  loss: 17.6957  loss_ori: 1.7808  loss_uatm: 4.5498  loss_ugsa: 11.3651
2026/02/18 19:34:48 - mmengine - INFO - Epoch(train) [132][300/782]  lr: 5.0000e-02  eta: 1:03:03  time: 0.0484  data_time: 0.0013  memory: 413  loss: 17.7049  loss_ori: 1.9796  loss_uatm: 4.4247  loss_ugsa: 11.3006
2026/02/18 19:34:53 - mmengine - INFO - Epoch(train) [132][400/782]  lr: 5.0000e-02  eta: 1:02:59  time: 0.0475  data_time: 0.0014  memory: 413  loss: 18.4947  loss_ori: 1.8004  loss_uatm: 4.7261  loss_ugsa: 11.9682
2026/02/18 19:34:58 - mmengine - INFO - Epoch(train) [132][500/782]  lr: 5.0000e-02  eta: 1:02:55  time: 0.0449  data_time: 0.0019  memory: 413  loss: 18.2117  loss_ori: 2.2707  loss_uatm: 4.4394  loss_ugsa: 11.5015
2026/02/18 19:35:01 - mmengine - INFO - Exp name: resnet32x4_resnet8x4_20260218_180916
2026/02/18 19:35:03 - mmengine - INFO - Epoch(train) [132][600/782]  lr: 5.0000e-02  eta: 1:02:50  time: 0.0455  data_time: 0.0012  memory: 413  loss: 17.6016  loss_ori: 2.0150  loss_uatm: 4.4419  loss_ugsa: 11.1447
2026/02/18 19:35:07 - mmengine - INFO - Epoch(train) [132][700/782]  lr: 5.0000e-02  eta: 1:02:46  time: 0.0438  data_time: 0.0014  memory: 413  loss: 17.9475  loss_ori: 2.3244  loss_uatm: 4.5350  loss_ugsa: 11.0882
2026/02/18 19:35:11 - mmengine - INFO - Exp name: resnet32x4_resnet8x4_20260218_180916
2026/02/18 19:35:13 - mmengine - INFO - Epoch(val) [132][100/157]    eta: 0:00:01  time: 0.0203  data_time: 0.0004  memory: 413  
2026/02/18 19:35:14 - mmengine - INFO - Epoch(val) [132][157/157]    accuracy/top1: 64.1700  data_time: 0.0006  time: 0.0201
2026/02/18 19:35:18 - mmengine - INFO - Epoch(train) [133][100/782]  lr: 5.0000e-02  eta: 1:02:37  time: 0.0310  data_time: 0.0010  memory: 413  loss: 17.6475  loss_ori: 2.0030  loss_uatm: 4.4157  loss_ugsa: 11.2288
2026/02/18 19:35:23 - mmengine - INFO - Epoch(train) [133][200/782]  lr: 5.0000e-02  eta: 1:02:33  time: 0.0434  data_time: 0.0020  memory: 413  loss: 18.0864  loss_ori: 1.8556  loss_uatm: 4.4856  loss_ugsa: 11.7452
2026/02/18 19:35:27 - mmengine - INFO - Epoch(train) [133][300/782]  lr: 5.0000e-02  eta: 1:02:28  time: 0.0425  data_time: 0.0017  memory: 413  loss: 18.1693  loss_ori: 2.3732  loss_uatm: 4.3786  loss_ugsa: 11.4175
2026/02/18 19:35:32 - mmengine - INFO - Epoch(train) [133][400/782]  lr: 5.0000e-02  eta: 1:02:24  time: 0.0412  data_time: 0.0019  memory: 413  loss: 18.7460  loss_ori: 2.7486  loss_uatm: 4.5599  loss_ugsa: 11.4376
2026/02/18 19:35:36 - mmengine - INFO - Epoch(train) [133][500/782]  lr: 5.0000e-02  eta: 1:02:19  time: 0.0466  data_time: 0.0015  memory: 413  loss: 17.6231  loss_ori: 1.9557  loss_uatm: 4.3265  loss_ugsa: 11.3410
2026/02/18 19:35:41 - mmengine - INFO - Epoch(train) [133][600/782]  lr: 5.0000e-02  eta: 1:02:15  time: 0.0445  data_time: 0.0014  memory: 413  loss: 18.2634  loss_ori: 2.0640  loss_uatm: 4.4801  loss_ugsa: 11.7194
2026/02/18 19:35:45 - mmengine - INFO - Epoch(train) [133][700/782]  lr: 5.0000e-02  eta: 1:02:11  time: 0.0395  data_time: 0.0011  memory: 413  loss: 17.9346  loss_ori: 1.7555  loss_uatm: 4.3984  loss_ugsa: 11.7807
2026/02/18 19:35:48 - mmengine - INFO - Exp name: resnet32x4_resnet8x4_20260218_180916
2026/02/18 19:35:49 - mmengine - INFO - Exp name: resnet32x4_resnet8x4_20260218_180916
2026/02/18 19:35:51 - mmengine - INFO - Epoch(val) [133][100/157]    eta: 0:00:01  time: 0.0218  data_time: 0.0006  memory: 413  
2026/02/18 19:35:53 - mmengine - INFO - Epoch(val) [133][157/157]    accuracy/top1: 64.4700  data_time: 0.0009  time: 0.0232
2026/02/18 19:35:53 - mmengine - INFO - The previous best checkpoint /root/autodl-tmp/mmcls/work_dirs/cifar100/resnet32x4_resnet8x4/UATM+UGSA_temp=4.0_loss_weight=15.0+loss_weight=1.0_1/best_accuracy_top1_epoch_102.pth is removed
2026/02/18 19:35:54 - mmengine - INFO - The best checkpoint with 64.4700 accuracy/top1 at 133 epoch is saved to best_accuracy_top1_epoch_133.pth.
2026/02/18 19:35:59 - mmengine - INFO - Epoch(train) [134][100/782]  lr: 5.0000e-02  eta: 1:02:02  time: 0.0460  data_time: 0.0016  memory: 413  loss: 17.7086  loss_ori: 2.2040  loss_uatm: 4.2594  loss_ugsa: 11.2451
2026/02/18 19:36:03 - mmengine - INFO - Epoch(train) [134][200/782]  lr: 5.0000e-02  eta: 1:01:58  time: 0.0429  data_time: 0.0012  memory: 413  loss: 17.8498  loss_ori: 2.0129  loss_uatm: 4.6265  loss_ugsa: 11.2103
2026/02/18 19:36:08 - mmengine - INFO - Epoch(train) [134][300/782]  lr: 5.0000e-02  eta: 1:01:54  time: 0.0673  data_time: 0.0019  memory: 413  loss: 17.8086  loss_ori: 2.2465  loss_uatm: 4.3382  loss_ugsa: 11.2239
2026/02/18 19:36:13 - mmengine - INFO - Epoch(train) [134][400/782]  lr: 5.0000e-02  eta: 1:01:50  time: 0.0408  data_time: 0.0012  memory: 413  loss: 17.6819  loss_ori: 1.9630  loss_uatm: 4.4204  loss_ugsa: 11.2985
2026/02/18 19:36:18 - mmengine - INFO - Epoch(train) [134][500/782]  lr: 5.0000e-02  eta: 1:01:45  time: 0.0444  data_time: 0.0012  memory: 413  loss: 17.3028  loss_ori: 2.1243  loss_uatm: 4.2518  loss_ugsa: 10.9267
2026/02/18 19:36:22 - mmengine - INFO - Epoch(train) [134][600/782]  lr: 5.0000e-02  eta: 1:01:41  time: 0.0654  data_time: 0.0015  memory: 413  loss: 18.6073  loss_ori: 1.6976  loss_uatm: 4.8353  loss_ugsa: 12.0745
2026/02/18 19:36:27 - mmengine - INFO - Epoch(train) [134][700/782]  lr: 5.0000e-02  eta: 1:01:37  time: 0.0438  data_time: 0.0013  memory: 413  loss: 18.3533  loss_ori: 2.1187  loss_uatm: 4.5368  loss_ugsa: 11.6979
2026/02/18 19:36:31 - mmengine - INFO - Exp name: resnet32x4_resnet8x4_20260218_180916
2026/02/18 19:36:33 - mmengine - INFO - Epoch(val) [134][100/157]    eta: 0:00:01  time: 0.0148  data_time: 0.0004  memory: 413  
2026/02/18 19:36:34 - mmengine - INFO - Epoch(val) [134][157/157]    accuracy/top1: 62.2500  data_time: 0.0007  time: 0.0213
2026/02/18 19:36:39 - mmengine - INFO - Epoch(train) [135][100/782]  lr: 5.0000e-02  eta: 1:01:29  time: 0.0419  data_time: 0.0018  memory: 413  loss: 18.1733  loss_ori: 2.2429  loss_uatm: 4.3272  loss_ugsa: 11.6032
2026/02/18 19:36:43 - mmengine - INFO - Epoch(train) [135][200/782]  lr: 5.0000e-02  eta: 1:01:24  time: 0.0451  data_time: 0.0012  memory: 413  loss: 18.0192  loss_ori: 2.2245  loss_uatm: 4.6185  loss_ugsa: 11.1762
2026/02/18 19:36:44 - mmengine - INFO - Exp name: resnet32x4_resnet8x4_20260218_180916
2026/02/18 19:36:48 - mmengine - INFO - Epoch(train) [135][300/782]  lr: 5.0000e-02  eta: 1:01:20  time: 0.0448  data_time: 0.0015  memory: 413  loss: 18.0282  loss_ori: 2.0448  loss_uatm: 4.5098  loss_ugsa: 11.4737
2026/02/18 19:36:52 - mmengine - INFO - Epoch(train) [135][400/782]  lr: 5.0000e-02  eta: 1:01:15  time: 0.0478  data_time: 0.0026  memory: 413  loss: 17.6662  loss_ori: 2.2423  loss_uatm: 4.2700  loss_ugsa: 11.1539
2026/02/18 19:36:57 - mmengine - INFO - Epoch(train) [135][500/782]  lr: 5.0000e-02  eta: 1:01:11  time: 0.0356  data_time: 0.0013  memory: 413  loss: 17.1733  loss_ori: 1.8031  loss_uatm: 4.4396  loss_ugsa: 10.9305
2026/02/18 19:37:01 - mmengine - INFO - Epoch(train) [135][600/782]  lr: 5.0000e-02  eta: 1:01:06  time: 0.0665  data_time: 0.0015  memory: 413  loss: 18.0851  loss_ori: 2.0509  loss_uatm: 4.6888  loss_ugsa: 11.3455
2026/02/18 19:37:05 - mmengine - INFO - Epoch(train) [135][700/782]  lr: 5.0000e-02  eta: 1:01:02  time: 0.0440  data_time: 0.0013  memory: 413  loss: 17.8865  loss_ori: 2.1117  loss_uatm: 4.5506  loss_ugsa: 11.2242
2026/02/18 19:37:09 - mmengine - INFO - Exp name: resnet32x4_resnet8x4_20260218_180916
2026/02/18 19:37:12 - mmengine - INFO - Epoch(val) [135][100/157]    eta: 0:00:01  time: 0.0211  data_time: 0.0005  memory: 413  
2026/02/18 19:37:13 - mmengine - INFO - Epoch(val) [135][157/157]    accuracy/top1: 60.4200  data_time: 0.0010  time: 0.0229
2026/02/18 19:37:17 - mmengine - INFO - Epoch(train) [136][100/782]  lr: 5.0000e-02  eta: 1:00:54  time: 0.0428  data_time: 0.0013  memory: 413  loss: 17.5632  loss_ori: 2.1869  loss_uatm: 4.4650  loss_ugsa: 10.9113
2026/02/18 19:37:22 - mmengine - INFO - Epoch(train) [136][200/782]  lr: 5.0000e-02  eta: 1:00:49  time: 0.0439  data_time: 0.0014  memory: 413  loss: 18.1301  loss_ori: 1.8037  loss_uatm: 4.6036  loss_ugsa: 11.7229
2026/02/18 19:37:27 - mmengine - INFO - Epoch(train) [136][300/782]  lr: 5.0000e-02  eta: 1:00:45  time: 0.0737  data_time: 0.0015  memory: 413  loss: 17.8603  loss_ori: 1.9270  loss_uatm: 4.4510  loss_ugsa: 11.4823
2026/02/18 19:37:31 - mmengine - INFO - Epoch(train) [136][400/782]  lr: 5.0000e-02  eta: 1:00:41  time: 0.0434  data_time: 0.0018  memory: 413  loss: 17.9153  loss_ori: 2.2761  loss_uatm: 4.4570  loss_ugsa: 11.1822
2026/02/18 19:37:33 - mmengine - INFO - Exp name: resnet32x4_resnet8x4_20260218_180916
2026/02/18 19:37:36 - mmengine - INFO - Epoch(train) [136][500/782]  lr: 5.0000e-02  eta: 1:00:36  time: 0.0454  data_time: 0.0021  memory: 413  loss: 17.3551  loss_ori: 2.2503  loss_uatm: 4.3221  loss_ugsa: 10.7826
2026/02/18 19:37:41 - mmengine - INFO - Epoch(train) [136][600/782]  lr: 5.0000e-02  eta: 1:00:32  time: 0.0447  data_time: 0.0014  memory: 413  loss: 17.9398  loss_ori: 2.1695  loss_uatm: 4.4940  loss_ugsa: 11.2763
2026/02/18 19:37:45 - mmengine - INFO - Epoch(train) [136][700/782]  lr: 5.0000e-02  eta: 1:00:28  time: 0.0428  data_time: 0.0013  memory: 413  loss: 18.0021  loss_ori: 2.1670  loss_uatm: 4.3578  loss_ugsa: 11.4772
2026/02/18 19:37:49 - mmengine - INFO - Exp name: resnet32x4_resnet8x4_20260218_180916
2026/02/18 19:37:52 - mmengine - INFO - Epoch(val) [136][100/157]    eta: 0:00:01  time: 0.0221  data_time: 0.0006  memory: 413  
2026/02/18 19:37:53 - mmengine - INFO - Epoch(val) [136][157/157]    accuracy/top1: 62.5800  data_time: 0.0010  time: 0.0236
2026/02/18 19:37:58 - mmengine - INFO - Epoch(train) [137][100/782]  lr: 5.0000e-02  eta: 1:00:20  time: 0.0416  data_time: 0.0012  memory: 413  loss: 17.9022  loss_ori: 2.1308  loss_uatm: 4.2203  loss_ugsa: 11.5510
2026/02/18 19:38:02 - mmengine - INFO - Epoch(train) [137][200/782]  lr: 5.0000e-02  eta: 1:00:15  time: 0.0466  data_time: 0.0019  memory: 413  loss: 18.5227  loss_ori: 2.2264  loss_uatm: 4.7597  loss_ugsa: 11.5366
2026/02/18 19:38:07 - mmengine - INFO - Epoch(train) [137][300/782]  lr: 5.0000e-02  eta: 1:00:11  time: 0.0412  data_time: 0.0013  memory: 413  loss: 18.4038  loss_ori: 2.5211  loss_uatm: 4.4306  loss_ugsa: 11.4521
2026/02/18 19:38:11 - mmengine - INFO - Epoch(train) [137][400/782]  lr: 5.0000e-02  eta: 1:00:07  time: 0.0432  data_time: 0.0012  memory: 413  loss: 18.3712  loss_ori: 1.9770  loss_uatm: 4.5010  loss_ugsa: 11.8932
2026/02/18 19:38:16 - mmengine - INFO - Epoch(train) [137][500/782]  lr: 5.0000e-02  eta: 1:00:02  time: 0.0399  data_time: 0.0012  memory: 413  loss: 17.7743  loss_ori: 2.0781  loss_uatm: 4.3233  loss_ugsa: 11.3730
2026/02/18 19:38:21 - mmengine - INFO - Epoch(train) [137][600/782]  lr: 5.0000e-02  eta: 0:59:58  time: 0.0435  data_time: 0.0014  memory: 413  loss: 17.8555  loss_ori: 1.9010  loss_uatm: 4.4081  loss_ugsa: 11.5463
2026/02/18 19:38:23 - mmengine - INFO - Exp name: resnet32x4_resnet8x4_20260218_180916
2026/02/18 19:38:25 - mmengine - INFO - Epoch(train) [137][700/782]  lr: 5.0000e-02  eta: 0:59:53  time: 0.0448  data_time: 0.0013  memory: 413  loss: 17.8993  loss_ori: 2.0348  loss_uatm: 4.3922  loss_ugsa: 11.4722
2026/02/18 19:38:29 - mmengine - INFO - Exp name: resnet32x4_resnet8x4_20260218_180916
2026/02/18 19:38:32 - mmengine - INFO - Epoch(val) [137][100/157]    eta: 0:00:01  time: 0.0239  data_time: 0.0006  memory: 413  
2026/02/18 19:38:33 - mmengine - INFO - Epoch(val) [137][157/157]    accuracy/top1: 62.4600  data_time: 0.0010  time: 0.0245
2026/02/18 19:38:38 - mmengine - INFO - Epoch(train) [138][100/782]  lr: 5.0000e-02  eta: 0:59:46  time: 0.0408  data_time: 0.0014  memory: 413  loss: 17.4453  loss_ori: 2.1775  loss_uatm: 4.1935  loss_ugsa: 11.0743
2026/02/18 19:38:43 - mmengine - INFO - Epoch(train) [138][200/782]  lr: 5.0000e-02  eta: 0:59:41  time: 0.0440  data_time: 0.0018  memory: 413  loss: 18.0349  loss_ori: 2.2022  loss_uatm: 4.5067  loss_ugsa: 11.3260
2026/02/18 19:38:47 - mmengine - INFO - Epoch(train) [138][300/782]  lr: 5.0000e-02  eta: 0:59:37  time: 0.0679  data_time: 0.0013  memory: 413  loss: 18.2780  loss_ori: 2.2619  loss_uatm: 4.5631  loss_ugsa: 11.4529
2026/02/18 19:38:52 - mmengine - INFO - Epoch(train) [138][400/782]  lr: 5.0000e-02  eta: 0:59:32  time: 0.0423  data_time: 0.0011  memory: 413  loss: 17.4735  loss_ori: 1.8692  loss_uatm: 4.3567  loss_ugsa: 11.2476
2026/02/18 19:38:56 - mmengine - INFO - Epoch(train) [138][500/782]  lr: 5.0000e-02  eta: 0:59:28  time: 0.0443  data_time: 0.0012  memory: 413  loss: 18.6153  loss_ori: 2.4443  loss_uatm: 4.5453  loss_ugsa: 11.6258
2026/02/18 19:39:01 - mmengine - INFO - Epoch(train) [138][600/782]  lr: 5.0000e-02  eta: 0:59:24  time: 0.0702  data_time: 0.0016  memory: 413  loss: 17.7476  loss_ori: 1.7015  loss_uatm: 4.4861  loss_ugsa: 11.5600
2026/02/18 19:39:05 - mmengine - INFO - Epoch(train) [138][700/782]  lr: 5.0000e-02  eta: 0:59:19  time: 0.0423  data_time: 0.0014  memory: 413  loss: 18.0607  loss_ori: 2.1443  loss_uatm: 4.3862  loss_ugsa: 11.5302
2026/02/18 19:39:09 - mmengine - INFO - Exp name: resnet32x4_resnet8x4_20260218_180916
2026/02/18 19:39:12 - mmengine - INFO - Epoch(val) [138][100/157]    eta: 0:00:01  time: 0.0203  data_time: 0.0006  memory: 413  
2026/02/18 19:39:13 - mmengine - INFO - Epoch(val) [138][157/157]    accuracy/top1: 62.4400  data_time: 0.0010  time: 0.0244
2026/02/18 19:39:17 - mmengine - INFO - Exp name: resnet32x4_resnet8x4_20260218_180916
2026/02/18 19:39:18 - mmengine - INFO - Epoch(train) [139][100/782]  lr: 5.0000e-02  eta: 0:59:11  time: 0.0433  data_time: 0.0015  memory: 413  loss: 17.7190  loss_ori: 1.9170  loss_uatm: 4.3298  loss_ugsa: 11.4721
2026/02/18 19:39:23 - mmengine - INFO - Epoch(train) [139][200/782]  lr: 5.0000e-02  eta: 0:59:07  time: 0.0459  data_time: 0.0011  memory: 413  loss: 17.9800  loss_ori: 1.9783  loss_uatm: 4.4901  loss_ugsa: 11.5117
2026/02/18 19:39:28 - mmengine - INFO - Epoch(train) [139][300/782]  lr: 5.0000e-02  eta: 0:59:03  time: 0.0405  data_time: 0.0012  memory: 413  loss: 17.8056  loss_ori: 2.0596  loss_uatm: 4.3697  loss_ugsa: 11.3763
2026/02/18 19:39:32 - mmengine - INFO - Epoch(train) [139][400/782]  lr: 5.0000e-02  eta: 0:58:58  time: 0.0427  data_time: 0.0013  memory: 413  loss: 17.5404  loss_ori: 1.6349  loss_uatm: 4.5788  loss_ugsa: 11.3267
2026/02/18 19:39:36 - mmengine - INFO - Epoch(train) [139][500/782]  lr: 5.0000e-02  eta: 0:58:54  time: 0.0460  data_time: 0.0026  memory: 413  loss: 17.9496  loss_ori: 1.9335  loss_uatm: 4.5439  loss_ugsa: 11.4722
2026/02/18 19:39:41 - mmengine - INFO - Epoch(train) [139][600/782]  lr: 5.0000e-02  eta: 0:58:49  time: 0.0442  data_time: 0.0015  memory: 413  loss: 18.4653  loss_ori: 2.2806  loss_uatm: 4.4192  loss_ugsa: 11.7656
2026/02/18 19:39:46 - mmengine - INFO - Epoch(train) [139][700/782]  lr: 5.0000e-02  eta: 0:58:45  time: 0.0425  data_time: 0.0014  memory: 413  loss: 17.9100  loss_ori: 2.1115  loss_uatm: 4.6926  loss_ugsa: 11.1059
2026/02/18 19:39:49 - mmengine - INFO - Exp name: resnet32x4_resnet8x4_20260218_180916
2026/02/18 19:39:52 - mmengine - INFO - Epoch(val) [139][100/157]    eta: 0:00:01  time: 0.0193  data_time: 0.0005  memory: 413  
2026/02/18 19:39:53 - mmengine - INFO - Epoch(val) [139][157/157]    accuracy/top1: 62.1500  data_time: 0.0009  time: 0.0238
2026/02/18 19:39:58 - mmengine - INFO - Epoch(train) [140][100/782]  lr: 5.0000e-02  eta: 0:58:37  time: 0.0437  data_time: 0.0020  memory: 413  loss: 18.2333  loss_ori: 2.6147  loss_uatm: 4.4266  loss_ugsa: 11.1920
2026/02/18 19:40:02 - mmengine - INFO - Epoch(train) [140][200/782]  lr: 5.0000e-02  eta: 0:58:32  time: 0.0452  data_time: 0.0017  memory: 413  loss: 17.8847  loss_ori: 2.3838  loss_uatm: 4.5282  loss_ugsa: 10.9727
2026/02/18 19:40:07 - mmengine - INFO - Epoch(train) [140][300/782]  lr: 5.0000e-02  eta: 0:58:28  time: 0.0480  data_time: 0.0014  memory: 413  loss: 17.8601  loss_ori: 2.1710  loss_uatm: 4.3871  loss_ugsa: 11.3019
2026/02/18 19:40:07 - mmengine - INFO - Exp name: resnet32x4_resnet8x4_20260218_180916
2026/02/18 19:40:12 - mmengine - INFO - Epoch(train) [140][400/782]  lr: 5.0000e-02  eta: 0:58:24  time: 0.0444  data_time: 0.0012  memory: 413  loss: 17.5850  loss_ori: 1.9524  loss_uatm: 4.2098  loss_ugsa: 11.4228
2026/02/18 19:40:16 - mmengine - INFO - Epoch(train) [140][500/782]  lr: 5.0000e-02  eta: 0:58:19  time: 0.0415  data_time: 0.0009  memory: 413  loss: 17.7681  loss_ori: 2.2953  loss_uatm: 4.0607  loss_ugsa: 11.4121
2026/02/18 19:40:20 - mmengine - INFO - Epoch(train) [140][600/782]  lr: 5.0000e-02  eta: 0:58:14  time: 0.0421  data_time: 0.0018  memory: 413  loss: 17.4489  loss_ori: 2.2273  loss_uatm: 4.2661  loss_ugsa: 10.9554
2026/02/18 19:40:25 - mmengine - INFO - Epoch(train) [140][700/782]  lr: 5.0000e-02  eta: 0:58:10  time: 0.0443  data_time: 0.0014  memory: 413  loss: 17.8568  loss_ori: 1.6968  loss_uatm: 4.7897  loss_ugsa: 11.3703
2026/02/18 19:40:29 - mmengine - INFO - Exp name: resnet32x4_resnet8x4_20260218_180916
2026/02/18 19:40:31 - mmengine - INFO - Epoch(val) [140][100/157]    eta: 0:00:01  time: 0.0245  data_time: 0.0006  memory: 413  
2026/02/18 19:40:33 - mmengine - INFO - Epoch(val) [140][157/157]    accuracy/top1: 63.6200  data_time: 0.0009  time: 0.0242
2026/02/18 19:40:37 - mmengine - INFO - Epoch(train) [141][100/782]  lr: 5.0000e-02  eta: 0:58:02  time: 0.0409  data_time: 0.0010  memory: 413  loss: 17.8810  loss_ori: 1.8264  loss_uatm: 4.5334  loss_ugsa: 11.5212
2026/02/18 19:40:42 - mmengine - INFO - Epoch(train) [141][200/782]  lr: 5.0000e-02  eta: 0:57:58  time: 0.0439  data_time: 0.0014  memory: 413  loss: 17.6235  loss_ori: 2.0510  loss_uatm: 4.2446  loss_ugsa: 11.3278
2026/02/18 19:40:47 - mmengine - INFO - Epoch(train) [141][300/782]  lr: 5.0000e-02  eta: 0:57:54  time: 0.0440  data_time: 0.0015  memory: 413  loss: 17.0693  loss_ori: 1.7698  loss_uatm: 4.4299  loss_ugsa: 10.8695
2026/02/18 19:40:52 - mmengine - INFO - Epoch(train) [141][400/782]  lr: 5.0000e-02  eta: 0:57:49  time: 0.0454  data_time: 0.0013  memory: 413  loss: 17.6164  loss_ori: 2.0804  loss_uatm: 4.3264  loss_ugsa: 11.2097
2026/02/18 19:40:56 - mmengine - INFO - Epoch(train) [141][500/782]  lr: 5.0000e-02  eta: 0:57:45  time: 0.0373  data_time: 0.0011  memory: 413  loss: 18.6345  loss_ori: 1.9351  loss_uatm: 4.6140  loss_ugsa: 12.0854
2026/02/18 19:40:57 - mmengine - INFO - Exp name: resnet32x4_resnet8x4_20260218_180916
2026/02/18 19:41:00 - mmengine - INFO - Epoch(train) [141][600/782]  lr: 5.0000e-02  eta: 0:57:40  time: 0.0411  data_time: 0.0010  memory: 413  loss: 18.0565  loss_ori: 2.0528  loss_uatm: 4.5741  loss_ugsa: 11.4297
2026/02/18 19:41:05 - mmengine - INFO - Epoch(train) [141][700/782]  lr: 5.0000e-02  eta: 0:57:36  time: 0.0430  data_time: 0.0014  memory: 413  loss: 17.8883  loss_ori: 2.0124  loss_uatm: 4.5484  loss_ugsa: 11.3275
2026/02/18 19:41:08 - mmengine - INFO - Exp name: resnet32x4_resnet8x4_20260218_180916
2026/02/18 19:41:11 - mmengine - INFO - Epoch(val) [141][100/157]    eta: 0:00:01  time: 0.0191  data_time: 0.0006  memory: 413  
2026/02/18 19:41:12 - mmengine - INFO - Epoch(val) [141][157/157]    accuracy/top1: 65.8700  data_time: 0.0010  time: 0.0243
2026/02/18 19:41:12 - mmengine - INFO - The previous best checkpoint /root/autodl-tmp/mmcls/work_dirs/cifar100/resnet32x4_resnet8x4/UATM+UGSA_temp=4.0_loss_weight=15.0+loss_weight=1.0_1/best_accuracy_top1_epoch_133.pth is removed
2026/02/18 19:41:13 - mmengine - INFO - The best checkpoint with 65.8700 accuracy/top1 at 141 epoch is saved to best_accuracy_top1_epoch_141.pth.
2026/02/18 19:41:18 - mmengine - INFO - Epoch(train) [142][100/782]  lr: 5.0000e-02  eta: 0:57:28  time: 0.0457  data_time: 0.0015  memory: 413  loss: 17.7588  loss_ori: 1.6941  loss_uatm: 4.4772  loss_ugsa: 11.5876
2026/02/18 19:41:23 - mmengine - INFO - Epoch(train) [142][200/782]  lr: 5.0000e-02  eta: 0:57:23  time: 0.0443  data_time: 0.0014  memory: 413  loss: 17.6682  loss_ori: 2.3145  loss_uatm: 4.2616  loss_ugsa: 11.0921
2026/02/18 19:41:27 - mmengine - INFO - Epoch(train) [142][300/782]  lr: 5.0000e-02  eta: 0:57:19  time: 0.0430  data_time: 0.0014  memory: 413  loss: 17.3839  loss_ori: 2.0104  loss_uatm: 4.1957  loss_ugsa: 11.1778
2026/02/18 19:41:32 - mmengine - INFO - Epoch(train) [142][400/782]  lr: 5.0000e-02  eta: 0:57:15  time: 0.0436  data_time: 0.0012  memory: 413  loss: 17.2695  loss_ori: 1.3020  loss_uatm: 4.4893  loss_ugsa: 11.4782
2026/02/18 19:41:37 - mmengine - INFO - Epoch(train) [142][500/782]  lr: 5.0000e-02  eta: 0:57:10  time: 0.0435  data_time: 0.0012  memory: 413  loss: 17.8255  loss_ori: 2.3196  loss_uatm: 4.3864  loss_ugsa: 11.1195
2026/02/18 19:41:41 - mmengine - INFO - Epoch(train) [142][600/782]  lr: 5.0000e-02  eta: 0:57:06  time: 0.0443  data_time: 0.0014  memory: 413  loss: 18.2447  loss_ori: 2.3228  loss_uatm: 4.5275  loss_ugsa: 11.3945
2026/02/18 19:41:46 - mmengine - INFO - Epoch(train) [142][700/782]  lr: 5.0000e-02  eta: 0:57:01  time: 0.0479  data_time: 0.0016  memory: 413  loss: 18.0344  loss_ori: 2.2538  loss_uatm: 4.4399  loss_ugsa: 11.3407
2026/02/18 19:41:48 - mmengine - INFO - Exp name: resnet32x4_resnet8x4_20260218_180916
2026/02/18 19:41:50 - mmengine - INFO - Exp name: resnet32x4_resnet8x4_20260218_180916
2026/02/18 19:41:52 - mmengine - INFO - Epoch(val) [142][100/157]    eta: 0:00:01  time: 0.0236  data_time: 0.0007  memory: 413  
2026/02/18 19:41:54 - mmengine - INFO - Epoch(val) [142][157/157]    accuracy/top1: 62.1800  data_time: 0.0010  time: 0.0250
2026/02/18 19:41:59 - mmengine - INFO - Epoch(train) [143][100/782]  lr: 5.0000e-02  eta: 0:56:54  time: 0.0443  data_time: 0.0014  memory: 413  loss: 17.5085  loss_ori: 1.9315  loss_uatm: 4.4058  loss_ugsa: 11.1713
2026/02/18 19:42:03 - mmengine - INFO - Epoch(train) [143][200/782]  lr: 5.0000e-02  eta: 0:56:49  time: 0.0373  data_time: 0.0010  memory: 413  loss: 17.7267  loss_ori: 2.1197  loss_uatm: 4.5819  loss_ugsa: 11.0250
2026/02/18 19:42:07 - mmengine - INFO - Epoch(train) [143][300/782]  lr: 5.0000e-02  eta: 0:56:44  time: 0.0663  data_time: 0.0014  memory: 413  loss: 17.5998  loss_ori: 2.2451  loss_uatm: 4.3769  loss_ugsa: 10.9778
2026/02/18 19:42:11 - mmengine - INFO - Epoch(train) [143][400/782]  lr: 5.0000e-02  eta: 0:56:40  time: 0.0414  data_time: 0.0010  memory: 413  loss: 17.7694  loss_ori: 2.0815  loss_uatm: 4.4193  loss_ugsa: 11.2687
2026/02/18 19:42:16 - mmengine - INFO - Epoch(train) [143][500/782]  lr: 5.0000e-02  eta: 0:56:35  time: 0.0494  data_time: 0.0014  memory: 413  loss: 17.8510  loss_ori: 1.8748  loss_uatm: 4.3613  loss_ugsa: 11.6149
2026/02/18 19:42:20 - mmengine - INFO - Epoch(train) [143][600/782]  lr: 5.0000e-02  eta: 0:56:31  time: 0.0402  data_time: 0.0010  memory: 413  loss: 18.6312  loss_ori: 1.9003  loss_uatm: 4.7398  loss_ugsa: 11.9912
2026/02/18 19:42:25 - mmengine - INFO - Epoch(train) [143][700/782]  lr: 5.0000e-02  eta: 0:56:26  time: 0.0346  data_time: 0.0011  memory: 413  loss: 18.3930  loss_ori: 2.1075  loss_uatm: 4.8590  loss_ugsa: 11.4266
2026/02/18 19:42:28 - mmengine - INFO - Exp name: resnet32x4_resnet8x4_20260218_180916
2026/02/18 19:42:31 - mmengine - INFO - Epoch(val) [143][100/157]    eta: 0:00:01  time: 0.0186  data_time: 0.0005  memory: 413  
2026/02/18 19:42:32 - mmengine - INFO - Epoch(val) [143][157/157]    accuracy/top1: 62.2700  data_time: 0.0008  time: 0.0226
2026/02/18 19:42:37 - mmengine - INFO - Epoch(train) [144][100/782]  lr: 5.0000e-02  eta: 0:56:18  time: 0.0445  data_time: 0.0021  memory: 413  loss: 17.1545  loss_ori: 1.8781  loss_uatm: 4.2990  loss_ugsa: 10.9774
2026/02/18 19:42:40 - mmengine - INFO - Exp name: resnet32x4_resnet8x4_20260218_180916
2026/02/18 19:42:41 - mmengine - INFO - Epoch(train) [144][200/782]  lr: 5.0000e-02  eta: 0:56:14  time: 0.0410  data_time: 0.0015  memory: 413  loss: 17.9650  loss_ori: 1.9249  loss_uatm: 4.3531  loss_ugsa: 11.6870
2026/02/18 19:42:45 - mmengine - INFO - Epoch(train) [144][300/782]  lr: 5.0000e-02  eta: 0:56:09  time: 0.0349  data_time: 0.0009  memory: 413  loss: 17.9114  loss_ori: 2.2062  loss_uatm: 4.4662  loss_ugsa: 11.2390
2026/02/18 19:42:50 - mmengine - INFO - Epoch(train) [144][400/782]  lr: 5.0000e-02  eta: 0:56:04  time: 0.0437  data_time: 0.0024  memory: 413  loss: 17.9247  loss_ori: 1.8988  loss_uatm: 4.4206  loss_ugsa: 11.6053
2026/02/18 19:42:54 - mmengine - INFO - Epoch(train) [144][500/782]  lr: 5.0000e-02  eta: 0:56:00  time: 0.0476  data_time: 0.0019  memory: 413  loss: 18.3485  loss_ori: 2.1665  loss_uatm: 4.5211  loss_ugsa: 11.6609
2026/02/18 19:42:59 - mmengine - INFO - Epoch(train) [144][600/782]  lr: 5.0000e-02  eta: 0:55:56  time: 0.0428  data_time: 0.0014  memory: 413  loss: 17.7171  loss_ori: 1.9409  loss_uatm: 4.3414  loss_ugsa: 11.4348
2026/02/18 19:43:04 - mmengine - INFO - Epoch(train) [144][700/782]  lr: 5.0000e-02  eta: 0:55:51  time: 0.0426  data_time: 0.0012  memory: 413  loss: 17.3796  loss_ori: 1.5849  loss_uatm: 4.6204  loss_ugsa: 11.1744
2026/02/18 19:43:07 - mmengine - INFO - Exp name: resnet32x4_resnet8x4_20260218_180916
2026/02/18 19:43:09 - mmengine - INFO - Epoch(val) [144][100/157]    eta: 0:00:01  time: 0.0171  data_time: 0.0004  memory: 413  
2026/02/18 19:43:10 - mmengine - INFO - Epoch(val) [144][157/157]    accuracy/top1: 61.7700  data_time: 0.0006  time: 0.0199
2026/02/18 19:43:15 - mmengine - INFO - Epoch(train) [145][100/782]  lr: 5.0000e-02  eta: 0:55:43  time: 0.0452  data_time: 0.0024  memory: 413  loss: 17.7248  loss_ori: 2.3581  loss_uatm: 4.3873  loss_ugsa: 10.9794
2026/02/18 19:43:20 - mmengine - INFO - Epoch(train) [145][200/782]  lr: 5.0000e-02  eta: 0:55:39  time: 0.0464  data_time: 0.0014  memory: 413  loss: 18.4911  loss_ori: 1.6890  loss_uatm: 4.3235  loss_ugsa: 12.4786
2026/02/18 19:43:25 - mmengine - INFO - Epoch(train) [145][300/782]  lr: 5.0000e-02  eta: 0:55:34  time: 0.0676  data_time: 0.0020  memory: 413  loss: 18.3379  loss_ori: 1.8647  loss_uatm: 4.4557  loss_ugsa: 12.0175
2026/02/18 19:43:29 - mmengine - INFO - Exp name: resnet32x4_resnet8x4_20260218_180916
2026/02/18 19:43:29 - mmengine - INFO - Epoch(train) [145][400/782]  lr: 5.0000e-02  eta: 0:55:30  time: 0.0432  data_time: 0.0013  memory: 413  loss: 17.6998  loss_ori: 2.1258  loss_uatm: 4.4778  loss_ugsa: 11.0962
2026/02/18 19:43:34 - mmengine - INFO - Epoch(train) [145][500/782]  lr: 5.0000e-02  eta: 0:55:26  time: 0.0464  data_time: 0.0013  memory: 413  loss: 17.8155  loss_ori: 1.9075  loss_uatm: 4.6666  loss_ugsa: 11.2415
2026/02/18 19:43:38 - mmengine - INFO - Epoch(train) [145][600/782]  lr: 5.0000e-02  eta: 0:55:21  time: 0.0458  data_time: 0.0014  memory: 413  loss: 18.2684  loss_ori: 2.0498  loss_uatm: 4.4753  loss_ugsa: 11.7434
2026/02/18 19:43:43 - mmengine - INFO - Epoch(train) [145][700/782]  lr: 5.0000e-02  eta: 0:55:17  time: 0.0462  data_time: 0.0016  memory: 413  loss: 17.9439  loss_ori: 2.0476  loss_uatm: 4.4924  loss_ugsa: 11.4039
2026/02/18 19:43:47 - mmengine - INFO - Exp name: resnet32x4_resnet8x4_20260218_180916
2026/02/18 19:43:49 - mmengine - INFO - Epoch(val) [145][100/157]    eta: 0:00:01  time: 0.0206  data_time: 0.0005  memory: 413  
2026/02/18 19:43:51 - mmengine - INFO - Epoch(val) [145][157/157]    accuracy/top1: 60.9200  data_time: 0.0010  time: 0.0223
2026/02/18 19:43:55 - mmengine - INFO - Epoch(train) [146][100/782]  lr: 5.0000e-02  eta: 0:55:09  time: 0.0502  data_time: 0.0015  memory: 413  loss: 17.9193  loss_ori: 2.1230  loss_uatm: 4.5218  loss_ugsa: 11.2745
2026/02/18 19:44:00 - mmengine - INFO - Epoch(train) [146][200/782]  lr: 5.0000e-02  eta: 0:55:05  time: 0.0444  data_time: 0.0013  memory: 413  loss: 18.1530  loss_ori: 2.1334  loss_uatm: 4.2586  loss_ugsa: 11.7611
2026/02/18 19:44:05 - mmengine - INFO - Epoch(train) [146][300/782]  lr: 5.0000e-02  eta: 0:55:00  time: 0.0698  data_time: 0.0014  memory: 413  loss: 18.1398  loss_ori: 2.3608  loss_uatm: 4.4675  loss_ugsa: 11.3115
2026/02/18 19:44:09 - mmengine - INFO - Epoch(train) [146][400/782]  lr: 5.0000e-02  eta: 0:54:56  time: 0.0450  data_time: 0.0019  memory: 413  loss: 17.7829  loss_ori: 2.1457  loss_uatm: 4.4897  loss_ugsa: 11.1475
2026/02/18 19:44:14 - mmengine - INFO - Epoch(train) [146][500/782]  lr: 5.0000e-02  eta: 0:54:51  time: 0.0432  data_time: 0.0018  memory: 413  loss: 18.2219  loss_ori: 2.0085  loss_uatm: 4.6304  loss_ugsa: 11.5831
2026/02/18 19:44:18 - mmengine - INFO - Epoch(train) [146][600/782]  lr: 5.0000e-02  eta: 0:54:47  time: 0.0678  data_time: 0.0015  memory: 413  loss: 17.4663  loss_ori: 1.5735  loss_uatm: 4.7101  loss_ugsa: 11.1827
2026/02/18 19:44:19 - mmengine - INFO - Exp name: resnet32x4_resnet8x4_20260218_180916
2026/02/18 19:44:23 - mmengine - INFO - Epoch(train) [146][700/782]  lr: 5.0000e-02  eta: 0:54:42  time: 0.0417  data_time: 0.0017  memory: 413  loss: 18.8023  loss_ori: 2.1148  loss_uatm: 4.6981  loss_ugsa: 11.9894
2026/02/18 19:44:27 - mmengine - INFO - Exp name: resnet32x4_resnet8x4_20260218_180916
2026/02/18 19:44:29 - mmengine - INFO - Epoch(val) [146][100/157]    eta: 0:00:01  time: 0.0199  data_time: 0.0006  memory: 413  
2026/02/18 19:44:30 - mmengine - INFO - Epoch(val) [146][157/157]    accuracy/top1: 62.9800  data_time: 0.0009  time: 0.0228
2026/02/18 19:44:35 - mmengine - INFO - Epoch(train) [147][100/782]  lr: 5.0000e-02  eta: 0:54:34  time: 0.0434  data_time: 0.0012  memory: 413  loss: 17.9624  loss_ori: 2.2423  loss_uatm: 4.4419  loss_ugsa: 11.2782
2026/02/18 19:44:40 - mmengine - INFO - Epoch(train) [147][200/782]  lr: 5.0000e-02  eta: 0:54:30  time: 0.0448  data_time: 0.0013  memory: 413  loss: 18.2845  loss_ori: 2.2575  loss_uatm: 4.5592  loss_ugsa: 11.4678
2026/02/18 19:44:44 - mmengine - INFO - Epoch(train) [147][300/782]  lr: 5.0000e-02  eta: 0:54:26  time: 0.0433  data_time: 0.0014  memory: 413  loss: 17.7501  loss_ori: 2.2856  loss_uatm: 4.2776  loss_ugsa: 11.1869
2026/02/18 19:44:49 - mmengine - INFO - Epoch(train) [147][400/782]  lr: 5.0000e-02  eta: 0:54:21  time: 0.0455  data_time: 0.0018  memory: 413  loss: 17.7058  loss_ori: 1.4156  loss_uatm: 4.6597  loss_ugsa: 11.6305
2026/02/18 19:44:54 - mmengine - INFO - Epoch(train) [147][500/782]  lr: 5.0000e-02  eta: 0:54:17  time: 0.0461  data_time: 0.0013  memory: 413  loss: 17.5352  loss_ori: 2.1739  loss_uatm: 4.3394  loss_ugsa: 11.0220
2026/02/18 19:44:58 - mmengine - INFO - Epoch(train) [147][600/782]  lr: 5.0000e-02  eta: 0:54:12  time: 0.0393  data_time: 0.0013  memory: 413  loss: 17.7191  loss_ori: 2.0427  loss_uatm: 4.2721  loss_ugsa: 11.4043
2026/02/18 19:45:02 - mmengine - INFO - Epoch(train) [147][700/782]  lr: 5.0000e-02  eta: 0:54:08  time: 0.0416  data_time: 0.0013  memory: 413  loss: 18.1430  loss_ori: 1.9029  loss_uatm: 4.5273  loss_ugsa: 11.7128
2026/02/18 19:45:05 - mmengine - INFO - Exp name: resnet32x4_resnet8x4_20260218_180916
2026/02/18 19:45:08 - mmengine - INFO - Epoch(val) [147][100/157]    eta: 0:00:01  time: 0.0216  data_time: 0.0006  memory: 413  
2026/02/18 19:45:09 - mmengine - INFO - Epoch(val) [147][157/157]    accuracy/top1: 63.0700  data_time: 0.0008  time: 0.0246
2026/02/18 19:45:11 - mmengine - INFO - Exp name: resnet32x4_resnet8x4_20260218_180916
2026/02/18 19:45:14 - mmengine - INFO - Epoch(train) [148][100/782]  lr: 5.0000e-02  eta: 0:53:59  time: 0.0449  data_time: 0.0014  memory: 413  loss: 17.9638  loss_ori: 1.5867  loss_uatm: 4.3815  loss_ugsa: 11.9956
2026/02/18 19:45:18 - mmengine - INFO - Epoch(train) [148][200/782]  lr: 5.0000e-02  eta: 0:53:55  time: 0.0446  data_time: 0.0013  memory: 413  loss: 17.4423  loss_ori: 1.6349  loss_uatm: 4.4471  loss_ugsa: 11.3603
2026/02/18 19:45:23 - mmengine - INFO - Epoch(train) [148][300/782]  lr: 5.0000e-02  eta: 0:53:50  time: 0.0456  data_time: 0.0013  memory: 413  loss: 18.0363  loss_ori: 1.9257  loss_uatm: 4.6290  loss_ugsa: 11.4816
2026/02/18 19:45:27 - mmengine - INFO - Epoch(train) [148][400/782]  lr: 5.0000e-02  eta: 0:53:46  time: 0.0412  data_time: 0.0012  memory: 413  loss: 16.8883  loss_ori: 1.5202  loss_uatm: 4.3164  loss_ugsa: 11.0517
2026/02/18 19:45:32 - mmengine - INFO - Epoch(train) [148][500/782]  lr: 5.0000e-02  eta: 0:53:42  time: 0.0430  data_time: 0.0011  memory: 413  loss: 18.5290  loss_ori: 2.0079  loss_uatm: 4.6902  loss_ugsa: 11.8308
2026/02/18 19:45:36 - mmengine - INFO - Epoch(train) [148][600/782]  lr: 5.0000e-02  eta: 0:53:37  time: 0.0440  data_time: 0.0012  memory: 413  loss: 18.5856  loss_ori: 2.3067  loss_uatm: 4.8280  loss_ugsa: 11.4509
2026/02/18 19:45:41 - mmengine - INFO - Epoch(train) [148][700/782]  lr: 5.0000e-02  eta: 0:53:32  time: 0.0369  data_time: 0.0014  memory: 413  loss: 18.4330  loss_ori: 2.3834  loss_uatm: 4.4492  loss_ugsa: 11.6004
2026/02/18 19:45:45 - mmengine - INFO - Exp name: resnet32x4_resnet8x4_20260218_180916
2026/02/18 19:45:47 - mmengine - INFO - Epoch(val) [148][100/157]    eta: 0:00:01  time: 0.0201  data_time: 0.0006  memory: 413  
2026/02/18 19:45:48 - mmengine - INFO - Epoch(val) [148][157/157]    accuracy/top1: 63.8500  data_time: 0.0011  time: 0.0236
2026/02/18 19:45:53 - mmengine - INFO - Epoch(train) [149][100/782]  lr: 5.0000e-02  eta: 0:53:24  time: 0.0444  data_time: 0.0017  memory: 413  loss: 17.8675  loss_ori: 1.8886  loss_uatm: 4.3922  loss_ugsa: 11.5867
2026/02/18 19:45:58 - mmengine - INFO - Epoch(train) [149][200/782]  lr: 5.0000e-02  eta: 0:53:20  time: 0.0431  data_time: 0.0013  memory: 413  loss: 18.2921  loss_ori: 1.9846  loss_uatm: 4.3374  loss_ugsa: 11.9701
2026/02/18 19:46:01 - mmengine - INFO - Exp name: resnet32x4_resnet8x4_20260218_180916
2026/02/18 19:46:02 - mmengine - INFO - Epoch(train) [149][300/782]  lr: 5.0000e-02  eta: 0:53:16  time: 0.0416  data_time: 0.0014  memory: 413  loss: 18.1463  loss_ori: 1.9814  loss_uatm: 4.4501  loss_ugsa: 11.7148
2026/02/18 19:46:07 - mmengine - INFO - Epoch(train) [149][400/782]  lr: 5.0000e-02  eta: 0:53:11  time: 0.0456  data_time: 0.0013  memory: 413  loss: 17.9253  loss_ori: 1.9030  loss_uatm: 4.6393  loss_ugsa: 11.3831
2026/02/18 19:46:11 - mmengine - INFO - Epoch(train) [149][500/782]  lr: 5.0000e-02  eta: 0:53:07  time: 0.0442  data_time: 0.0014  memory: 413  loss: 18.3773  loss_ori: 2.0110  loss_uatm: 4.5686  loss_ugsa: 11.7977
2026/02/18 19:46:16 - mmengine - INFO - Epoch(train) [149][600/782]  lr: 5.0000e-02  eta: 0:53:02  time: 0.0474  data_time: 0.0019  memory: 413  loss: 18.3308  loss_ori: 1.8959  loss_uatm: 4.8286  loss_ugsa: 11.6063
2026/02/18 19:46:21 - mmengine - INFO - Epoch(train) [149][700/782]  lr: 5.0000e-02  eta: 0:52:58  time: 0.0436  data_time: 0.0015  memory: 413  loss: 17.8109  loss_ori: 2.2335  loss_uatm: 4.4399  loss_ugsa: 11.1374
2026/02/18 19:46:25 - mmengine - INFO - Exp name: resnet32x4_resnet8x4_20260218_180916
2026/02/18 19:46:27 - mmengine - INFO - Epoch(val) [149][100/157]    eta: 0:00:01  time: 0.0196  data_time: 0.0004  memory: 413  
2026/02/18 19:46:28 - mmengine - INFO - Epoch(val) [149][157/157]    accuracy/top1: 61.0100  data_time: 0.0008  time: 0.0203
2026/02/18 19:46:33 - mmengine - INFO - Epoch(train) [150][100/782]  lr: 5.0000e-02  eta: 0:52:50  time: 0.0447  data_time: 0.0013  memory: 413  loss: 17.8390  loss_ori: 2.5255  loss_uatm: 4.4834  loss_ugsa: 10.8301
2026/02/18 19:46:37 - mmengine - INFO - Epoch(train) [150][200/782]  lr: 5.0000e-02  eta: 0:52:46  time: 0.0467  data_time: 0.0014  memory: 413  loss: 17.9347  loss_ori: 1.8016  loss_uatm: 4.5004  loss_ugsa: 11.6327
2026/02/18 19:46:42 - mmengine - INFO - Epoch(train) [150][300/782]  lr: 5.0000e-02  eta: 0:52:41  time: 0.0407  data_time: 0.0010  memory: 413  loss: 17.7278  loss_ori: 1.9603  loss_uatm: 4.4873  loss_ugsa: 11.2802
2026/02/18 19:46:46 - mmengine - INFO - Epoch(train) [150][400/782]  lr: 5.0000e-02  eta: 0:52:36  time: 0.0412  data_time: 0.0010  memory: 413  loss: 17.3856  loss_ori: 1.9680  loss_uatm: 4.2848  loss_ugsa: 11.1328
2026/02/18 19:46:49 - mmengine - INFO - Exp name: resnet32x4_resnet8x4_20260218_180916
2026/02/18 19:46:50 - mmengine - INFO - Epoch(train) [150][500/782]  lr: 5.0000e-02  eta: 0:52:32  time: 0.0460  data_time: 0.0014  memory: 413  loss: 17.6543  loss_ori: 1.6063  loss_uatm: 4.6884  loss_ugsa: 11.3596
2026/02/18 19:46:55 - mmengine - INFO - Epoch(train) [150][600/782]  lr: 5.0000e-02  eta: 0:52:27  time: 0.0461  data_time: 0.0014  memory: 413  loss: 17.3983  loss_ori: 1.8898  loss_uatm: 4.4788  loss_ugsa: 11.0297
2026/02/18 19:46:59 - mmengine - INFO - Epoch(train) [150][700/782]  lr: 5.0000e-02  eta: 0:52:23  time: 0.0455  data_time: 0.0013  memory: 413  loss: 17.4757  loss_ori: 1.5134  loss_uatm: 4.4075  loss_ugsa: 11.5549
2026/02/18 19:47:03 - mmengine - INFO - Exp name: resnet32x4_resnet8x4_20260218_180916
2026/02/18 19:47:06 - mmengine - INFO - Epoch(val) [150][100/157]    eta: 0:00:01  time: 0.0191  data_time: 0.0005  memory: 413  
2026/02/18 19:47:07 - mmengine - INFO - Epoch(val) [150][157/157]    accuracy/top1: 63.0200  data_time: 0.0009  time: 0.0236
2026/02/18 19:47:12 - mmengine - INFO - Epoch(train) [151][100/782]  lr: 5.0000e-03  eta: 0:52:15  time: 0.0483  data_time: 0.0019  memory: 413  loss: 16.4926  loss_ori: 2.0852  loss_uatm: 3.3871  loss_ugsa: 11.0203
2026/02/18 19:47:17 - mmengine - INFO - Epoch(train) [151][200/782]  lr: 5.0000e-03  eta: 0:52:11  time: 0.0507  data_time: 0.0019  memory: 413  loss: 16.9795  loss_ori: 2.2408  loss_uatm: 3.5696  loss_ugsa: 11.1691
2026/02/18 19:47:21 - mmengine - INFO - Epoch(train) [151][300/782]  lr: 5.0000e-03  eta: 0:52:06  time: 0.0454  data_time: 0.0020  memory: 413  loss: 17.1158  loss_ori: 1.9930  loss_uatm: 3.5312  loss_ugsa: 11.5917
2026/02/18 19:47:26 - mmengine - INFO - Epoch(train) [151][400/782]  lr: 5.0000e-03  eta: 0:52:02  time: 0.0456  data_time: 0.0020  memory: 413  loss: 16.5885  loss_ori: 1.8896  loss_uatm: 3.4562  loss_ugsa: 11.2428
2026/02/18 19:47:31 - mmengine - INFO - Epoch(train) [151][500/782]  lr: 5.0000e-03  eta: 0:51:58  time: 0.0482  data_time: 0.0020  memory: 413  loss: 16.4143  loss_ori: 1.6098  loss_uatm: 3.4059  loss_ugsa: 11.3987
2026/02/18 19:47:35 - mmengine - INFO - Epoch(train) [151][600/782]  lr: 5.0000e-03  eta: 0:51:53  time: 0.0445  data_time: 0.0020  memory: 413  loss: 16.3716  loss_ori: 1.9399  loss_uatm: 3.2257  loss_ugsa: 11.2060
2026/02/18 19:47:40 - mmengine - INFO - Exp name: resnet32x4_resnet8x4_20260218_180916
2026/02/18 19:47:40 - mmengine - INFO - Epoch(train) [151][700/782]  lr: 5.0000e-03  eta: 0:51:49  time: 0.0432  data_time: 0.0014  memory: 413  loss: 16.2867  loss_ori: 1.4714  loss_uatm: 3.4413  loss_ugsa: 11.3741
2026/02/18 19:47:44 - mmengine - INFO - Exp name: resnet32x4_resnet8x4_20260218_180916
2026/02/18 19:47:46 - mmengine - INFO - Epoch(val) [151][100/157]    eta: 0:00:01  time: 0.0245  data_time: 0.0006  memory: 413  
2026/02/18 19:47:48 - mmengine - INFO - Epoch(val) [151][157/157]    accuracy/top1: 73.1400  data_time: 0.0009  time: 0.0216
2026/02/18 19:47:48 - mmengine - INFO - The previous best checkpoint /root/autodl-tmp/mmcls/work_dirs/cifar100/resnet32x4_resnet8x4/UATM+UGSA_temp=4.0_loss_weight=15.0+loss_weight=1.0_1/best_accuracy_top1_epoch_141.pth is removed
2026/02/18 19:47:49 - mmengine - INFO - The best checkpoint with 73.1400 accuracy/top1 at 151 epoch is saved to best_accuracy_top1_epoch_151.pth.
2026/02/18 19:47:53 - mmengine - INFO - Epoch(train) [152][100/782]  lr: 5.0000e-03  eta: 0:51:41  time: 0.0402  data_time: 0.0012  memory: 413  loss: 16.3602  loss_ori: 2.0954  loss_uatm: 3.2152  loss_ugsa: 11.0496
2026/02/18 19:47:58 - mmengine - INFO - Epoch(train) [152][200/782]  lr: 5.0000e-03  eta: 0:51:36  time: 0.0438  data_time: 0.0017  memory: 413  loss: 15.9823  loss_ori: 2.0199  loss_uatm: 3.1759  loss_ugsa: 10.7864
2026/02/18 19:48:02 - mmengine - INFO - Epoch(train) [152][300/782]  lr: 5.0000e-03  eta: 0:51:32  time: 0.0448  data_time: 0.0014  memory: 413  loss: 16.7741  loss_ori: 2.1562  loss_uatm: 3.1832  loss_ugsa: 11.4346
2026/02/18 19:48:07 - mmengine - INFO - Epoch(train) [152][400/782]  lr: 5.0000e-03  eta: 0:51:27  time: 0.0439  data_time: 0.0019  memory: 413  loss: 16.2980  loss_ori: 1.5943  loss_uatm: 3.1668  loss_ugsa: 11.5369
2026/02/18 19:48:11 - mmengine - INFO - Epoch(train) [152][500/782]  lr: 5.0000e-03  eta: 0:51:23  time: 0.0427  data_time: 0.0012  memory: 413  loss: 16.9122  loss_ori: 2.0369  loss_uatm: 3.3466  loss_ugsa: 11.5287
2026/02/18 19:48:16 - mmengine - INFO - Epoch(train) [152][600/782]  lr: 5.0000e-03  eta: 0:51:19  time: 0.0424  data_time: 0.0014  memory: 413  loss: 16.3892  loss_ori: 1.2671  loss_uatm: 3.2477  loss_ugsa: 11.8745
2026/02/18 19:48:20 - mmengine - INFO - Epoch(train) [152][700/782]  lr: 5.0000e-03  eta: 0:51:14  time: 0.0425  data_time: 0.0013  memory: 413  loss: 16.0121  loss_ori: 2.0138  loss_uatm: 3.2577  loss_ugsa: 10.7406
2026/02/18 19:48:24 - mmengine - INFO - Exp name: resnet32x4_resnet8x4_20260218_180916
2026/02/18 19:48:27 - mmengine - INFO - Epoch(val) [152][100/157]    eta: 0:00:01  time: 0.0212  data_time: 0.0005  memory: 413  
2026/02/18 19:48:28 - mmengine - INFO - Epoch(val) [152][157/157]    accuracy/top1: 72.8200  data_time: 0.0009  time: 0.0234
2026/02/18 19:48:33 - mmengine - INFO - Epoch(train) [153][100/782]  lr: 5.0000e-03  eta: 0:51:06  time: 0.0472  data_time: 0.0019  memory: 413  loss: 16.6141  loss_ori: 1.7567  loss_uatm: 3.2534  loss_ugsa: 11.6040
2026/02/18 19:48:34 - mmengine - INFO - Exp name: resnet32x4_resnet8x4_20260218_180916
2026/02/18 19:48:37 - mmengine - INFO - Epoch(train) [153][200/782]  lr: 5.0000e-03  eta: 0:51:02  time: 0.0414  data_time: 0.0010  memory: 413  loss: 16.3274  loss_ori: 1.5455  loss_uatm: 3.2498  loss_ugsa: 11.5322
2026/02/18 19:48:42 - mmengine - INFO - Epoch(train) [153][300/782]  lr: 5.0000e-03  eta: 0:50:57  time: 0.0439  data_time: 0.0012  memory: 413  loss: 16.1194  loss_ori: 1.9272  loss_uatm: 3.1263  loss_ugsa: 11.0659
2026/02/18 19:48:46 - mmengine - INFO - Epoch(train) [153][400/782]  lr: 5.0000e-03  eta: 0:50:53  time: 0.0463  data_time: 0.0015  memory: 413  loss: 15.6973  loss_ori: 1.3056  loss_uatm: 3.0561  loss_ugsa: 11.3355
2026/02/18 19:48:51 - mmengine - INFO - Epoch(train) [153][500/782]  lr: 5.0000e-03  eta: 0:50:48  time: 0.0467  data_time: 0.0013  memory: 413  loss: 15.5295  loss_ori: 1.7946  loss_uatm: 3.0550  loss_ugsa: 10.6798
2026/02/18 19:48:55 - mmengine - INFO - Epoch(train) [153][600/782]  lr: 5.0000e-03  eta: 0:50:44  time: 0.0421  data_time: 0.0010  memory: 413  loss: 15.9126  loss_ori: 1.7387  loss_uatm: 3.0184  loss_ugsa: 11.1555
2026/02/18 19:48:59 - mmengine - INFO - Epoch(train) [153][700/782]  lr: 5.0000e-03  eta: 0:50:39  time: 0.0374  data_time: 0.0013  memory: 413  loss: 16.2766  loss_ori: 1.8364  loss_uatm: 3.2157  loss_ugsa: 11.2244
2026/02/18 19:49:03 - mmengine - INFO - Exp name: resnet32x4_resnet8x4_20260218_180916
2026/02/18 19:49:05 - mmengine - INFO - Epoch(val) [153][100/157]    eta: 0:00:01  time: 0.0213  data_time: 0.0011  memory: 413  
2026/02/18 19:49:07 - mmengine - INFO - Epoch(val) [153][157/157]    accuracy/top1: 73.6000  data_time: 0.0009  time: 0.0237
2026/02/18 19:49:07 - mmengine - INFO - The previous best checkpoint /root/autodl-tmp/mmcls/work_dirs/cifar100/resnet32x4_resnet8x4/UATM+UGSA_temp=4.0_loss_weight=15.0+loss_weight=1.0_1/best_accuracy_top1_epoch_151.pth is removed
2026/02/18 19:49:08 - mmengine - INFO - The best checkpoint with 73.6000 accuracy/top1 at 153 epoch is saved to best_accuracy_top1_epoch_153.pth.
2026/02/18 19:49:13 - mmengine - INFO - Epoch(train) [154][100/782]  lr: 5.0000e-03  eta: 0:50:31  time: 0.0691  data_time: 0.0261  memory: 413  loss: 16.2302  loss_ori: 1.7118  loss_uatm: 3.0474  loss_ugsa: 11.4710
2026/02/18 19:49:17 - mmengine - INFO - Epoch(train) [154][200/782]  lr: 5.0000e-03  eta: 0:50:27  time: 0.0433  data_time: 0.0016  memory: 413  loss: 14.8742  loss_ori: 1.2999  loss_uatm: 2.8814  loss_ugsa: 10.6929
2026/02/18 19:49:22 - mmengine - INFO - Epoch(train) [154][300/782]  lr: 5.0000e-03  eta: 0:50:22  time: 0.0430  data_time: 0.0010  memory: 413  loss: 15.4239  loss_ori: 1.8684  loss_uatm: 2.8973  loss_ugsa: 10.6582
2026/02/18 19:49:24 - mmengine - INFO - Exp name: resnet32x4_resnet8x4_20260218_180916
2026/02/18 19:49:26 - mmengine - INFO - Epoch(train) [154][400/782]  lr: 5.0000e-03  eta: 0:50:18  time: 0.0455  data_time: 0.0017  memory: 413  loss: 16.2840  loss_ori: 1.9318  loss_uatm: 3.0743  loss_ugsa: 11.2778
2026/02/18 19:49:31 - mmengine - INFO - Epoch(train) [154][500/782]  lr: 5.0000e-03  eta: 0:50:14  time: 0.0444  data_time: 0.0016  memory: 413  loss: 15.5743  loss_ori: 1.6931  loss_uatm: 3.0916  loss_ugsa: 10.7896
2026/02/18 19:49:36 - mmengine - INFO - Epoch(train) [154][600/782]  lr: 5.0000e-03  eta: 0:50:09  time: 0.0439  data_time: 0.0013  memory: 413  loss: 16.3509  loss_ori: 1.6384  loss_uatm: 3.0157  loss_ugsa: 11.6968
2026/02/18 19:49:40 - mmengine - INFO - Epoch(train) [154][700/782]  lr: 5.0000e-03  eta: 0:50:05  time: 0.0407  data_time: 0.0009  memory: 413  loss: 16.0133  loss_ori: 1.6547  loss_uatm: 3.1693  loss_ugsa: 11.1894
2026/02/18 19:49:44 - mmengine - INFO - Exp name: resnet32x4_resnet8x4_20260218_180916
2026/02/18 19:49:46 - mmengine - INFO - Epoch(val) [154][100/157]    eta: 0:00:01  time: 0.0216  data_time: 0.0006  memory: 413  
2026/02/18 19:49:47 - mmengine - INFO - Epoch(val) [154][157/157]    accuracy/top1: 74.4100  data_time: 0.0010  time: 0.0227
2026/02/18 19:49:47 - mmengine - INFO - The previous best checkpoint /root/autodl-tmp/mmcls/work_dirs/cifar100/resnet32x4_resnet8x4/UATM+UGSA_temp=4.0_loss_weight=15.0+loss_weight=1.0_1/best_accuracy_top1_epoch_153.pth is removed
2026/02/18 19:49:48 - mmengine - INFO - The best checkpoint with 74.4100 accuracy/top1 at 154 epoch is saved to best_accuracy_top1_epoch_154.pth.
2026/02/18 19:49:54 - mmengine - INFO - Epoch(train) [155][100/782]  lr: 5.0000e-03  eta: 0:49:57  time: 0.0431  data_time: 0.0015  memory: 413  loss: 16.1903  loss_ori: 2.0907  loss_uatm: 3.1810  loss_ugsa: 10.9186
2026/02/18 19:49:58 - mmengine - INFO - Epoch(train) [155][200/782]  lr: 5.0000e-03  eta: 0:49:52  time: 0.0384  data_time: 0.0013  memory: 413  loss: 15.8880  loss_ori: 1.7575  loss_uatm: 2.9733  loss_ugsa: 11.1572
2026/02/18 19:50:02 - mmengine - INFO - Epoch(train) [155][300/782]  lr: 5.0000e-03  eta: 0:49:47  time: 0.0434  data_time: 0.0011  memory: 413  loss: 15.7647  loss_ori: 1.4221  loss_uatm: 2.9754  loss_ugsa: 11.3672
2026/02/18 19:50:06 - mmengine - INFO - Epoch(train) [155][400/782]  lr: 5.0000e-03  eta: 0:49:43  time: 0.0398  data_time: 0.0011  memory: 413  loss: 15.3383  loss_ori: 1.6193  loss_uatm: 2.9374  loss_ugsa: 10.7815
2026/02/18 19:50:11 - mmengine - INFO - Epoch(train) [155][500/782]  lr: 5.0000e-03  eta: 0:49:38  time: 0.0515  data_time: 0.0015  memory: 413  loss: 16.0049  loss_ori: 2.0303  loss_uatm: 3.0671  loss_ugsa: 10.9075
2026/02/18 19:50:14 - mmengine - INFO - Exp name: resnet32x4_resnet8x4_20260218_180916
2026/02/18 19:50:15 - mmengine - INFO - Epoch(train) [155][600/782]  lr: 5.0000e-03  eta: 0:49:34  time: 0.0447  data_time: 0.0012  memory: 413  loss: 16.6086  loss_ori: 1.9027  loss_uatm: 3.0840  loss_ugsa: 11.6218
2026/02/18 19:50:20 - mmengine - INFO - Epoch(train) [155][700/782]  lr: 5.0000e-03  eta: 0:49:30  time: 0.0466  data_time: 0.0028  memory: 413  loss: 15.5092  loss_ori: 1.7169  loss_uatm: 3.0492  loss_ugsa: 10.7431
2026/02/18 19:50:23 - mmengine - INFO - Exp name: resnet32x4_resnet8x4_20260218_180916
2026/02/18 19:50:25 - mmengine - INFO - Epoch(val) [155][100/157]    eta: 0:00:01  time: 0.0215  data_time: 0.0009  memory: 413  
2026/02/18 19:50:26 - mmengine - INFO - Epoch(val) [155][157/157]    accuracy/top1: 74.2100  data_time: 0.0007  time: 0.0198
2026/02/18 19:50:31 - mmengine - INFO - Epoch(train) [156][100/782]  lr: 5.0000e-03  eta: 0:49:21  time: 0.0430  data_time: 0.0016  memory: 413  loss: 16.1973  loss_ori: 1.8338  loss_uatm: 3.1271  loss_ugsa: 11.2364
2026/02/18 19:50:36 - mmengine - INFO - Epoch(train) [156][200/782]  lr: 5.0000e-03  eta: 0:49:17  time: 0.0433  data_time: 0.0019  memory: 413  loss: 15.8366  loss_ori: 1.8807  loss_uatm: 2.9238  loss_ugsa: 11.0322
2026/02/18 19:50:41 - mmengine - INFO - Epoch(train) [156][300/782]  lr: 5.0000e-03  eta: 0:49:13  time: 0.0438  data_time: 0.0013  memory: 413  loss: 16.2854  loss_ori: 1.9055  loss_uatm: 3.0856  loss_ugsa: 11.2943
2026/02/18 19:50:45 - mmengine - INFO - Epoch(train) [156][400/782]  lr: 5.0000e-03  eta: 0:49:08  time: 0.0388  data_time: 0.0009  memory: 413  loss: 15.9903  loss_ori: 1.5333  loss_uatm: 3.0905  loss_ugsa: 11.3665
2026/02/18 19:50:49 - mmengine - INFO - Epoch(train) [156][500/782]  lr: 5.0000e-03  eta: 0:49:03  time: 0.0413  data_time: 0.0012  memory: 413  loss: 15.7542  loss_ori: 2.1565  loss_uatm: 2.9319  loss_ugsa: 10.6659
2026/02/18 19:50:53 - mmengine - INFO - Epoch(train) [156][600/782]  lr: 5.0000e-03  eta: 0:48:59  time: 0.0415  data_time: 0.0012  memory: 413  loss: 15.5347  loss_ori: 1.6197  loss_uatm: 3.0975  loss_ugsa: 10.8175
2026/02/18 19:50:58 - mmengine - INFO - Epoch(train) [156][700/782]  lr: 5.0000e-03  eta: 0:48:54  time: 0.0410  data_time: 0.0013  memory: 413  loss: 16.1538  loss_ori: 2.2200  loss_uatm: 3.0078  loss_ugsa: 10.9259
2026/02/18 19:51:01 - mmengine - INFO - Exp name: resnet32x4_resnet8x4_20260218_180916
2026/02/18 19:51:04 - mmengine - INFO - Epoch(val) [156][100/157]    eta: 0:00:01  time: 0.0209  data_time: 0.0005  memory: 413  
2026/02/18 19:51:05 - mmengine - INFO - Epoch(val) [156][157/157]    accuracy/top1: 74.6700  data_time: 0.0009  time: 0.0227
2026/02/18 19:51:05 - mmengine - INFO - The previous best checkpoint /root/autodl-tmp/mmcls/work_dirs/cifar100/resnet32x4_resnet8x4/UATM+UGSA_temp=4.0_loss_weight=15.0+loss_weight=1.0_1/best_accuracy_top1_epoch_154.pth is removed
2026/02/18 19:51:06 - mmengine - INFO - The best checkpoint with 74.6700 accuracy/top1 at 156 epoch is saved to best_accuracy_top1_epoch_156.pth.
2026/02/18 19:51:06 - mmengine - INFO - Exp name: resnet32x4_resnet8x4_20260218_180916
2026/02/18 19:51:10 - mmengine - INFO - Epoch(train) [157][100/782]  lr: 5.0000e-03  eta: 0:48:46  time: 0.0451  data_time: 0.0023  memory: 413  loss: 15.7727  loss_ori: 1.8157  loss_uatm: 3.0664  loss_ugsa: 10.8906
2026/02/18 19:51:15 - mmengine - INFO - Epoch(train) [157][200/782]  lr: 5.0000e-03  eta: 0:48:42  time: 0.0463  data_time: 0.0021  memory: 413  loss: 16.0004  loss_ori: 1.5572  loss_uatm: 2.9789  loss_ugsa: 11.4643
2026/02/18 19:51:19 - mmengine - INFO - Epoch(train) [157][300/782]  lr: 5.0000e-03  eta: 0:48:37  time: 0.0433  data_time: 0.0013  memory: 413  loss: 15.7570  loss_ori: 1.6035  loss_uatm: 2.9546  loss_ugsa: 11.1989
2026/02/18 19:51:24 - mmengine - INFO - Epoch(train) [157][400/782]  lr: 5.0000e-03  eta: 0:48:33  time: 0.0468  data_time: 0.0015  memory: 413  loss: 16.1912  loss_ori: 1.6983  loss_uatm: 3.1236  loss_ugsa: 11.3693
2026/02/18 19:51:28 - mmengine - INFO - Epoch(train) [157][500/782]  lr: 5.0000e-03  eta: 0:48:28  time: 0.0431  data_time: 0.0012  memory: 413  loss: 16.2220  loss_ori: 1.6502  loss_uatm: 3.0540  loss_ugsa: 11.5178
2026/02/18 19:51:33 - mmengine - INFO - Epoch(train) [157][600/782]  lr: 5.0000e-03  eta: 0:48:24  time: 0.0457  data_time: 0.0013  memory: 413  loss: 15.7541  loss_ori: 2.1204  loss_uatm: 2.9553  loss_ugsa: 10.6783
2026/02/18 19:51:38 - mmengine - INFO - Epoch(train) [157][700/782]  lr: 5.0000e-03  eta: 0:48:19  time: 0.0475  data_time: 0.0020  memory: 413  loss: 15.2296  loss_ori: 1.3083  loss_uatm: 2.9094  loss_ugsa: 11.0119
2026/02/18 19:51:41 - mmengine - INFO - Exp name: resnet32x4_resnet8x4_20260218_180916
2026/02/18 19:51:44 - mmengine - INFO - Epoch(val) [157][100/157]    eta: 0:00:01  time: 0.0424  data_time: 0.0006  memory: 413  
2026/02/18 19:51:45 - mmengine - INFO - Epoch(val) [157][157/157]    accuracy/top1: 74.5100  data_time: 0.0009  time: 0.0235
2026/02/18 19:51:50 - mmengine - INFO - Epoch(train) [158][100/782]  lr: 5.0000e-03  eta: 0:48:11  time: 0.0394  data_time: 0.0010  memory: 413  loss: 15.7688  loss_ori: 1.2480  loss_uatm: 2.9610  loss_ugsa: 11.5598
2026/02/18 19:51:54 - mmengine - INFO - Epoch(train) [158][200/782]  lr: 5.0000e-03  eta: 0:48:07  time: 0.0454  data_time: 0.0013  memory: 413  loss: 15.6363  loss_ori: 1.4882  loss_uatm: 2.9507  loss_ugsa: 11.1975
2026/02/18 19:51:55 - mmengine - INFO - Exp name: resnet32x4_resnet8x4_20260218_180916
2026/02/18 19:51:59 - mmengine - INFO - Epoch(train) [158][300/782]  lr: 5.0000e-03  eta: 0:48:02  time: 0.0444  data_time: 0.0013  memory: 413  loss: 16.6415  loss_ori: 1.6742  loss_uatm: 3.0943  loss_ugsa: 11.8730
2026/02/18 19:52:03 - mmengine - INFO - Epoch(train) [158][400/782]  lr: 5.0000e-03  eta: 0:47:58  time: 0.0426  data_time: 0.0011  memory: 413  loss: 16.1274  loss_ori: 2.4434  loss_uatm: 3.1303  loss_ugsa: 10.5536
2026/02/18 19:52:07 - mmengine - INFO - Epoch(train) [158][500/782]  lr: 5.0000e-03  eta: 0:47:53  time: 0.0412  data_time: 0.0011  memory: 413  loss: 15.6968  loss_ori: 1.7917  loss_uatm: 3.0941  loss_ugsa: 10.8111
2026/02/18 19:52:11 - mmengine - INFO - Epoch(train) [158][600/782]  lr: 5.0000e-03  eta: 0:47:49  time: 0.0355  data_time: 0.0010  memory: 413  loss: 15.8291  loss_ori: 1.5929  loss_uatm: 2.8908  loss_ugsa: 11.3454
2026/02/18 19:52:16 - mmengine - INFO - Epoch(train) [158][700/782]  lr: 5.0000e-03  eta: 0:47:44  time: 0.0438  data_time: 0.0013  memory: 413  loss: 15.7874  loss_ori: 1.2831  loss_uatm: 2.9770  loss_ugsa: 11.5273
2026/02/18 19:52:19 - mmengine - INFO - Exp name: resnet32x4_resnet8x4_20260218_180916
2026/02/18 19:52:22 - mmengine - INFO - Epoch(val) [158][100/157]    eta: 0:00:01  time: 0.0210  data_time: 0.0006  memory: 413  
2026/02/18 19:52:23 - mmengine - INFO - Epoch(val) [158][157/157]    accuracy/top1: 74.6000  data_time: 0.0007  time: 0.0235
2026/02/18 19:52:27 - mmengine - INFO - Epoch(train) [159][100/782]  lr: 5.0000e-03  eta: 0:47:36  time: 0.0388  data_time: 0.0012  memory: 413  loss: 15.2364  loss_ori: 1.7087  loss_uatm: 2.9283  loss_ugsa: 10.5993
2026/02/18 19:52:32 - mmengine - INFO - Epoch(train) [159][200/782]  lr: 5.0000e-03  eta: 0:47:31  time: 0.0398  data_time: 0.0014  memory: 413  loss: 16.0292  loss_ori: 1.8493  loss_uatm: 3.0498  loss_ugsa: 11.1300
2026/02/18 19:52:36 - mmengine - INFO - Epoch(train) [159][300/782]  lr: 5.0000e-03  eta: 0:47:27  time: 0.0433  data_time: 0.0015  memory: 413  loss: 15.7011  loss_ori: 1.4002  loss_uatm: 2.9133  loss_ugsa: 11.3875
2026/02/18 19:52:41 - mmengine - INFO - Epoch(train) [159][400/782]  lr: 5.0000e-03  eta: 0:47:22  time: 0.0442  data_time: 0.0026  memory: 413  loss: 15.4973  loss_ori: 1.6829  loss_uatm: 2.9249  loss_ugsa: 10.8895
2026/02/18 19:52:43 - mmengine - INFO - Exp name: resnet32x4_resnet8x4_20260218_180916
2026/02/18 19:52:45 - mmengine - INFO - Epoch(train) [159][500/782]  lr: 5.0000e-03  eta: 0:47:18  time: 0.0613  data_time: 0.0016  memory: 413  loss: 15.5625  loss_ori: 1.9403  loss_uatm: 2.9991  loss_ugsa: 10.6231
2026/02/18 19:52:50 - mmengine - INFO - Epoch(train) [159][600/782]  lr: 5.0000e-03  eta: 0:47:13  time: 0.0449  data_time: 0.0025  memory: 413  loss: 15.3413  loss_ori: 1.6980  loss_uatm: 2.8771  loss_ugsa: 10.7662
2026/02/18 19:52:54 - mmengine - INFO - Epoch(train) [159][700/782]  lr: 5.0000e-03  eta: 0:47:09  time: 0.0429  data_time: 0.0012  memory: 413  loss: 15.4218  loss_ori: 1.3677  loss_uatm: 2.8423  loss_ugsa: 11.2117
2026/02/18 19:52:58 - mmengine - INFO - Exp name: resnet32x4_resnet8x4_20260218_180916
2026/02/18 19:53:01 - mmengine - INFO - Epoch(val) [159][100/157]    eta: 0:00:01  time: 0.0210  data_time: 0.0005  memory: 413  
2026/02/18 19:53:02 - mmengine - INFO - Epoch(val) [159][157/157]    accuracy/top1: 74.2100  data_time: 0.0009  time: 0.0231
2026/02/18 19:53:06 - mmengine - INFO - Epoch(train) [160][100/782]  lr: 5.0000e-03  eta: 0:47:01  time: 0.0410  data_time: 0.0011  memory: 413  loss: 15.8487  loss_ori: 1.5362  loss_uatm: 2.9060  loss_ugsa: 11.4064
2026/02/18 19:53:11 - mmengine - INFO - Epoch(train) [160][200/782]  lr: 5.0000e-03  eta: 0:46:56  time: 0.0463  data_time: 0.0012  memory: 413  loss: 15.4833  loss_ori: 1.5000  loss_uatm: 2.9684  loss_ugsa: 11.0148
2026/02/18 19:53:15 - mmengine - INFO - Epoch(train) [160][300/782]  lr: 5.0000e-03  eta: 0:46:52  time: 0.0384  data_time: 0.0012  memory: 413  loss: 15.6051  loss_ori: 1.5504  loss_uatm: 3.0070  loss_ugsa: 11.0477
2026/02/18 19:53:20 - mmengine - INFO - Epoch(train) [160][400/782]  lr: 5.0000e-03  eta: 0:46:47  time: 0.0476  data_time: 0.0013  memory: 413  loss: 15.7672  loss_ori: 1.8628  loss_uatm: 3.0981  loss_ugsa: 10.8064
2026/02/18 19:53:25 - mmengine - INFO - Epoch(train) [160][500/782]  lr: 5.0000e-03  eta: 0:46:43  time: 0.0446  data_time: 0.0019  memory: 413  loss: 15.4994  loss_ori: 1.8569  loss_uatm: 2.8583  loss_ugsa: 10.7841
2026/02/18 19:53:29 - mmengine - INFO - Epoch(train) [160][600/782]  lr: 5.0000e-03  eta: 0:46:38  time: 0.0437  data_time: 0.0013  memory: 413  loss: 15.9577  loss_ori: 1.8651  loss_uatm: 3.0416  loss_ugsa: 11.0511
2026/02/18 19:53:32 - mmengine - INFO - Exp name: resnet32x4_resnet8x4_20260218_180916
2026/02/18 19:53:34 - mmengine - INFO - Epoch(train) [160][700/782]  lr: 5.0000e-03  eta: 0:46:34  time: 0.0477  data_time: 0.0013  memory: 413  loss: 15.8217  loss_ori: 1.9369  loss_uatm: 2.9291  loss_ugsa: 10.9556
2026/02/18 19:53:37 - mmengine - INFO - Exp name: resnet32x4_resnet8x4_20260218_180916
2026/02/18 19:53:40 - mmengine - INFO - Epoch(val) [160][100/157]    eta: 0:00:01  time: 0.0178  data_time: 0.0004  memory: 413  
2026/02/18 19:53:41 - mmengine - INFO - Epoch(val) [160][157/157]    accuracy/top1: 74.5000  data_time: 0.0008  time: 0.0210
2026/02/18 19:53:45 - mmengine - INFO - Epoch(train) [161][100/782]  lr: 5.0000e-03  eta: 0:46:26  time: 0.0446  data_time: 0.0013  memory: 413  loss: 15.9296  loss_ori: 1.9839  loss_uatm: 2.9270  loss_ugsa: 11.0186
2026/02/18 19:53:50 - mmengine - INFO - Epoch(train) [161][200/782]  lr: 5.0000e-03  eta: 0:46:21  time: 0.0414  data_time: 0.0016  memory: 413  loss: 15.5893  loss_ori: 1.5105  loss_uatm: 2.8511  loss_ugsa: 11.2278
2026/02/18 19:53:54 - mmengine - INFO - Epoch(train) [161][300/782]  lr: 5.0000e-03  eta: 0:46:17  time: 0.0423  data_time: 0.0012  memory: 413  loss: 14.4156  loss_ori: 1.6313  loss_uatm: 2.8857  loss_ugsa: 9.8985
2026/02/18 19:53:59 - mmengine - INFO - Epoch(train) [161][400/782]  lr: 5.0000e-03  eta: 0:46:12  time: 0.0459  data_time: 0.0019  memory: 413  loss: 15.5564  loss_ori: 1.5275  loss_uatm: 2.8708  loss_ugsa: 11.1580
2026/02/18 19:54:04 - mmengine - INFO - Epoch(train) [161][500/782]  lr: 5.0000e-03  eta: 0:46:08  time: 0.0437  data_time: 0.0014  memory: 413  loss: 15.9904  loss_ori: 2.1259  loss_uatm: 2.9152  loss_ugsa: 10.9493
2026/02/18 19:54:08 - mmengine - INFO - Epoch(train) [161][600/782]  lr: 5.0000e-03  eta: 0:46:04  time: 0.0448  data_time: 0.0013  memory: 413  loss: 15.1989  loss_ori: 1.7478  loss_uatm: 2.8076  loss_ugsa: 10.6436
2026/02/18 19:54:13 - mmengine - INFO - Epoch(train) [161][700/782]  lr: 5.0000e-03  eta: 0:45:59  time: 0.0440  data_time: 0.0015  memory: 413  loss: 15.8716  loss_ori: 1.7597  loss_uatm: 2.9970  loss_ugsa: 11.1150
2026/02/18 19:54:16 - mmengine - INFO - Exp name: resnet32x4_resnet8x4_20260218_180916
2026/02/18 19:54:19 - mmengine - INFO - Epoch(val) [161][100/157]    eta: 0:00:01  time: 0.0379  data_time: 0.0006  memory: 413  
2026/02/18 19:54:19 - mmengine - INFO - Epoch(val) [161][157/157]    accuracy/top1: 74.9000  data_time: 0.0009  time: 0.0185
2026/02/18 19:54:20 - mmengine - INFO - The previous best checkpoint /root/autodl-tmp/mmcls/work_dirs/cifar100/resnet32x4_resnet8x4/UATM+UGSA_temp=4.0_loss_weight=15.0+loss_weight=1.0_1/best_accuracy_top1_epoch_156.pth is removed
2026/02/18 19:54:20 - mmengine - INFO - The best checkpoint with 74.9000 accuracy/top1 at 161 epoch is saved to best_accuracy_top1_epoch_161.pth.
2026/02/18 19:54:25 - mmengine - INFO - Exp name: resnet32x4_resnet8x4_20260218_180916
2026/02/18 19:54:25 - mmengine - INFO - Epoch(train) [162][100/782]  lr: 5.0000e-03  eta: 0:45:51  time: 0.0422  data_time: 0.0012  memory: 413  loss: 15.6234  loss_ori: 1.6673  loss_uatm: 2.8276  loss_ugsa: 11.1285
2026/02/18 19:54:29 - mmengine - INFO - Epoch(train) [162][200/782]  lr: 5.0000e-03  eta: 0:45:47  time: 0.0417  data_time: 0.0010  memory: 413  loss: 15.6821  loss_ori: 2.1673  loss_uatm: 2.8984  loss_ugsa: 10.6164
2026/02/18 19:54:33 - mmengine - INFO - Epoch(train) [162][300/782]  lr: 5.0000e-03  eta: 0:45:42  time: 0.0461  data_time: 0.0016  memory: 413  loss: 15.7670  loss_ori: 1.5148  loss_uatm: 2.7563  loss_ugsa: 11.4959
2026/02/18 19:54:38 - mmengine - INFO - Epoch(train) [162][400/782]  lr: 5.0000e-03  eta: 0:45:38  time: 0.0457  data_time: 0.0015  memory: 413  loss: 16.3266  loss_ori: 1.9365  loss_uatm: 2.9960  loss_ugsa: 11.3940
2026/02/18 19:54:43 - mmengine - INFO - Epoch(train) [162][500/782]  lr: 5.0000e-03  eta: 0:45:33  time: 0.0416  data_time: 0.0010  memory: 413  loss: 15.2667  loss_ori: 1.3978  loss_uatm: 2.7803  loss_ugsa: 11.0887
2026/02/18 19:54:47 - mmengine - INFO - Epoch(train) [162][600/782]  lr: 5.0000e-03  eta: 0:45:29  time: 0.0687  data_time: 0.0018  memory: 413  loss: 15.7027  loss_ori: 1.6442  loss_uatm: 2.8517  loss_ugsa: 11.2068
2026/02/18 19:54:52 - mmengine - INFO - Epoch(train) [162][700/782]  lr: 5.0000e-03  eta: 0:45:24  time: 0.0441  data_time: 0.0015  memory: 413  loss: 15.7439  loss_ori: 1.8772  loss_uatm: 3.0415  loss_ugsa: 10.8252
2026/02/18 19:54:56 - mmengine - INFO - Exp name: resnet32x4_resnet8x4_20260218_180916
2026/02/18 19:54:58 - mmengine - INFO - Epoch(val) [162][100/157]    eta: 0:00:01  time: 0.0187  data_time: 0.0005  memory: 413  
2026/02/18 19:55:00 - mmengine - INFO - Epoch(val) [162][157/157]    accuracy/top1: 74.8900  data_time: 0.0011  time: 0.0233
2026/02/18 19:55:04 - mmengine - INFO - Epoch(train) [163][100/782]  lr: 5.0000e-03  eta: 0:45:16  time: 0.0489  data_time: 0.0014  memory: 413  loss: 15.8412  loss_ori: 2.1415  loss_uatm: 3.0439  loss_ugsa: 10.6559
2026/02/18 19:55:09 - mmengine - INFO - Epoch(train) [163][200/782]  lr: 5.0000e-03  eta: 0:45:12  time: 0.0408  data_time: 0.0014  memory: 413  loss: 16.0789  loss_ori: 2.1404  loss_uatm: 2.9665  loss_ugsa: 10.9720
2026/02/18 19:55:13 - mmengine - INFO - Epoch(train) [163][300/782]  lr: 5.0000e-03  eta: 0:45:07  time: 0.0425  data_time: 0.0014  memory: 413  loss: 15.7443  loss_ori: 2.0484  loss_uatm: 2.8474  loss_ugsa: 10.8485
2026/02/18 19:55:14 - mmengine - INFO - Exp name: resnet32x4_resnet8x4_20260218_180916
2026/02/18 19:55:18 - mmengine - INFO - Epoch(train) [163][400/782]  lr: 5.0000e-03  eta: 0:45:03  time: 0.0467  data_time: 0.0021  memory: 413  loss: 16.1010  loss_ori: 1.6566  loss_uatm: 2.8403  loss_ugsa: 11.6041
2026/02/18 19:55:22 - mmengine - INFO - Epoch(train) [163][500/782]  lr: 5.0000e-03  eta: 0:44:59  time: 0.0398  data_time: 0.0007  memory: 413  loss: 15.6994  loss_ori: 1.7612  loss_uatm: 2.8933  loss_ugsa: 11.0449
2026/02/18 19:55:27 - mmengine - INFO - Epoch(train) [163][600/782]  lr: 5.0000e-03  eta: 0:44:54  time: 0.0405  data_time: 0.0009  memory: 413  loss: 16.4459  loss_ori: 1.6022  loss_uatm: 2.9516  loss_ugsa: 11.8920
2026/02/18 19:55:30 - mmengine - INFO - Epoch(train) [163][700/782]  lr: 5.0000e-03  eta: 0:44:49  time: 0.0416  data_time: 0.0011  memory: 413  loss: 15.5209  loss_ori: 1.3635  loss_uatm: 2.8799  loss_ugsa: 11.2776
2026/02/18 19:55:35 - mmengine - INFO - Exp name: resnet32x4_resnet8x4_20260218_180916
2026/02/18 19:55:37 - mmengine - INFO - Epoch(val) [163][100/157]    eta: 0:00:01  time: 0.0212  data_time: 0.0006  memory: 413  
2026/02/18 19:55:38 - mmengine - INFO - Epoch(val) [163][157/157]    accuracy/top1: 74.6300  data_time: 0.0009  time: 0.0231
2026/02/18 19:55:43 - mmengine - INFO - Epoch(train) [164][100/782]  lr: 5.0000e-03  eta: 0:44:41  time: 0.0685  data_time: 0.0014  memory: 413  loss: 15.5146  loss_ori: 1.4142  loss_uatm: 2.8385  loss_ugsa: 11.2619
2026/02/18 19:55:47 - mmengine - INFO - Epoch(train) [164][200/782]  lr: 5.0000e-03  eta: 0:44:37  time: 0.0376  data_time: 0.0012  memory: 413  loss: 16.0003  loss_ori: 1.8542  loss_uatm: 3.0145  loss_ugsa: 11.1316
2026/02/18 19:55:52 - mmengine - INFO - Epoch(train) [164][300/782]  lr: 5.0000e-03  eta: 0:44:32  time: 0.0494  data_time: 0.0020  memory: 413  loss: 15.5313  loss_ori: 1.6861  loss_uatm: 2.8064  loss_ugsa: 11.0388
2026/02/18 19:55:56 - mmengine - INFO - Epoch(train) [164][400/782]  lr: 5.0000e-03  eta: 0:44:28  time: 0.0628  data_time: 0.0015  memory: 413  loss: 14.8446  loss_ori: 1.0028  loss_uatm: 2.7734  loss_ugsa: 11.0684
2026/02/18 19:56:00 - mmengine - INFO - Epoch(train) [164][500/782]  lr: 5.0000e-03  eta: 0:44:23  time: 0.0401  data_time: 0.0013  memory: 413  loss: 15.8894  loss_ori: 1.7667  loss_uatm: 2.8653  loss_ugsa: 11.2573
2026/02/18 19:56:02 - mmengine - INFO - Exp name: resnet32x4_resnet8x4_20260218_180916
2026/02/18 19:56:05 - mmengine - INFO - Epoch(train) [164][600/782]  lr: 5.0000e-03  eta: 0:44:19  time: 0.0410  data_time: 0.0012  memory: 413  loss: 15.1758  loss_ori: 1.3622  loss_uatm: 2.9919  loss_ugsa: 10.8216
2026/02/18 19:56:09 - mmengine - INFO - Epoch(train) [164][700/782]  lr: 5.0000e-03  eta: 0:44:14  time: 0.0421  data_time: 0.0011  memory: 413  loss: 15.2209  loss_ori: 1.9219  loss_uatm: 3.1354  loss_ugsa: 10.1635
2026/02/18 19:56:13 - mmengine - INFO - Exp name: resnet32x4_resnet8x4_20260218_180916
2026/02/18 19:56:15 - mmengine - INFO - Epoch(val) [164][100/157]    eta: 0:00:01  time: 0.0203  data_time: 0.0005  memory: 413  
2026/02/18 19:56:17 - mmengine - INFO - Epoch(val) [164][157/157]    accuracy/top1: 74.4000  data_time: 0.0010  time: 0.0241
2026/02/18 19:56:22 - mmengine - INFO - Epoch(train) [165][100/782]  lr: 5.0000e-03  eta: 0:44:06  time: 0.0435  data_time: 0.0021  memory: 413  loss: 15.6503  loss_ori: 1.3169  loss_uatm: 2.9691  loss_ugsa: 11.3643
2026/02/18 19:56:26 - mmengine - INFO - Epoch(train) [165][200/782]  lr: 5.0000e-03  eta: 0:44:02  time: 0.0432  data_time: 0.0014  memory: 413  loss: 15.8416  loss_ori: 2.1853  loss_uatm: 2.7884  loss_ugsa: 10.8679
2026/02/18 19:56:31 - mmengine - INFO - Epoch(train) [165][300/782]  lr: 5.0000e-03  eta: 0:43:57  time: 0.0430  data_time: 0.0014  memory: 413  loss: 15.0815  loss_ori: 1.2708  loss_uatm: 2.6797  loss_ugsa: 11.1311
2026/02/18 19:56:36 - mmengine - INFO - Epoch(train) [165][400/782]  lr: 5.0000e-03  eta: 0:43:53  time: 0.0395  data_time: 0.0012  memory: 413  loss: 15.3563  loss_ori: 1.7745  loss_uatm: 2.9265  loss_ugsa: 10.6553
2026/02/18 19:56:40 - mmengine - INFO - Epoch(train) [165][500/782]  lr: 5.0000e-03  eta: 0:43:48  time: 0.0491  data_time: 0.0015  memory: 413  loss: 15.4503  loss_ori: 1.5526  loss_uatm: 2.7962  loss_ugsa: 11.1015
2026/02/18 19:56:45 - mmengine - INFO - Epoch(train) [165][600/782]  lr: 5.0000e-03  eta: 0:43:44  time: 0.0456  data_time: 0.0018  memory: 413  loss: 15.8017  loss_ori: 1.6283  loss_uatm: 3.0014  loss_ugsa: 11.1720
2026/02/18 19:56:49 - mmengine - INFO - Epoch(train) [165][700/782]  lr: 5.0000e-03  eta: 0:43:40  time: 0.0654  data_time: 0.0012  memory: 413  loss: 15.5286  loss_ori: 1.5915  loss_uatm: 2.8991  loss_ugsa: 11.0380
2026/02/18 19:56:52 - mmengine - INFO - Exp name: resnet32x4_resnet8x4_20260218_180916
2026/02/18 19:56:53 - mmengine - INFO - Exp name: resnet32x4_resnet8x4_20260218_180916
2026/02/18 19:56:56 - mmengine - INFO - Epoch(val) [165][100/157]    eta: 0:00:01  time: 0.0260  data_time: 0.0007  memory: 413  
2026/02/18 19:56:57 - mmengine - INFO - Epoch(val) [165][157/157]    accuracy/top1: 74.6500  data_time: 0.0010  time: 0.0257
2026/02/18 19:57:02 - mmengine - INFO - Epoch(train) [166][100/782]  lr: 5.0000e-03  eta: 0:43:32  time: 0.0448  data_time: 0.0018  memory: 413  loss: 16.2296  loss_ori: 1.2222  loss_uatm: 2.9498  loss_ugsa: 12.0576
2026/02/18 19:57:06 - mmengine - INFO - Epoch(train) [166][200/782]  lr: 5.0000e-03  eta: 0:43:27  time: 0.0461  data_time: 0.0019  memory: 413  loss: 15.4761  loss_ori: 1.5616  loss_uatm: 2.8001  loss_ugsa: 11.1144
2026/02/18 19:57:11 - mmengine - INFO - Epoch(train) [166][300/782]  lr: 5.0000e-03  eta: 0:43:23  time: 0.0440  data_time: 0.0014  memory: 413  loss: 15.5108  loss_ori: 2.1460  loss_uatm: 3.0959  loss_ugsa: 10.2689
2026/02/18 19:57:15 - mmengine - INFO - Epoch(train) [166][400/782]  lr: 5.0000e-03  eta: 0:43:18  time: 0.0351  data_time: 0.0010  memory: 413  loss: 16.0521  loss_ori: 1.4405  loss_uatm: 2.9913  loss_ugsa: 11.6203
2026/02/18 19:57:19 - mmengine - INFO - Epoch(train) [166][500/782]  lr: 5.0000e-03  eta: 0:43:13  time: 0.0445  data_time: 0.0020  memory: 413  loss: 15.7248  loss_ori: 1.4779  loss_uatm: 2.8566  loss_ugsa: 11.3904
2026/02/18 19:57:24 - mmengine - INFO - Epoch(train) [166][600/782]  lr: 5.0000e-03  eta: 0:43:09  time: 0.0405  data_time: 0.0024  memory: 413  loss: 15.4120  loss_ori: 1.6690  loss_uatm: 2.8758  loss_ugsa: 10.8672
2026/02/18 19:57:28 - mmengine - INFO - Epoch(train) [166][700/782]  lr: 5.0000e-03  eta: 0:43:04  time: 0.0428  data_time: 0.0012  memory: 413  loss: 15.6907  loss_ori: 1.4402  loss_uatm: 2.9249  loss_ugsa: 11.3256
2026/02/18 19:57:32 - mmengine - INFO - Exp name: resnet32x4_resnet8x4_20260218_180916
2026/02/18 19:57:34 - mmengine - INFO - Epoch(val) [166][100/157]    eta: 0:00:01  time: 0.0182  data_time: 0.0004  memory: 413  
2026/02/18 19:57:35 - mmengine - INFO - Epoch(val) [166][157/157]    accuracy/top1: 74.5800  data_time: 0.0008  time: 0.0201
2026/02/18 19:57:39 - mmengine - INFO - Epoch(train) [167][100/782]  lr: 5.0000e-03  eta: 0:42:56  time: 0.0462  data_time: 0.0019  memory: 413  loss: 15.9274  loss_ori: 1.7440  loss_uatm: 2.8642  loss_ugsa: 11.3192
2026/02/18 19:57:43 - mmengine - INFO - Exp name: resnet32x4_resnet8x4_20260218_180916
2026/02/18 19:57:44 - mmengine - INFO - Epoch(train) [167][200/782]  lr: 5.0000e-03  eta: 0:42:52  time: 0.0430  data_time: 0.0013  memory: 413  loss: 14.8267  loss_ori: 1.3959  loss_uatm: 2.7225  loss_ugsa: 10.7083
2026/02/18 19:57:49 - mmengine - INFO - Epoch(train) [167][300/782]  lr: 5.0000e-03  eta: 0:42:47  time: 0.0446  data_time: 0.0019  memory: 413  loss: 15.6253  loss_ori: 1.7609  loss_uatm: 2.8928  loss_ugsa: 10.9717
2026/02/18 19:57:53 - mmengine - INFO - Epoch(train) [167][400/782]  lr: 5.0000e-03  eta: 0:42:43  time: 0.0449  data_time: 0.0015  memory: 413  loss: 15.4839  loss_ori: 1.7121  loss_uatm: 2.9368  loss_ugsa: 10.8350
2026/02/18 19:57:58 - mmengine - INFO - Epoch(train) [167][500/782]  lr: 5.0000e-03  eta: 0:42:39  time: 0.0466  data_time: 0.0026  memory: 413  loss: 15.2702  loss_ori: 1.7478  loss_uatm: 2.8992  loss_ugsa: 10.6231
2026/02/18 19:58:03 - mmengine - INFO - Epoch(train) [167][600/782]  lr: 5.0000e-03  eta: 0:42:34  time: 0.0415  data_time: 0.0014  memory: 413  loss: 16.0175  loss_ori: 1.7122  loss_uatm: 2.9663  loss_ugsa: 11.3390
2026/02/18 19:58:07 - mmengine - INFO - Epoch(train) [167][700/782]  lr: 5.0000e-03  eta: 0:42:30  time: 0.0439  data_time: 0.0014  memory: 413  loss: 15.8709  loss_ori: 1.8476  loss_uatm: 2.9415  loss_ugsa: 11.0817
2026/02/18 19:58:11 - mmengine - INFO - Exp name: resnet32x4_resnet8x4_20260218_180916
2026/02/18 19:58:13 - mmengine - INFO - Epoch(val) [167][100/157]    eta: 0:00:01  time: 0.0213  data_time: 0.0005  memory: 413  
2026/02/18 19:58:15 - mmengine - INFO - Epoch(val) [167][157/157]    accuracy/top1: 74.4600  data_time: 0.0010  time: 0.0237
2026/02/18 19:58:19 - mmengine - INFO - Epoch(train) [168][100/782]  lr: 5.0000e-03  eta: 0:42:22  time: 0.0449  data_time: 0.0013  memory: 413  loss: 15.7071  loss_ori: 2.2691  loss_uatm: 2.8423  loss_ugsa: 10.5956
2026/02/18 19:58:23 - mmengine - INFO - Epoch(train) [168][200/782]  lr: 5.0000e-03  eta: 0:42:17  time: 0.0430  data_time: 0.0014  memory: 413  loss: 14.7940  loss_ori: 1.5814  loss_uatm: 2.7310  loss_ugsa: 10.4815
2026/02/18 19:58:28 - mmengine - INFO - Epoch(train) [168][300/782]  lr: 5.0000e-03  eta: 0:42:13  time: 0.0440  data_time: 0.0020  memory: 413  loss: 15.6764  loss_ori: 1.4775  loss_uatm: 2.7728  loss_ugsa: 11.4261
2026/02/18 19:58:33 - mmengine - INFO - Epoch(train) [168][400/782]  lr: 5.0000e-03  eta: 0:42:08  time: 0.0445  data_time: 0.0015  memory: 413  loss: 15.4118  loss_ori: 2.3471  loss_uatm: 2.9908  loss_ugsa: 10.0739
2026/02/18 19:58:33 - mmengine - INFO - Exp name: resnet32x4_resnet8x4_20260218_180916
2026/02/18 19:58:38 - mmengine - INFO - Epoch(train) [168][500/782]  lr: 5.0000e-03  eta: 0:42:04  time: 0.0511  data_time: 0.0015  memory: 413  loss: 15.6869  loss_ori: 1.8973  loss_uatm: 2.9738  loss_ugsa: 10.8158
2026/02/18 19:58:42 - mmengine - INFO - Epoch(train) [168][600/782]  lr: 5.0000e-03  eta: 0:41:59  time: 0.0400  data_time: 0.0011  memory: 413  loss: 15.8844  loss_ori: 1.6168  loss_uatm: 2.9500  loss_ugsa: 11.3176
2026/02/18 19:58:47 - mmengine - INFO - Epoch(train) [168][700/782]  lr: 5.0000e-03  eta: 0:41:55  time: 0.0710  data_time: 0.0015  memory: 413  loss: 15.6256  loss_ori: 1.6909  loss_uatm: 2.8623  loss_ugsa: 11.0724
2026/02/18 19:58:51 - mmengine - INFO - Exp name: resnet32x4_resnet8x4_20260218_180916
2026/02/18 19:58:53 - mmengine - INFO - Epoch(val) [168][100/157]    eta: 0:00:01  time: 0.0237  data_time: 0.0006  memory: 413  
2026/02/18 19:58:55 - mmengine - INFO - Epoch(val) [168][157/157]    accuracy/top1: 74.6900  data_time: 0.0009  time: 0.0254
2026/02/18 19:59:00 - mmengine - INFO - Epoch(train) [169][100/782]  lr: 5.0000e-03  eta: 0:41:47  time: 0.0423  data_time: 0.0013  memory: 413  loss: 15.0967  loss_ori: 1.7094  loss_uatm: 2.9785  loss_ugsa: 10.4088
2026/02/18 19:59:04 - mmengine - INFO - Epoch(train) [169][200/782]  lr: 5.0000e-03  eta: 0:41:42  time: 0.0414  data_time: 0.0014  memory: 413  loss: 16.2782  loss_ori: 1.4244  loss_uatm: 2.9565  loss_ugsa: 11.8972
2026/02/18 19:59:08 - mmengine - INFO - Epoch(train) [169][300/782]  lr: 5.0000e-03  eta: 0:41:38  time: 0.0412  data_time: 0.0014  memory: 413  loss: 14.8307  loss_ori: 1.2981  loss_uatm: 2.7563  loss_ugsa: 10.7762
2026/02/18 19:59:13 - mmengine - INFO - Epoch(train) [169][400/782]  lr: 5.0000e-03  eta: 0:41:34  time: 0.0429  data_time: 0.0015  memory: 413  loss: 14.6770  loss_ori: 1.8732  loss_uatm: 2.8947  loss_ugsa: 9.9091
2026/02/18 19:59:17 - mmengine - INFO - Epoch(train) [169][500/782]  lr: 5.0000e-03  eta: 0:41:29  time: 0.0442  data_time: 0.0017  memory: 413  loss: 16.0132  loss_ori: 1.5534  loss_uatm: 2.9663  loss_ugsa: 11.4935
2026/02/18 19:59:22 - mmengine - INFO - Epoch(train) [169][600/782]  lr: 5.0000e-03  eta: 0:41:25  time: 0.0409  data_time: 0.0011  memory: 413  loss: 15.7102  loss_ori: 1.8821  loss_uatm: 2.9206  loss_ugsa: 10.9075
2026/02/18 19:59:23 - mmengine - INFO - Exp name: resnet32x4_resnet8x4_20260218_180916
2026/02/18 19:59:26 - mmengine - INFO - Epoch(train) [169][700/782]  lr: 5.0000e-03  eta: 0:41:20  time: 0.0425  data_time: 0.0012  memory: 413  loss: 15.4720  loss_ori: 2.0434  loss_uatm: 3.0469  loss_ugsa: 10.3816
2026/02/18 19:59:30 - mmengine - INFO - Exp name: resnet32x4_resnet8x4_20260218_180916
2026/02/18 19:59:32 - mmengine - INFO - Epoch(val) [169][100/157]    eta: 0:00:01  time: 0.0208  data_time: 0.0011  memory: 413  
2026/02/18 19:59:34 - mmengine - INFO - Epoch(val) [169][157/157]    accuracy/top1: 74.6300  data_time: 0.0010  time: 0.0244
2026/02/18 19:59:39 - mmengine - INFO - Epoch(train) [170][100/782]  lr: 5.0000e-03  eta: 0:41:12  time: 0.0443  data_time: 0.0013  memory: 413  loss: 15.6298  loss_ori: 1.8098  loss_uatm: 2.8886  loss_ugsa: 10.9314
2026/02/18 19:59:43 - mmengine - INFO - Epoch(train) [170][200/782]  lr: 5.0000e-03  eta: 0:41:07  time: 0.0410  data_time: 0.0009  memory: 413  loss: 16.0846  loss_ori: 1.4359  loss_uatm: 2.8759  loss_ugsa: 11.7728
2026/02/18 19:59:47 - mmengine - INFO - Epoch(train) [170][300/782]  lr: 5.0000e-03  eta: 0:41:03  time: 0.0440  data_time: 0.0010  memory: 413  loss: 15.5176  loss_ori: 1.5101  loss_uatm: 2.8547  loss_ugsa: 11.1527
2026/02/18 19:59:52 - mmengine - INFO - Epoch(train) [170][400/782]  lr: 5.0000e-03  eta: 0:40:58  time: 0.0419  data_time: 0.0009  memory: 413  loss: 15.7863  loss_ori: 1.4774  loss_uatm: 2.7359  loss_ugsa: 11.5729
2026/02/18 19:59:56 - mmengine - INFO - Epoch(train) [170][500/782]  lr: 5.0000e-03  eta: 0:40:54  time: 0.0438  data_time: 0.0011  memory: 413  loss: 16.5583  loss_ori: 1.7930  loss_uatm: 3.0424  loss_ugsa: 11.7228
2026/02/18 20:00:00 - mmengine - INFO - Epoch(train) [170][600/782]  lr: 5.0000e-03  eta: 0:40:49  time: 0.0410  data_time: 0.0010  memory: 413  loss: 15.7937  loss_ori: 1.5704  loss_uatm: 3.0114  loss_ugsa: 11.2119
2026/02/18 20:00:05 - mmengine - INFO - Epoch(train) [170][700/782]  lr: 5.0000e-03  eta: 0:40:45  time: 0.0367  data_time: 0.0010  memory: 413  loss: 15.9737  loss_ori: 1.8400  loss_uatm: 2.8996  loss_ugsa: 11.2342
2026/02/18 20:00:08 - mmengine - INFO - Exp name: resnet32x4_resnet8x4_20260218_180916
2026/02/18 20:00:10 - mmengine - INFO - Epoch(val) [170][100/157]    eta: 0:00:01  time: 0.0199  data_time: 0.0005  memory: 413  
2026/02/18 20:00:12 - mmengine - INFO - Epoch(val) [170][157/157]    accuracy/top1: 74.3600  data_time: 0.0008  time: 0.0224
2026/02/18 20:00:14 - mmengine - INFO - Exp name: resnet32x4_resnet8x4_20260218_180916
2026/02/18 20:00:16 - mmengine - INFO - Epoch(train) [171][100/782]  lr: 5.0000e-03  eta: 0:40:37  time: 0.0401  data_time: 0.0010  memory: 413  loss: 15.2124  loss_ori: 1.9927  loss_uatm: 2.9296  loss_ugsa: 10.2901
2026/02/18 20:00:20 - mmengine - INFO - Epoch(train) [171][200/782]  lr: 5.0000e-03  eta: 0:40:32  time: 0.0422  data_time: 0.0011  memory: 413  loss: 15.8043  loss_ori: 2.0959  loss_uatm: 2.9041  loss_ugsa: 10.8042
2026/02/18 20:00:25 - mmengine - INFO - Epoch(train) [171][300/782]  lr: 5.0000e-03  eta: 0:40:27  time: 0.0427  data_time: 0.0011  memory: 413  loss: 15.9299  loss_ori: 1.6645  loss_uatm: 2.8376  loss_ugsa: 11.4278
2026/02/18 20:00:29 - mmengine - INFO - Epoch(train) [171][400/782]  lr: 5.0000e-03  eta: 0:40:23  time: 0.0398  data_time: 0.0016  memory: 413  loss: 16.4526  loss_ori: 1.8147  loss_uatm: 2.9856  loss_ugsa: 11.6522
2026/02/18 20:00:33 - mmengine - INFO - Epoch(train) [171][500/782]  lr: 5.0000e-03  eta: 0:40:18  time: 0.0418  data_time: 0.0010  memory: 413  loss: 15.5656  loss_ori: 1.5881  loss_uatm: 2.8684  loss_ugsa: 11.1091
2026/02/18 20:00:37 - mmengine - INFO - Epoch(train) [171][600/782]  lr: 5.0000e-03  eta: 0:40:14  time: 0.0445  data_time: 0.0017  memory: 413  loss: 15.8622  loss_ori: 1.6649  loss_uatm: 2.9332  loss_ugsa: 11.2641
2026/02/18 20:00:42 - mmengine - INFO - Epoch(train) [171][700/782]  lr: 5.0000e-03  eta: 0:40:09  time: 0.0443  data_time: 0.0013  memory: 413  loss: 15.9271  loss_ori: 1.8921  loss_uatm: 3.0007  loss_ugsa: 11.0343
2026/02/18 20:00:45 - mmengine - INFO - Exp name: resnet32x4_resnet8x4_20260218_180916
2026/02/18 20:00:48 - mmengine - INFO - Epoch(val) [171][100/157]    eta: 0:00:01  time: 0.0222  data_time: 0.0005  memory: 413  
2026/02/18 20:00:49 - mmengine - INFO - Epoch(val) [171][157/157]    accuracy/top1: 74.5400  data_time: 0.0009  time: 0.0250
2026/02/18 20:00:54 - mmengine - INFO - Epoch(train) [172][100/782]  lr: 5.0000e-03  eta: 0:40:01  time: 0.0448  data_time: 0.0018  memory: 413  loss: 15.2666  loss_ori: 1.8038  loss_uatm: 2.8724  loss_ugsa: 10.5904
2026/02/18 20:00:58 - mmengine - INFO - Epoch(train) [172][200/782]  lr: 5.0000e-03  eta: 0:39:57  time: 0.0436  data_time: 0.0014  memory: 413  loss: 16.0836  loss_ori: 1.9840  loss_uatm: 2.9949  loss_ugsa: 11.1046
2026/02/18 20:01:02 - mmengine - INFO - Exp name: resnet32x4_resnet8x4_20260218_180916
2026/02/18 20:01:03 - mmengine - INFO - Epoch(train) [172][300/782]  lr: 5.0000e-03  eta: 0:39:52  time: 0.0445  data_time: 0.0013  memory: 413  loss: 15.3013  loss_ori: 1.7750  loss_uatm: 2.9076  loss_ugsa: 10.6187
2026/02/18 20:01:07 - mmengine - INFO - Epoch(train) [172][400/782]  lr: 5.0000e-03  eta: 0:39:48  time: 0.0390  data_time: 0.0010  memory: 413  loss: 15.8839  loss_ori: 1.8977  loss_uatm: 2.9321  loss_ugsa: 11.0541
2026/02/18 20:01:11 - mmengine - INFO - Epoch(train) [172][500/782]  lr: 5.0000e-03  eta: 0:39:43  time: 0.0403  data_time: 0.0010  memory: 413  loss: 15.6397  loss_ori: 2.1914  loss_uatm: 2.9439  loss_ugsa: 10.5044
2026/02/18 20:01:15 - mmengine - INFO - Epoch(train) [172][600/782]  lr: 5.0000e-03  eta: 0:39:38  time: 0.0446  data_time: 0.0015  memory: 413  loss: 15.2281  loss_ori: 1.8328  loss_uatm: 3.0262  loss_ugsa: 10.3691
2026/02/18 20:01:20 - mmengine - INFO - Epoch(train) [172][700/782]  lr: 5.0000e-03  eta: 0:39:34  time: 0.0461  data_time: 0.0015  memory: 413  loss: 16.0829  loss_ori: 1.9605  loss_uatm: 2.8044  loss_ugsa: 11.3180
2026/02/18 20:01:24 - mmengine - INFO - Exp name: resnet32x4_resnet8x4_20260218_180916
2026/02/18 20:01:26 - mmengine - INFO - Epoch(val) [172][100/157]    eta: 0:00:01  time: 0.0190  data_time: 0.0004  memory: 413  
2026/02/18 20:01:27 - mmengine - INFO - Epoch(val) [172][157/157]    accuracy/top1: 75.0600  data_time: 0.0007  time: 0.0207
2026/02/18 20:01:27 - mmengine - INFO - The previous best checkpoint /root/autodl-tmp/mmcls/work_dirs/cifar100/resnet32x4_resnet8x4/UATM+UGSA_temp=4.0_loss_weight=15.0+loss_weight=1.0_1/best_accuracy_top1_epoch_161.pth is removed
2026/02/18 20:01:28 - mmengine - INFO - The best checkpoint with 75.0600 accuracy/top1 at 172 epoch is saved to best_accuracy_top1_epoch_172.pth.
2026/02/18 20:01:33 - mmengine - INFO - Epoch(train) [173][100/782]  lr: 5.0000e-03  eta: 0:39:26  time: 0.0370  data_time: 0.0010  memory: 413  loss: 16.2690  loss_ori: 2.1386  loss_uatm: 3.0249  loss_ugsa: 11.1055
2026/02/18 20:01:37 - mmengine - INFO - Epoch(train) [173][200/782]  lr: 5.0000e-03  eta: 0:39:21  time: 0.0360  data_time: 0.0009  memory: 413  loss: 15.6125  loss_ori: 1.8243  loss_uatm: 2.9182  loss_ugsa: 10.8700
2026/02/18 20:01:41 - mmengine - INFO - Epoch(train) [173][300/782]  lr: 5.0000e-03  eta: 0:39:17  time: 0.0413  data_time: 0.0010  memory: 413  loss: 15.3044  loss_ori: 1.7247  loss_uatm: 2.9157  loss_ugsa: 10.6640
2026/02/18 20:01:46 - mmengine - INFO - Epoch(train) [173][400/782]  lr: 5.0000e-03  eta: 0:39:12  time: 0.0448  data_time: 0.0018  memory: 413  loss: 15.9575  loss_ori: 2.0996  loss_uatm: 3.0126  loss_ugsa: 10.8453
2026/02/18 20:01:49 - mmengine - INFO - Exp name: resnet32x4_resnet8x4_20260218_180916
2026/02/18 20:01:49 - mmengine - INFO - Epoch(train) [173][500/782]  lr: 5.0000e-03  eta: 0:39:07  time: 0.0402  data_time: 0.0009  memory: 413  loss: 15.6185  loss_ori: 1.5714  loss_uatm: 2.7736  loss_ugsa: 11.2735
2026/02/18 20:01:53 - mmengine - INFO - Epoch(train) [173][600/782]  lr: 5.0000e-03  eta: 0:39:03  time: 0.0405  data_time: 0.0009  memory: 413  loss: 15.5966  loss_ori: 1.6736  loss_uatm: 2.8804  loss_ugsa: 11.0426
2026/02/18 20:01:58 - mmengine - INFO - Epoch(train) [173][700/782]  lr: 5.0000e-03  eta: 0:38:58  time: 0.0421  data_time: 0.0015  memory: 413  loss: 15.8783  loss_ori: 1.5645  loss_uatm: 2.8511  loss_ugsa: 11.4628
2026/02/18 20:02:01 - mmengine - INFO - Exp name: resnet32x4_resnet8x4_20260218_180916
2026/02/18 20:02:03 - mmengine - INFO - Epoch(val) [173][100/157]    eta: 0:00:01  time: 0.0325  data_time: 0.0005  memory: 413  
2026/02/18 20:02:04 - mmengine - INFO - Epoch(val) [173][157/157]    accuracy/top1: 74.5800  data_time: 0.0008  time: 0.0204
2026/02/18 20:02:09 - mmengine - INFO - Epoch(train) [174][100/782]  lr: 5.0000e-03  eta: 0:38:50  time: 0.0375  data_time: 0.0014  memory: 413  loss: 15.4573  loss_ori: 1.8293  loss_uatm: 2.8262  loss_ugsa: 10.8018
2026/02/18 20:02:13 - mmengine - INFO - Epoch(train) [174][200/782]  lr: 5.0000e-03  eta: 0:38:45  time: 0.0367  data_time: 0.0009  memory: 413  loss: 15.5229  loss_ori: 1.4785  loss_uatm: 2.7707  loss_ugsa: 11.2737
2026/02/18 20:02:17 - mmengine - INFO - Epoch(train) [174][300/782]  lr: 5.0000e-03  eta: 0:38:41  time: 0.0487  data_time: 0.0018  memory: 413  loss: 15.1460  loss_ori: 1.4464  loss_uatm: 2.8295  loss_ugsa: 10.8701
2026/02/18 20:02:21 - mmengine - INFO - Epoch(train) [174][400/782]  lr: 5.0000e-03  eta: 0:38:36  time: 0.0402  data_time: 0.0010  memory: 413  loss: 15.3624  loss_ori: 1.8028  loss_uatm: 2.9695  loss_ugsa: 10.5901
2026/02/18 20:02:25 - mmengine - INFO - Epoch(train) [174][500/782]  lr: 5.0000e-03  eta: 0:38:31  time: 0.0408  data_time: 0.0021  memory: 413  loss: 15.4381  loss_ori: 1.6342  loss_uatm: 2.8811  loss_ugsa: 10.9228
2026/02/18 20:02:29 - mmengine - INFO - Epoch(train) [174][600/782]  lr: 5.0000e-03  eta: 0:38:27  time: 0.0384  data_time: 0.0009  memory: 413  loss: 15.7074  loss_ori: 2.0176  loss_uatm: 2.8833  loss_ugsa: 10.8066
2026/02/18 20:02:33 - mmengine - INFO - Epoch(train) [174][700/782]  lr: 5.0000e-03  eta: 0:38:22  time: 0.0388  data_time: 0.0010  memory: 413  loss: 15.2514  loss_ori: 1.4623  loss_uatm: 2.9157  loss_ugsa: 10.8735
2026/02/18 20:02:33 - mmengine - INFO - Exp name: resnet32x4_resnet8x4_20260218_180916
2026/02/18 20:02:36 - mmengine - INFO - Exp name: resnet32x4_resnet8x4_20260218_180916
2026/02/18 20:02:38 - mmengine - INFO - Epoch(val) [174][100/157]    eta: 0:00:01  time: 0.0183  data_time: 0.0004  memory: 413  
2026/02/18 20:02:39 - mmengine - INFO - Epoch(val) [174][157/157]    accuracy/top1: 74.7100  data_time: 0.0007  time: 0.0209
2026/02/18 20:02:43 - mmengine - INFO - Epoch(train) [175][100/782]  lr: 5.0000e-03  eta: 0:38:14  time: 0.0425  data_time: 0.0012  memory: 413  loss: 15.5619  loss_ori: 1.5039  loss_uatm: 2.8650  loss_ugsa: 11.1930
2026/02/18 20:02:47 - mmengine - INFO - Epoch(train) [175][200/782]  lr: 5.0000e-03  eta: 0:38:09  time: 0.0300  data_time: 0.0007  memory: 413  loss: 15.4253  loss_ori: 1.3620  loss_uatm: 2.7145  loss_ugsa: 11.3489
2026/02/18 20:02:51 - mmengine - INFO - Epoch(train) [175][300/782]  lr: 5.0000e-03  eta: 0:38:04  time: 0.0347  data_time: 0.0008  memory: 413  loss: 16.1215  loss_ori: 1.6238  loss_uatm: 2.9133  loss_ugsa: 11.5843
2026/02/18 20:02:55 - mmengine - INFO - Epoch(train) [175][400/782]  lr: 5.0000e-03  eta: 0:37:59  time: 0.0378  data_time: 0.0009  memory: 413  loss: 14.7545  loss_ori: 1.7409  loss_uatm: 2.8163  loss_ugsa: 10.1973
2026/02/18 20:02:58 - mmengine - INFO - Epoch(train) [175][500/782]  lr: 5.0000e-03  eta: 0:37:55  time: 0.0337  data_time: 0.0009  memory: 413  loss: 15.3617  loss_ori: 2.1196  loss_uatm: 3.0021  loss_ugsa: 10.2400
2026/02/18 20:03:02 - mmengine - INFO - Epoch(train) [175][600/782]  lr: 5.0000e-03  eta: 0:37:50  time: 0.0411  data_time: 0.0010  memory: 413  loss: 15.3163  loss_ori: 2.0119  loss_uatm: 2.8305  loss_ugsa: 10.4739
2026/02/18 20:03:06 - mmengine - INFO - Epoch(train) [175][700/782]  lr: 5.0000e-03  eta: 0:37:45  time: 0.0403  data_time: 0.0010  memory: 413  loss: 15.7564  loss_ori: 1.6977  loss_uatm: 2.9763  loss_ugsa: 11.0823
2026/02/18 20:03:09 - mmengine - INFO - Exp name: resnet32x4_resnet8x4_20260218_180916
2026/02/18 20:03:11 - mmengine - INFO - Epoch(val) [175][100/157]    eta: 0:00:01  time: 0.0189  data_time: 0.0004  memory: 413  
2026/02/18 20:03:12 - mmengine - INFO - Epoch(val) [175][157/157]    accuracy/top1: 73.8100  data_time: 0.0007  time: 0.0201
2026/02/18 20:03:17 - mmengine - INFO - Epoch(train) [176][100/782]  lr: 5.0000e-03  eta: 0:37:37  time: 0.0410  data_time: 0.0011  memory: 413  loss: 15.6005  loss_ori: 1.8820  loss_uatm: 2.7663  loss_ugsa: 10.9521
2026/02/18 20:03:19 - mmengine - INFO - Exp name: resnet32x4_resnet8x4_20260218_180916
2026/02/18 20:03:21 - mmengine - INFO - Epoch(train) [176][200/782]  lr: 5.0000e-03  eta: 0:37:32  time: 0.0413  data_time: 0.0014  memory: 413  loss: 15.7367  loss_ori: 1.7946  loss_uatm: 2.7708  loss_ugsa: 11.1712
2026/02/18 20:03:25 - mmengine - INFO - Epoch(train) [176][300/782]  lr: 5.0000e-03  eta: 0:37:28  time: 0.0433  data_time: 0.0014  memory: 413  loss: 15.0069  loss_ori: 1.5393  loss_uatm: 2.8161  loss_ugsa: 10.6515
2026/02/18 20:03:30 - mmengine - INFO - Epoch(train) [176][400/782]  lr: 5.0000e-03  eta: 0:37:23  time: 0.0460  data_time: 0.0015  memory: 413  loss: 15.6280  loss_ori: 1.3585  loss_uatm: 2.7909  loss_ugsa: 11.4786
2026/02/18 20:03:34 - mmengine - INFO - Epoch(train) [176][500/782]  lr: 5.0000e-03  eta: 0:37:19  time: 0.0406  data_time: 0.0011  memory: 413  loss: 15.9936  loss_ori: 1.5705  loss_uatm: 2.9302  loss_ugsa: 11.4929
2026/02/18 20:03:38 - mmengine - INFO - Epoch(train) [176][600/782]  lr: 5.0000e-03  eta: 0:37:14  time: 0.0430  data_time: 0.0013  memory: 413  loss: 15.3189  loss_ori: 1.4982  loss_uatm: 2.7080  loss_ugsa: 11.1128
2026/02/18 20:03:43 - mmengine - INFO - Epoch(train) [176][700/782]  lr: 5.0000e-03  eta: 0:37:10  time: 0.0445  data_time: 0.0013  memory: 413  loss: 16.1282  loss_ori: 1.9663  loss_uatm: 2.9331  loss_ugsa: 11.2288
2026/02/18 20:03:47 - mmengine - INFO - Exp name: resnet32x4_resnet8x4_20260218_180916
2026/02/18 20:03:49 - mmengine - INFO - Epoch(val) [176][100/157]    eta: 0:00:01  time: 0.0208  data_time: 0.0005  memory: 413  
2026/02/18 20:03:51 - mmengine - INFO - Epoch(val) [176][157/157]    accuracy/top1: 74.0300  data_time: 0.0011  time: 0.0254
2026/02/18 20:03:55 - mmengine - INFO - Epoch(train) [177][100/782]  lr: 5.0000e-03  eta: 0:37:02  time: 0.0379  data_time: 0.0009  memory: 413  loss: 15.6562  loss_ori: 2.0383  loss_uatm: 2.8981  loss_ugsa: 10.7198
2026/02/18 20:04:00 - mmengine - INFO - Epoch(train) [177][200/782]  lr: 5.0000e-03  eta: 0:36:57  time: 0.0407  data_time: 0.0014  memory: 413  loss: 15.8601  loss_ori: 1.8703  loss_uatm: 2.8818  loss_ugsa: 11.1080
2026/02/18 20:04:04 - mmengine - INFO - Epoch(train) [177][300/782]  lr: 5.0000e-03  eta: 0:36:53  time: 0.0510  data_time: 0.0015  memory: 413  loss: 14.9776  loss_ori: 1.1726  loss_uatm: 2.9119  loss_ugsa: 10.8931
2026/02/18 20:04:08 - mmengine - INFO - Exp name: resnet32x4_resnet8x4_20260218_180916
2026/02/18 20:04:09 - mmengine - INFO - Epoch(train) [177][400/782]  lr: 5.0000e-03  eta: 0:36:49  time: 0.0436  data_time: 0.0015  memory: 413  loss: 15.4871  loss_ori: 1.5882  loss_uatm: 2.8087  loss_ugsa: 11.0902
2026/02/18 20:04:14 - mmengine - INFO - Epoch(train) [177][500/782]  lr: 5.0000e-03  eta: 0:36:44  time: 0.0434  data_time: 0.0013  memory: 413  loss: 15.6538  loss_ori: 1.6839  loss_uatm: 2.8269  loss_ugsa: 11.1430
2026/02/18 20:04:18 - mmengine - INFO - Epoch(train) [177][600/782]  lr: 5.0000e-03  eta: 0:36:40  time: 0.0448  data_time: 0.0011  memory: 413  loss: 15.4867  loss_ori: 1.2697  loss_uatm: 2.7259  loss_ugsa: 11.4911
2026/02/18 20:04:22 - mmengine - INFO - Epoch(train) [177][700/782]  lr: 5.0000e-03  eta: 0:36:35  time: 0.0404  data_time: 0.0013  memory: 413  loss: 15.5250  loss_ori: 1.5384  loss_uatm: 2.9733  loss_ugsa: 11.0134
2026/02/18 20:04:26 - mmengine - INFO - Exp name: resnet32x4_resnet8x4_20260218_180916
2026/02/18 20:04:29 - mmengine - INFO - Epoch(val) [177][100/157]    eta: 0:00:01  time: 0.0661  data_time: 0.0007  memory: 413  
2026/02/18 20:04:30 - mmengine - INFO - Epoch(val) [177][157/157]    accuracy/top1: 75.0900  data_time: 0.0010  time: 0.0252
2026/02/18 20:04:30 - mmengine - INFO - The previous best checkpoint /root/autodl-tmp/mmcls/work_dirs/cifar100/resnet32x4_resnet8x4/UATM+UGSA_temp=4.0_loss_weight=15.0+loss_weight=1.0_1/best_accuracy_top1_epoch_172.pth is removed
2026/02/18 20:04:31 - mmengine - INFO - The best checkpoint with 75.0900 accuracy/top1 at 177 epoch is saved to best_accuracy_top1_epoch_177.pth.
2026/02/18 20:04:36 - mmengine - INFO - Epoch(train) [178][100/782]  lr: 5.0000e-03  eta: 0:36:27  time: 0.0346  data_time: 0.0011  memory: 413  loss: 15.0632  loss_ori: 1.4559  loss_uatm: 2.6907  loss_ugsa: 10.9166
2026/02/18 20:04:40 - mmengine - INFO - Epoch(train) [178][200/782]  lr: 5.0000e-03  eta: 0:36:23  time: 0.0398  data_time: 0.0009  memory: 413  loss: 15.4931  loss_ori: 1.5877  loss_uatm: 2.9563  loss_ugsa: 10.9492
2026/02/18 20:04:45 - mmengine - INFO - Epoch(train) [178][300/782]  lr: 5.0000e-03  eta: 0:36:18  time: 0.0444  data_time: 0.0023  memory: 413  loss: 15.6251  loss_ori: 1.9570  loss_uatm: 2.8827  loss_ugsa: 10.7853
2026/02/18 20:04:50 - mmengine - INFO - Epoch(train) [178][400/782]  lr: 5.0000e-03  eta: 0:36:14  time: 0.0483  data_time: 0.0016  memory: 413  loss: 15.6676  loss_ori: 1.8461  loss_uatm: 3.0201  loss_ugsa: 10.8014
2026/02/18 20:04:54 - mmengine - INFO - Epoch(train) [178][500/782]  lr: 5.0000e-03  eta: 0:36:09  time: 0.0428  data_time: 0.0014  memory: 413  loss: 15.3450  loss_ori: 1.4280  loss_uatm: 2.7314  loss_ugsa: 11.1856
2026/02/18 20:04:58 - mmengine - INFO - Exp name: resnet32x4_resnet8x4_20260218_180916
2026/02/18 20:04:59 - mmengine - INFO - Epoch(train) [178][600/782]  lr: 5.0000e-03  eta: 0:36:05  time: 0.0435  data_time: 0.0011  memory: 413  loss: 14.5082  loss_ori: 1.4347  loss_uatm: 2.6800  loss_ugsa: 10.3935
2026/02/18 20:05:03 - mmengine - INFO - Epoch(train) [178][700/782]  lr: 5.0000e-03  eta: 0:36:00  time: 0.0418  data_time: 0.0011  memory: 413  loss: 15.4329  loss_ori: 2.1643  loss_uatm: 3.0248  loss_ugsa: 10.2438
2026/02/18 20:05:06 - mmengine - INFO - Exp name: resnet32x4_resnet8x4_20260218_180916
2026/02/18 20:05:09 - mmengine - INFO - Epoch(val) [178][100/157]    eta: 0:00:01  time: 0.0196  data_time: 0.0005  memory: 413  
2026/02/18 20:05:11 - mmengine - INFO - Epoch(val) [178][157/157]    accuracy/top1: 74.3500  data_time: 0.0010  time: 0.0262
2026/02/18 20:05:16 - mmengine - INFO - Epoch(train) [179][100/782]  lr: 5.0000e-03  eta: 0:35:52  time: 0.0446  data_time: 0.0012  memory: 413  loss: 15.3484  loss_ori: 1.7318  loss_uatm: 2.9659  loss_ugsa: 10.6507
2026/02/18 20:05:20 - mmengine - INFO - Epoch(train) [179][200/782]  lr: 5.0000e-03  eta: 0:35:48  time: 0.0407  data_time: 0.0010  memory: 413  loss: 15.6188  loss_ori: 1.6277  loss_uatm: 2.8713  loss_ugsa: 11.1198
2026/02/18 20:05:24 - mmengine - INFO - Epoch(train) [179][300/782]  lr: 5.0000e-03  eta: 0:35:43  time: 0.0414  data_time: 0.0015  memory: 413  loss: 15.2340  loss_ori: 1.7723  loss_uatm: 2.7577  loss_ugsa: 10.7039
2026/02/18 20:05:29 - mmengine - INFO - Epoch(train) [179][400/782]  lr: 5.0000e-03  eta: 0:35:39  time: 0.0411  data_time: 0.0013  memory: 413  loss: 15.2284  loss_ori: 2.0168  loss_uatm: 2.9076  loss_ugsa: 10.3039
2026/02/18 20:05:33 - mmengine - INFO - Epoch(train) [179][500/782]  lr: 5.0000e-03  eta: 0:35:34  time: 0.0439  data_time: 0.0016  memory: 413  loss: 15.5779  loss_ori: 1.5710  loss_uatm: 2.8757  loss_ugsa: 11.1313
2026/02/18 20:05:38 - mmengine - INFO - Epoch(train) [179][600/782]  lr: 5.0000e-03  eta: 0:35:30  time: 0.0471  data_time: 0.0019  memory: 413  loss: 15.5880  loss_ori: 1.6946  loss_uatm: 2.8847  loss_ugsa: 11.0086
2026/02/18 20:05:42 - mmengine - INFO - Epoch(train) [179][700/782]  lr: 5.0000e-03  eta: 0:35:26  time: 0.0370  data_time: 0.0009  memory: 413  loss: 16.5719  loss_ori: 1.8347  loss_uatm: 2.9770  loss_ugsa: 11.7603
2026/02/18 20:05:46 - mmengine - INFO - Exp name: resnet32x4_resnet8x4_20260218_180916
2026/02/18 20:05:48 - mmengine - INFO - Epoch(val) [179][100/157]    eta: 0:00:01  time: 0.0219  data_time: 0.0006  memory: 413  
2026/02/18 20:05:50 - mmengine - INFO - Epoch(val) [179][157/157]    accuracy/top1: 74.5300  data_time: 0.0009  time: 0.0239
2026/02/18 20:05:51 - mmengine - INFO - Exp name: resnet32x4_resnet8x4_20260218_180916
2026/02/18 20:05:54 - mmengine - INFO - Epoch(train) [180][100/782]  lr: 5.0000e-03  eta: 0:35:17  time: 0.0411  data_time: 0.0013  memory: 413  loss: 15.3804  loss_ori: 1.3717  loss_uatm: 2.8238  loss_ugsa: 11.1849
2026/02/18 20:05:58 - mmengine - INFO - Epoch(train) [180][200/782]  lr: 5.0000e-03  eta: 0:35:13  time: 0.0427  data_time: 0.0011  memory: 413  loss: 16.1766  loss_ori: 2.1648  loss_uatm: 3.1602  loss_ugsa: 10.8516
2026/02/18 20:06:02 - mmengine - INFO - Epoch(train) [180][300/782]  lr: 5.0000e-03  eta: 0:35:08  time: 0.0407  data_time: 0.0009  memory: 413  loss: 15.6920  loss_ori: 1.8826  loss_uatm: 2.9223  loss_ugsa: 10.8872
2026/02/18 20:06:06 - mmengine - INFO - Epoch(train) [180][400/782]  lr: 5.0000e-03  eta: 0:35:03  time: 0.0426  data_time: 0.0012  memory: 413  loss: 15.8019  loss_ori: 1.5371  loss_uatm: 2.8255  loss_ugsa: 11.4393
2026/02/18 20:06:11 - mmengine - INFO - Epoch(train) [180][500/782]  lr: 5.0000e-03  eta: 0:34:59  time: 0.0434  data_time: 0.0017  memory: 413  loss: 14.8872  loss_ori: 1.3814  loss_uatm: 2.7502  loss_ugsa: 10.7556
2026/02/18 20:06:15 - mmengine - INFO - Epoch(train) [180][600/782]  lr: 5.0000e-03  eta: 0:34:55  time: 0.0424  data_time: 0.0012  memory: 413  loss: 15.9990  loss_ori: 1.6673  loss_uatm: 2.9511  loss_ugsa: 11.3807
2026/02/18 20:06:19 - mmengine - INFO - Epoch(train) [180][700/782]  lr: 5.0000e-03  eta: 0:34:50  time: 0.0401  data_time: 0.0011  memory: 413  loss: 15.5389  loss_ori: 1.7353  loss_uatm: 3.0203  loss_ugsa: 10.7833
2026/02/18 20:06:23 - mmengine - INFO - Exp name: resnet32x4_resnet8x4_20260218_180916
2026/02/18 20:06:25 - mmengine - INFO - Epoch(val) [180][100/157]    eta: 0:00:01  time: 0.0194  data_time: 0.0004  memory: 413  
2026/02/18 20:06:26 - mmengine - INFO - Epoch(val) [180][157/157]    accuracy/top1: 74.1800  data_time: 0.0007  time: 0.0212
2026/02/18 20:06:31 - mmengine - INFO - Epoch(train) [181][100/782]  lr: 5.0000e-04  eta: 0:34:42  time: 0.0437  data_time: 0.0013  memory: 413  loss: 15.0674  loss_ori: 1.2061  loss_uatm: 2.5228  loss_ugsa: 11.3385
2026/02/18 20:06:35 - mmengine - INFO - Epoch(train) [181][200/782]  lr: 5.0000e-04  eta: 0:34:37  time: 0.0399  data_time: 0.0010  memory: 413  loss: 14.9207  loss_ori: 1.5991  loss_uatm: 2.6443  loss_ugsa: 10.6774
2026/02/18 20:06:37 - mmengine - INFO - Exp name: resnet32x4_resnet8x4_20260218_180916
2026/02/18 20:06:39 - mmengine - INFO - Epoch(train) [181][300/782]  lr: 5.0000e-04  eta: 0:34:33  time: 0.0419  data_time: 0.0010  memory: 413  loss: 15.4374  loss_ori: 1.8564  loss_uatm: 2.8245  loss_ugsa: 10.7566
2026/02/18 20:06:44 - mmengine - INFO - Epoch(train) [181][400/782]  lr: 5.0000e-04  eta: 0:34:28  time: 0.0456  data_time: 0.0020  memory: 413  loss: 15.0451  loss_ori: 1.8606  loss_uatm: 2.7378  loss_ugsa: 10.4466
2026/02/18 20:06:48 - mmengine - INFO - Epoch(train) [181][500/782]  lr: 5.0000e-04  eta: 0:34:24  time: 0.0465  data_time: 0.0028  memory: 413  loss: 15.6243  loss_ori: 1.3216  loss_uatm: 2.7251  loss_ugsa: 11.5775
2026/02/18 20:06:53 - mmengine - INFO - Epoch(train) [181][600/782]  lr: 5.0000e-04  eta: 0:34:19  time: 0.0430  data_time: 0.0018  memory: 413  loss: 15.4924  loss_ori: 1.6869  loss_uatm: 2.6707  loss_ugsa: 11.1348
2026/02/18 20:06:57 - mmengine - INFO - Epoch(train) [181][700/782]  lr: 5.0000e-04  eta: 0:34:15  time: 0.0447  data_time: 0.0013  memory: 413  loss: 15.4705  loss_ori: 1.5930  loss_uatm: 2.7478  loss_ugsa: 11.1297
2026/02/18 20:07:01 - mmengine - INFO - Exp name: resnet32x4_resnet8x4_20260218_180916
2026/02/18 20:07:03 - mmengine - INFO - Epoch(val) [181][100/157]    eta: 0:00:01  time: 0.0206  data_time: 0.0004  memory: 413  
2026/02/18 20:07:05 - mmengine - INFO - Epoch(val) [181][157/157]    accuracy/top1: 76.0700  data_time: 0.0009  time: 0.0215
2026/02/18 20:07:05 - mmengine - INFO - The previous best checkpoint /root/autodl-tmp/mmcls/work_dirs/cifar100/resnet32x4_resnet8x4/UATM+UGSA_temp=4.0_loss_weight=15.0+loss_weight=1.0_1/best_accuracy_top1_epoch_177.pth is removed
2026/02/18 20:07:05 - mmengine - INFO - The best checkpoint with 76.0700 accuracy/top1 at 181 epoch is saved to best_accuracy_top1_epoch_181.pth.
2026/02/18 20:07:10 - mmengine - INFO - Epoch(train) [182][100/782]  lr: 5.0000e-04  eta: 0:34:07  time: 0.0420  data_time: 0.0011  memory: 413  loss: 15.7563  loss_ori: 1.9206  loss_uatm: 2.7791  loss_ugsa: 11.0566
2026/02/18 20:07:14 - mmengine - INFO - Epoch(train) [182][200/782]  lr: 5.0000e-04  eta: 0:34:02  time: 0.0443  data_time: 0.0012  memory: 413  loss: 15.3600  loss_ori: 1.9439  loss_uatm: 2.6352  loss_ugsa: 10.7809
2026/02/18 20:07:19 - mmengine - INFO - Epoch(train) [182][300/782]  lr: 5.0000e-04  eta: 0:33:58  time: 0.0557  data_time: 0.0010  memory: 413  loss: 15.3133  loss_ori: 1.4054  loss_uatm: 2.7192  loss_ugsa: 11.1888
2026/02/18 20:07:23 - mmengine - INFO - Epoch(train) [182][400/782]  lr: 5.0000e-04  eta: 0:33:53  time: 0.0474  data_time: 0.0015  memory: 413  loss: 15.3733  loss_ori: 1.3042  loss_uatm: 2.5143  loss_ugsa: 11.5548
2026/02/18 20:07:26 - mmengine - INFO - Exp name: resnet32x4_resnet8x4_20260218_180916
2026/02/18 20:07:28 - mmengine - INFO - Epoch(train) [182][500/782]  lr: 5.0000e-04  eta: 0:33:49  time: 0.0417  data_time: 0.0010  memory: 413  loss: 14.5270  loss_ori: 1.4473  loss_uatm: 2.5201  loss_ugsa: 10.5596
2026/02/18 20:07:32 - mmengine - INFO - Epoch(train) [182][600/782]  lr: 5.0000e-04  eta: 0:33:44  time: 0.0422  data_time: 0.0012  memory: 413  loss: 14.9662  loss_ori: 1.1076  loss_uatm: 2.4362  loss_ugsa: 11.4223
2026/02/18 20:07:36 - mmengine - INFO - Epoch(train) [182][700/782]  lr: 5.0000e-04  eta: 0:33:40  time: 0.0355  data_time: 0.0015  memory: 413  loss: 15.5399  loss_ori: 1.9374  loss_uatm: 2.7547  loss_ugsa: 10.8477
2026/02/18 20:07:39 - mmengine - INFO - Exp name: resnet32x4_resnet8x4_20260218_180916
2026/02/18 20:07:41 - mmengine - INFO - Epoch(val) [182][100/157]    eta: 0:00:01  time: 0.0212  data_time: 0.0005  memory: 413  
2026/02/18 20:07:43 - mmengine - INFO - Epoch(val) [182][157/157]    accuracy/top1: 76.1900  data_time: 0.0008  time: 0.0203
2026/02/18 20:07:43 - mmengine - INFO - The previous best checkpoint /root/autodl-tmp/mmcls/work_dirs/cifar100/resnet32x4_resnet8x4/UATM+UGSA_temp=4.0_loss_weight=15.0+loss_weight=1.0_1/best_accuracy_top1_epoch_181.pth is removed
2026/02/18 20:07:44 - mmengine - INFO - The best checkpoint with 76.1900 accuracy/top1 at 182 epoch is saved to best_accuracy_top1_epoch_182.pth.
2026/02/18 20:07:48 - mmengine - INFO - Epoch(train) [183][100/782]  lr: 5.0000e-04  eta: 0:33:32  time: 0.0375  data_time: 0.0014  memory: 413  loss: 15.3773  loss_ori: 1.7379  loss_uatm: 2.6087  loss_ugsa: 11.0307
2026/02/18 20:07:52 - mmengine - INFO - Epoch(train) [183][200/782]  lr: 5.0000e-04  eta: 0:33:27  time: 0.0427  data_time: 0.0012  memory: 413  loss: 15.8078  loss_ori: 1.5170  loss_uatm: 2.6258  loss_ugsa: 11.6651
2026/02/18 20:07:57 - mmengine - INFO - Epoch(train) [183][300/782]  lr: 5.0000e-04  eta: 0:33:23  time: 0.0422  data_time: 0.0013  memory: 413  loss: 15.0225  loss_ori: 1.7290  loss_uatm: 2.6368  loss_ugsa: 10.6567
2026/02/18 20:08:01 - mmengine - INFO - Epoch(train) [183][400/782]  lr: 5.0000e-04  eta: 0:33:18  time: 0.0396  data_time: 0.0011  memory: 413  loss: 15.1998  loss_ori: 1.3960  loss_uatm: 2.5368  loss_ugsa: 11.2669
2026/02/18 20:08:05 - mmengine - INFO - Epoch(train) [183][500/782]  lr: 5.0000e-04  eta: 0:33:14  time: 0.0419  data_time: 0.0012  memory: 413  loss: 14.5516  loss_ori: 1.4782  loss_uatm: 2.5364  loss_ugsa: 10.5369
2026/02/18 20:08:10 - mmengine - INFO - Epoch(train) [183][600/782]  lr: 5.0000e-04  eta: 0:33:09  time: 0.0441  data_time: 0.0012  memory: 413  loss: 15.0391  loss_ori: 1.0389  loss_uatm: 2.5405  loss_ugsa: 11.4597
2026/02/18 20:08:13 - mmengine - INFO - Exp name: resnet32x4_resnet8x4_20260218_180916
2026/02/18 20:08:14 - mmengine - INFO - Epoch(train) [183][700/782]  lr: 5.0000e-04  eta: 0:33:05  time: 0.0411  data_time: 0.0011  memory: 413  loss: 15.0409  loss_ori: 1.6146  loss_uatm: 2.5194  loss_ugsa: 10.9069
2026/02/18 20:08:17 - mmengine - INFO - Exp name: resnet32x4_resnet8x4_20260218_180916
2026/02/18 20:08:19 - mmengine - INFO - Epoch(val) [183][100/157]    eta: 0:00:01  time: 0.0170  data_time: 0.0004  memory: 413  
2026/02/18 20:08:21 - mmengine - INFO - Epoch(val) [183][157/157]    accuracy/top1: 76.2100  data_time: 0.0008  time: 0.0214
2026/02/18 20:08:21 - mmengine - INFO - The previous best checkpoint /root/autodl-tmp/mmcls/work_dirs/cifar100/resnet32x4_resnet8x4/UATM+UGSA_temp=4.0_loss_weight=15.0+loss_weight=1.0_1/best_accuracy_top1_epoch_182.pth is removed
2026/02/18 20:08:22 - mmengine - INFO - The best checkpoint with 76.2100 accuracy/top1 at 183 epoch is saved to best_accuracy_top1_epoch_183.pth.
2026/02/18 20:08:26 - mmengine - INFO - Epoch(train) [184][100/782]  lr: 5.0000e-04  eta: 0:32:56  time: 0.0402  data_time: 0.0012  memory: 413  loss: 14.7016  loss_ori: 2.0516  loss_uatm: 2.6161  loss_ugsa: 10.0338
2026/02/18 20:08:30 - mmengine - INFO - Epoch(train) [184][200/782]  lr: 5.0000e-04  eta: 0:32:52  time: 0.0402  data_time: 0.0011  memory: 413  loss: 14.9698  loss_ori: 1.6371  loss_uatm: 2.5139  loss_ugsa: 10.8187
2026/02/18 20:08:35 - mmengine - INFO - Epoch(train) [184][300/782]  lr: 5.0000e-04  eta: 0:32:47  time: 0.0405  data_time: 0.0010  memory: 413  loss: 15.1749  loss_ori: 1.8941  loss_uatm: 2.6546  loss_ugsa: 10.6262
2026/02/18 20:08:39 - mmengine - INFO - Epoch(train) [184][400/782]  lr: 5.0000e-04  eta: 0:32:43  time: 0.0416  data_time: 0.0012  memory: 413  loss: 15.3716  loss_ori: 1.9195  loss_uatm: 2.5819  loss_ugsa: 10.8703
2026/02/18 20:08:43 - mmengine - INFO - Epoch(train) [184][500/782]  lr: 5.0000e-04  eta: 0:32:38  time: 0.0416  data_time: 0.0009  memory: 413  loss: 15.0744  loss_ori: 1.4885  loss_uatm: 2.5348  loss_ugsa: 11.0511
2026/02/18 20:08:47 - mmengine - INFO - Epoch(train) [184][600/782]  lr: 5.0000e-04  eta: 0:32:34  time: 0.0373  data_time: 0.0011  memory: 413  loss: 14.9016  loss_ori: 1.9093  loss_uatm: 2.5346  loss_ugsa: 10.4576
2026/02/18 20:08:51 - mmengine - INFO - Epoch(train) [184][700/782]  lr: 5.0000e-04  eta: 0:32:29  time: 0.0330  data_time: 0.0008  memory: 413  loss: 15.0922  loss_ori: 2.1425  loss_uatm: 2.5593  loss_ugsa: 10.3904
2026/02/18 20:08:55 - mmengine - INFO - Exp name: resnet32x4_resnet8x4_20260218_180916
2026/02/18 20:08:57 - mmengine - INFO - Epoch(val) [184][100/157]    eta: 0:00:01  time: 0.0237  data_time: 0.0011  memory: 413  
2026/02/18 20:08:59 - mmengine - INFO - Epoch(val) [184][157/157]    accuracy/top1: 76.2600  data_time: 0.0010  time: 0.0239
2026/02/18 20:08:59 - mmengine - INFO - The previous best checkpoint /root/autodl-tmp/mmcls/work_dirs/cifar100/resnet32x4_resnet8x4/UATM+UGSA_temp=4.0_loss_weight=15.0+loss_weight=1.0_1/best_accuracy_top1_epoch_183.pth is removed
2026/02/18 20:09:00 - mmengine - INFO - The best checkpoint with 76.2600 accuracy/top1 at 184 epoch is saved to best_accuracy_top1_epoch_184.pth.
2026/02/18 20:09:04 - mmengine - INFO - Epoch(train) [185][100/782]  lr: 5.0000e-04  eta: 0:32:21  time: 0.0592  data_time: 0.0010  memory: 413  loss: 15.8861  loss_ori: 1.8902  loss_uatm: 2.7265  loss_ugsa: 11.2694
2026/02/18 20:09:05 - mmengine - INFO - Exp name: resnet32x4_resnet8x4_20260218_180916
2026/02/18 20:09:09 - mmengine - INFO - Epoch(train) [185][200/782]  lr: 5.0000e-04  eta: 0:32:17  time: 0.0410  data_time: 0.0010  memory: 413  loss: 15.1287  loss_ori: 2.0144  loss_uatm: 2.6674  loss_ugsa: 10.4469
2026/02/18 20:09:13 - mmengine - INFO - Epoch(train) [185][300/782]  lr: 5.0000e-04  eta: 0:32:12  time: 0.0425  data_time: 0.0010  memory: 413  loss: 15.5291  loss_ori: 1.4369  loss_uatm: 2.5720  loss_ugsa: 11.5203
2026/02/18 20:09:17 - mmengine - INFO - Epoch(train) [185][400/782]  lr: 5.0000e-04  eta: 0:32:08  time: 0.0586  data_time: 0.0012  memory: 413  loss: 15.1270  loss_ori: 1.2354  loss_uatm: 2.4025  loss_ugsa: 11.4891
2026/02/18 20:09:21 - mmengine - INFO - Epoch(train) [185][500/782]  lr: 5.0000e-04  eta: 0:32:03  time: 0.0415  data_time: 0.0011  memory: 413  loss: 15.1353  loss_ori: 1.5547  loss_uatm: 2.4519  loss_ugsa: 11.1288
2026/02/18 20:09:26 - mmengine - INFO - Epoch(train) [185][600/782]  lr: 5.0000e-04  eta: 0:31:59  time: 0.0399  data_time: 0.0011  memory: 413  loss: 15.0426  loss_ori: 1.4422  loss_uatm: 2.5717  loss_ugsa: 11.0288
2026/02/18 20:09:29 - mmengine - INFO - Epoch(train) [185][700/782]  lr: 5.0000e-04  eta: 0:31:54  time: 0.0423  data_time: 0.0011  memory: 413  loss: 15.2781  loss_ori: 1.4330  loss_uatm: 2.5871  loss_ugsa: 11.2580
2026/02/18 20:09:33 - mmengine - INFO - Exp name: resnet32x4_resnet8x4_20260218_180916
2026/02/18 20:09:35 - mmengine - INFO - Epoch(val) [185][100/157]    eta: 0:00:01  time: 0.0189  data_time: 0.0004  memory: 413  
2026/02/18 20:09:37 - mmengine - INFO - Epoch(val) [185][157/157]    accuracy/top1: 76.7300  data_time: 0.0008  time: 0.0227
2026/02/18 20:09:37 - mmengine - INFO - The previous best checkpoint /root/autodl-tmp/mmcls/work_dirs/cifar100/resnet32x4_resnet8x4/UATM+UGSA_temp=4.0_loss_weight=15.0+loss_weight=1.0_1/best_accuracy_top1_epoch_184.pth is removed
2026/02/18 20:09:37 - mmengine - INFO - The best checkpoint with 76.7300 accuracy/top1 at 185 epoch is saved to best_accuracy_top1_epoch_185.pth.
2026/02/18 20:09:42 - mmengine - INFO - Epoch(train) [186][100/782]  lr: 5.0000e-04  eta: 0:31:46  time: 0.0417  data_time: 0.0011  memory: 413  loss: 14.5790  loss_ori: 1.2647  loss_uatm: 2.5327  loss_ugsa: 10.7816
2026/02/18 20:09:46 - mmengine - INFO - Epoch(train) [186][200/782]  lr: 5.0000e-04  eta: 0:31:41  time: 0.0416  data_time: 0.0011  memory: 413  loss: 15.9467  loss_ori: 2.0498  loss_uatm: 2.6758  loss_ugsa: 11.2211
2026/02/18 20:09:50 - mmengine - INFO - Epoch(train) [186][300/782]  lr: 5.0000e-04  eta: 0:31:37  time: 0.0447  data_time: 0.0011  memory: 413  loss: 15.1246  loss_ori: 1.2941  loss_uatm: 2.5751  loss_ugsa: 11.2554
2026/02/18 20:09:51 - mmengine - INFO - Exp name: resnet32x4_resnet8x4_20260218_180916
2026/02/18 20:09:54 - mmengine - INFO - Epoch(train) [186][400/782]  lr: 5.0000e-04  eta: 0:31:32  time: 0.0401  data_time: 0.0011  memory: 413  loss: 14.7870  loss_ori: 1.4876  loss_uatm: 2.5656  loss_ugsa: 10.7339
2026/02/18 20:09:59 - mmengine - INFO - Epoch(train) [186][500/782]  lr: 5.0000e-04  eta: 0:31:28  time: 0.0471  data_time: 0.0022  memory: 413  loss: 15.3464  loss_ori: 1.7628  loss_uatm: 2.6272  loss_ugsa: 10.9564
2026/02/18 20:10:03 - mmengine - INFO - Epoch(train) [186][600/782]  lr: 5.0000e-04  eta: 0:31:23  time: 0.0418  data_time: 0.0015  memory: 413  loss: 15.8441  loss_ori: 1.7497  loss_uatm: 2.5470  loss_ugsa: 11.5474
2026/02/18 20:10:08 - mmengine - INFO - Epoch(train) [186][700/782]  lr: 5.0000e-04  eta: 0:31:19  time: 0.0458  data_time: 0.0013  memory: 413  loss: 14.8777  loss_ori: 1.6169  loss_uatm: 2.5162  loss_ugsa: 10.7446
2026/02/18 20:10:11 - mmengine - INFO - Exp name: resnet32x4_resnet8x4_20260218_180916
2026/02/18 20:10:13 - mmengine - INFO - Epoch(val) [186][100/157]    eta: 0:00:00  time: 0.0173  data_time: 0.0004  memory: 413  
2026/02/18 20:10:14 - mmengine - INFO - Epoch(val) [186][157/157]    accuracy/top1: 76.6600  data_time: 0.0007  time: 0.0177
2026/02/18 20:10:18 - mmengine - INFO - Epoch(train) [187][100/782]  lr: 5.0000e-04  eta: 0:31:11  time: 0.0439  data_time: 0.0013  memory: 413  loss: 15.5109  loss_ori: 1.6843  loss_uatm: 2.5776  loss_ugsa: 11.2490
2026/02/18 20:10:23 - mmengine - INFO - Epoch(train) [187][200/782]  lr: 5.0000e-04  eta: 0:31:06  time: 0.0448  data_time: 0.0020  memory: 413  loss: 14.4866  loss_ori: 0.9358  loss_uatm: 2.3911  loss_ugsa: 11.1597
2026/02/18 20:10:28 - mmengine - INFO - Epoch(train) [187][300/782]  lr: 5.0000e-04  eta: 0:31:02  time: 0.0446  data_time: 0.0020  memory: 413  loss: 15.1883  loss_ori: 1.6481  loss_uatm: 2.5056  loss_ugsa: 11.0345
2026/02/18 20:10:32 - mmengine - INFO - Epoch(train) [187][400/782]  lr: 5.0000e-04  eta: 0:30:57  time: 0.0338  data_time: 0.0012  memory: 413  loss: 15.2926  loss_ori: 1.8272  loss_uatm: 2.7286  loss_ugsa: 10.7368
2026/02/18 20:10:36 - mmengine - INFO - Epoch(train) [187][500/782]  lr: 5.0000e-04  eta: 0:30:53  time: 0.0429  data_time: 0.0012  memory: 413  loss: 15.3858  loss_ori: 2.4128  loss_uatm: 2.6616  loss_ugsa: 10.3114
2026/02/18 20:10:38 - mmengine - INFO - Exp name: resnet32x4_resnet8x4_20260218_180916
2026/02/18 20:10:40 - mmengine - INFO - Epoch(train) [187][600/782]  lr: 5.0000e-04  eta: 0:30:48  time: 0.0437  data_time: 0.0016  memory: 413  loss: 15.4494  loss_ori: 1.9270  loss_uatm: 2.6813  loss_ugsa: 10.8411
2026/02/18 20:10:45 - mmengine - INFO - Epoch(train) [187][700/782]  lr: 5.0000e-04  eta: 0:30:44  time: 0.0389  data_time: 0.0014  memory: 413  loss: 15.4439  loss_ori: 1.2059  loss_uatm: 2.4126  loss_ugsa: 11.8254
2026/02/18 20:10:48 - mmengine - INFO - Exp name: resnet32x4_resnet8x4_20260218_180916
2026/02/18 20:10:51 - mmengine - INFO - Epoch(val) [187][100/157]    eta: 0:00:01  time: 0.0212  data_time: 0.0006  memory: 413  
2026/02/18 20:10:52 - mmengine - INFO - Epoch(val) [187][157/157]    accuracy/top1: 76.4700  data_time: 0.0009  time: 0.0248
2026/02/18 20:10:56 - mmengine - INFO - Epoch(train) [188][100/782]  lr: 5.0000e-04  eta: 0:30:35  time: 0.0307  data_time: 0.0009  memory: 413  loss: 14.9551  loss_ori: 1.5825  loss_uatm: 2.5483  loss_ugsa: 10.8244
2026/02/18 20:11:00 - mmengine - INFO - Epoch(train) [188][200/782]  lr: 5.0000e-04  eta: 0:30:31  time: 0.0465  data_time: 0.0023  memory: 413  loss: 15.1321  loss_ori: 1.5598  loss_uatm: 2.5772  loss_ugsa: 10.9951
2026/02/18 20:11:04 - mmengine - INFO - Epoch(train) [188][300/782]  lr: 5.0000e-04  eta: 0:30:26  time: 0.0377  data_time: 0.0026  memory: 413  loss: 14.9622  loss_ori: 1.2227  loss_uatm: 2.5585  loss_ugsa: 11.1810
2026/02/18 20:11:08 - mmengine - INFO - Epoch(train) [188][400/782]  lr: 5.0000e-04  eta: 0:30:22  time: 0.0368  data_time: 0.0015  memory: 413  loss: 14.8569  loss_ori: 1.5271  loss_uatm: 2.5595  loss_ugsa: 10.7703
2026/02/18 20:11:12 - mmengine - INFO - Epoch(train) [188][500/782]  lr: 5.0000e-04  eta: 0:30:17  time: 0.0433  data_time: 0.0021  memory: 413  loss: 16.0299  loss_ori: 1.7906  loss_uatm: 2.5467  loss_ugsa: 11.6926
2026/02/18 20:11:16 - mmengine - INFO - Epoch(train) [188][600/782]  lr: 5.0000e-04  eta: 0:30:13  time: 0.0351  data_time: 0.0010  memory: 413  loss: 15.1391  loss_ori: 1.4571  loss_uatm: 2.6799  loss_ugsa: 11.0020
2026/02/18 20:11:21 - mmengine - INFO - Epoch(train) [188][700/782]  lr: 5.0000e-04  eta: 0:30:08  time: 0.0648  data_time: 0.0022  memory: 413  loss: 15.3956  loss_ori: 2.0285  loss_uatm: 2.6255  loss_ugsa: 10.7417
2026/02/18 20:11:23 - mmengine - INFO - Exp name: resnet32x4_resnet8x4_20260218_180916
2026/02/18 20:11:24 - mmengine - INFO - Exp name: resnet32x4_resnet8x4_20260218_180916
2026/02/18 20:11:27 - mmengine - INFO - Epoch(val) [188][100/157]    eta: 0:00:01  time: 0.0223  data_time: 0.0006  memory: 413  
2026/02/18 20:11:28 - mmengine - INFO - Epoch(val) [188][157/157]    accuracy/top1: 76.3200  data_time: 0.0010  time: 0.0251
2026/02/18 20:11:33 - mmengine - INFO - Epoch(train) [189][100/782]  lr: 5.0000e-04  eta: 0:30:00  time: 0.0433  data_time: 0.0016  memory: 413  loss: 14.5309  loss_ori: 1.2566  loss_uatm: 2.5118  loss_ugsa: 10.7625
2026/02/18 20:11:37 - mmengine - INFO - Epoch(train) [189][200/782]  lr: 5.0000e-04  eta: 0:29:55  time: 0.0410  data_time: 0.0009  memory: 413  loss: 14.8827  loss_ori: 1.2793  loss_uatm: 2.6344  loss_ugsa: 10.9690
2026/02/18 20:11:41 - mmengine - INFO - Epoch(train) [189][300/782]  lr: 5.0000e-04  eta: 0:29:51  time: 0.0423  data_time: 0.0010  memory: 413  loss: 15.4284  loss_ori: 1.4909  loss_uatm: 2.5095  loss_ugsa: 11.4280
2026/02/18 20:11:46 - mmengine - INFO - Epoch(train) [189][400/782]  lr: 5.0000e-04  eta: 0:29:46  time: 0.0421  data_time: 0.0012  memory: 413  loss: 15.3439  loss_ori: 1.5690  loss_uatm: 2.4636  loss_ugsa: 11.3113
2026/02/18 20:11:50 - mmengine - INFO - Epoch(train) [189][500/782]  lr: 5.0000e-04  eta: 0:29:42  time: 0.0384  data_time: 0.0010  memory: 413  loss: 15.0476  loss_ori: 1.4354  loss_uatm: 2.5909  loss_ugsa: 11.0213
2026/02/18 20:11:54 - mmengine - INFO - Epoch(train) [189][600/782]  lr: 5.0000e-04  eta: 0:29:37  time: 0.0433  data_time: 0.0018  memory: 413  loss: 15.3328  loss_ori: 1.8840  loss_uatm: 2.5712  loss_ugsa: 10.8776
2026/02/18 20:11:59 - mmengine - INFO - Epoch(train) [189][700/782]  lr: 5.0000e-04  eta: 0:29:33  time: 0.0426  data_time: 0.0012  memory: 413  loss: 14.5545  loss_ori: 1.1626  loss_uatm: 2.5308  loss_ugsa: 10.8611
2026/02/18 20:12:02 - mmengine - INFO - Exp name: resnet32x4_resnet8x4_20260218_180916
2026/02/18 20:12:05 - mmengine - INFO - Epoch(val) [189][100/157]    eta: 0:00:01  time: 0.0178  data_time: 0.0006  memory: 413  
2026/02/18 20:12:06 - mmengine - INFO - Epoch(val) [189][157/157]    accuracy/top1: 76.1000  data_time: 0.0009  time: 0.0225
2026/02/18 20:12:10 - mmengine - INFO - Epoch(train) [190][100/782]  lr: 5.0000e-04  eta: 0:29:25  time: 0.0410  data_time: 0.0013  memory: 413  loss: 14.8048  loss_ori: 1.8040  loss_uatm: 2.5872  loss_ugsa: 10.4136
2026/02/18 20:12:15 - mmengine - INFO - Epoch(train) [190][200/782]  lr: 5.0000e-04  eta: 0:29:20  time: 0.0427  data_time: 0.0012  memory: 413  loss: 14.8961  loss_ori: 1.5079  loss_uatm: 2.4864  loss_ugsa: 10.9018
2026/02/18 20:12:15 - mmengine - INFO - Exp name: resnet32x4_resnet8x4_20260218_180916
2026/02/18 20:12:19 - mmengine - INFO - Epoch(train) [190][300/782]  lr: 5.0000e-04  eta: 0:29:16  time: 0.0395  data_time: 0.0008  memory: 413  loss: 15.9231  loss_ori: 1.9689  loss_uatm: 2.6375  loss_ugsa: 11.3166
2026/02/18 20:12:24 - mmengine - INFO - Epoch(train) [190][400/782]  lr: 5.0000e-04  eta: 0:29:12  time: 0.0446  data_time: 0.0014  memory: 413  loss: 15.5565  loss_ori: 1.5987  loss_uatm: 2.5853  loss_ugsa: 11.3725
2026/02/18 20:12:28 - mmengine - INFO - Epoch(train) [190][500/782]  lr: 5.0000e-04  eta: 0:29:07  time: 0.0451  data_time: 0.0013  memory: 413  loss: 15.5068  loss_ori: 2.0520  loss_uatm: 2.5991  loss_ugsa: 10.8557
2026/02/18 20:12:33 - mmengine - INFO - Epoch(train) [190][600/782]  lr: 5.0000e-04  eta: 0:29:03  time: 0.0426  data_time: 0.0013  memory: 413  loss: 15.4515  loss_ori: 1.8140  loss_uatm: 2.5959  loss_ugsa: 11.0417
2026/02/18 20:12:38 - mmengine - INFO - Epoch(train) [190][700/782]  lr: 5.0000e-04  eta: 0:28:58  time: 0.0444  data_time: 0.0012  memory: 413  loss: 15.3599  loss_ori: 1.6754  loss_uatm: 2.5545  loss_ugsa: 11.1300
2026/02/18 20:12:41 - mmengine - INFO - Exp name: resnet32x4_resnet8x4_20260218_180916
2026/02/18 20:12:43 - mmengine - INFO - Epoch(val) [190][100/157]    eta: 0:00:01  time: 0.0196  data_time: 0.0004  memory: 413  
2026/02/18 20:12:44 - mmengine - INFO - Epoch(val) [190][157/157]    accuracy/top1: 76.6700  data_time: 0.0008  time: 0.0217
2026/02/18 20:12:49 - mmengine - INFO - Epoch(train) [191][100/782]  lr: 5.0000e-04  eta: 0:28:50  time: 0.0399  data_time: 0.0011  memory: 413  loss: 15.2331  loss_ori: 1.6504  loss_uatm: 2.5140  loss_ugsa: 11.0687
2026/02/18 20:12:53 - mmengine - INFO - Epoch(train) [191][200/782]  lr: 5.0000e-04  eta: 0:28:46  time: 0.0439  data_time: 0.0017  memory: 413  loss: 14.7728  loss_ori: 1.3512  loss_uatm: 2.3982  loss_ugsa: 11.0233
2026/02/18 20:12:58 - mmengine - INFO - Epoch(train) [191][300/782]  lr: 5.0000e-04  eta: 0:28:41  time: 0.0436  data_time: 0.0019  memory: 413  loss: 15.1201  loss_ori: 1.7777  loss_uatm: 2.6549  loss_ugsa: 10.6874
2026/02/18 20:13:02 - mmengine - INFO - Epoch(train) [191][400/782]  lr: 5.0000e-04  eta: 0:28:37  time: 0.0422  data_time: 0.0010  memory: 413  loss: 15.4572  loss_ori: 1.7229  loss_uatm: 2.5804  loss_ugsa: 11.1540
2026/02/18 20:13:03 - mmengine - INFO - Exp name: resnet32x4_resnet8x4_20260218_180916
2026/02/18 20:13:07 - mmengine - INFO - Epoch(train) [191][500/782]  lr: 5.0000e-04  eta: 0:28:32  time: 0.0465  data_time: 0.0021  memory: 413  loss: 15.4010  loss_ori: 1.4514  loss_uatm: 2.4982  loss_ugsa: 11.4513
2026/02/18 20:13:12 - mmengine - INFO - Epoch(train) [191][600/782]  lr: 5.0000e-04  eta: 0:28:28  time: 0.0468  data_time: 0.0014  memory: 413  loss: 15.1018  loss_ori: 1.7893  loss_uatm: 2.5705  loss_ugsa: 10.7420
2026/02/18 20:13:16 - mmengine - INFO - Epoch(train) [191][700/782]  lr: 5.0000e-04  eta: 0:28:24  time: 0.0428  data_time: 0.0020  memory: 413  loss: 14.9634  loss_ori: 1.5582  loss_uatm: 2.4528  loss_ugsa: 10.9524
2026/02/18 20:13:20 - mmengine - INFO - Exp name: resnet32x4_resnet8x4_20260218_180916
2026/02/18 20:13:22 - mmengine - INFO - Epoch(val) [191][100/157]    eta: 0:00:01  time: 0.0227  data_time: 0.0005  memory: 413  
2026/02/18 20:13:24 - mmengine - INFO - Epoch(val) [191][157/157]    accuracy/top1: 76.6800  data_time: 0.0008  time: 0.0229
2026/02/18 20:13:28 - mmengine - INFO - Epoch(train) [192][100/782]  lr: 5.0000e-04  eta: 0:28:16  time: 0.0443  data_time: 0.0012  memory: 413  loss: 14.7924  loss_ori: 1.3071  loss_uatm: 2.5149  loss_ugsa: 10.9703
2026/02/18 20:13:33 - mmengine - INFO - Epoch(train) [192][200/782]  lr: 5.0000e-04  eta: 0:28:11  time: 0.0457  data_time: 0.0014  memory: 413  loss: 14.7791  loss_ori: 0.9784  loss_uatm: 2.3160  loss_ugsa: 11.4847
2026/02/18 20:13:37 - mmengine - INFO - Epoch(train) [192][300/782]  lr: 5.0000e-04  eta: 0:28:07  time: 0.0452  data_time: 0.0014  memory: 413  loss: 15.2404  loss_ori: 2.0833  loss_uatm: 2.7194  loss_ugsa: 10.4377
2026/02/18 20:13:42 - mmengine - INFO - Epoch(train) [192][400/782]  lr: 5.0000e-04  eta: 0:28:02  time: 0.0407  data_time: 0.0013  memory: 413  loss: 15.1901  loss_ori: 1.6238  loss_uatm: 2.4275  loss_ugsa: 11.1388
2026/02/18 20:13:45 - mmengine - INFO - Epoch(train) [192][500/782]  lr: 5.0000e-04  eta: 0:27:58  time: 0.0472  data_time: 0.0009  memory: 413  loss: 14.8943  loss_ori: 1.3730  loss_uatm: 2.4933  loss_ugsa: 11.0280
2026/02/18 20:13:50 - mmengine - INFO - Epoch(train) [192][600/782]  lr: 5.0000e-04  eta: 0:27:53  time: 0.0442  data_time: 0.0013  memory: 413  loss: 14.0965  loss_ori: 1.4786  loss_uatm: 2.4784  loss_ugsa: 10.1395
2026/02/18 20:13:51 - mmengine - INFO - Exp name: resnet32x4_resnet8x4_20260218_180916
2026/02/18 20:13:55 - mmengine - INFO - Epoch(train) [192][700/782]  lr: 5.0000e-04  eta: 0:27:49  time: 0.0458  data_time: 0.0013  memory: 413  loss: 15.4321  loss_ori: 1.6515  loss_uatm: 2.6218  loss_ugsa: 11.1588
2026/02/18 20:13:58 - mmengine - INFO - Exp name: resnet32x4_resnet8x4_20260218_180916
2026/02/18 20:14:01 - mmengine - INFO - Epoch(val) [192][100/157]    eta: 0:00:01  time: 0.0224  data_time: 0.0006  memory: 413  
2026/02/18 20:14:02 - mmengine - INFO - Epoch(val) [192][157/157]    accuracy/top1: 76.7800  data_time: 0.0009  time: 0.0234
2026/02/18 20:14:02 - mmengine - INFO - The previous best checkpoint /root/autodl-tmp/mmcls/work_dirs/cifar100/resnet32x4_resnet8x4/UATM+UGSA_temp=4.0_loss_weight=15.0+loss_weight=1.0_1/best_accuracy_top1_epoch_185.pth is removed
2026/02/18 20:14:03 - mmengine - INFO - The best checkpoint with 76.7800 accuracy/top1 at 192 epoch is saved to best_accuracy_top1_epoch_192.pth.
2026/02/18 20:14:08 - mmengine - INFO - Epoch(train) [193][100/782]  lr: 5.0000e-04  eta: 0:27:41  time: 0.0414  data_time: 0.0019  memory: 413  loss: 14.5731  loss_ori: 1.1864  loss_uatm: 2.4710  loss_ugsa: 10.9157
2026/02/18 20:14:12 - mmengine - INFO - Epoch(train) [193][200/782]  lr: 5.0000e-04  eta: 0:27:36  time: 0.0437  data_time: 0.0014  memory: 413  loss: 15.4527  loss_ori: 1.9063  loss_uatm: 2.5306  loss_ugsa: 11.0158
2026/02/18 20:14:17 - mmengine - INFO - Epoch(train) [193][300/782]  lr: 5.0000e-04  eta: 0:27:32  time: 0.0440  data_time: 0.0020  memory: 413  loss: 15.6195  loss_ori: 1.4091  loss_uatm: 2.4505  loss_ugsa: 11.7600
2026/02/18 20:14:22 - mmengine - INFO - Epoch(train) [193][400/782]  lr: 5.0000e-04  eta: 0:27:27  time: 0.0474  data_time: 0.0025  memory: 413  loss: 14.1584  loss_ori: 1.2694  loss_uatm: 2.3748  loss_ugsa: 10.5142
2026/02/18 20:14:26 - mmengine - INFO - Epoch(train) [193][500/782]  lr: 5.0000e-04  eta: 0:27:23  time: 0.0406  data_time: 0.0009  memory: 413  loss: 14.3700  loss_ori: 1.3380  loss_uatm: 2.3517  loss_ugsa: 10.6803
2026/02/18 20:14:30 - mmengine - INFO - Epoch(train) [193][600/782]  lr: 5.0000e-04  eta: 0:27:18  time: 0.0372  data_time: 0.0009  memory: 413  loss: 15.2882  loss_ori: 1.4357  loss_uatm: 2.4428  loss_ugsa: 11.4096
2026/02/18 20:14:35 - mmengine - INFO - Epoch(train) [193][700/782]  lr: 5.0000e-04  eta: 0:27:14  time: 0.0403  data_time: 0.0014  memory: 413  loss: 15.2809  loss_ori: 1.4194  loss_uatm: 2.4789  loss_ugsa: 11.3827
2026/02/18 20:14:38 - mmengine - INFO - Exp name: resnet32x4_resnet8x4_20260218_180916
2026/02/18 20:14:41 - mmengine - INFO - Epoch(val) [193][100/157]    eta: 0:00:01  time: 0.0238  data_time: 0.0006  memory: 413  
2026/02/18 20:14:43 - mmengine - INFO - Epoch(val) [193][157/157]    accuracy/top1: 76.8600  data_time: 0.0011  time: 0.0252
2026/02/18 20:14:43 - mmengine - INFO - The previous best checkpoint /root/autodl-tmp/mmcls/work_dirs/cifar100/resnet32x4_resnet8x4/UATM+UGSA_temp=4.0_loss_weight=15.0+loss_weight=1.0_1/best_accuracy_top1_epoch_192.pth is removed
2026/02/18 20:14:44 - mmengine - INFO - The best checkpoint with 76.8600 accuracy/top1 at 193 epoch is saved to best_accuracy_top1_epoch_193.pth.
2026/02/18 20:14:47 - mmengine - INFO - Exp name: resnet32x4_resnet8x4_20260218_180916
2026/02/18 20:14:48 - mmengine - INFO - Epoch(train) [194][100/782]  lr: 5.0000e-04  eta: 0:27:06  time: 0.0443  data_time: 0.0017  memory: 413  loss: 14.9605  loss_ori: 1.0723  loss_uatm: 2.4466  loss_ugsa: 11.4416
2026/02/18 20:14:53 - mmengine - INFO - Epoch(train) [194][200/782]  lr: 5.0000e-04  eta: 0:27:02  time: 0.0466  data_time: 0.0019  memory: 413  loss: 14.8443  loss_ori: 1.8173  loss_uatm: 2.6089  loss_ugsa: 10.4181
2026/02/18 20:14:58 - mmengine - INFO - Epoch(train) [194][300/782]  lr: 5.0000e-04  eta: 0:26:57  time: 0.0460  data_time: 0.0015  memory: 413  loss: 14.9850  loss_ori: 1.5481  loss_uatm: 2.5211  loss_ugsa: 10.9158
2026/02/18 20:15:03 - mmengine - INFO - Epoch(train) [194][400/782]  lr: 5.0000e-04  eta: 0:26:53  time: 0.0437  data_time: 0.0014  memory: 413  loss: 14.6429  loss_ori: 1.0499  loss_uatm: 2.3480  loss_ugsa: 11.2450
2026/02/18 20:15:07 - mmengine - INFO - Epoch(train) [194][500/782]  lr: 5.0000e-04  eta: 0:26:48  time: 0.0466  data_time: 0.0014  memory: 413  loss: 15.3740  loss_ori: 1.7470  loss_uatm: 2.5188  loss_ugsa: 11.1083
2026/02/18 20:15:12 - mmengine - INFO - Epoch(train) [194][600/782]  lr: 5.0000e-04  eta: 0:26:44  time: 0.0552  data_time: 0.0010  memory: 413  loss: 15.1710  loss_ori: 1.8874  loss_uatm: 2.6433  loss_ugsa: 10.6403
2026/02/18 20:15:16 - mmengine - INFO - Epoch(train) [194][700/782]  lr: 5.0000e-04  eta: 0:26:40  time: 0.0442  data_time: 0.0015  memory: 413  loss: 15.1442  loss_ori: 1.2844  loss_uatm: 2.4171  loss_ugsa: 11.4427
2026/02/18 20:15:20 - mmengine - INFO - Exp name: resnet32x4_resnet8x4_20260218_180916
2026/02/18 20:15:22 - mmengine - INFO - Epoch(val) [194][100/157]    eta: 0:00:01  time: 0.0207  data_time: 0.0007  memory: 413  
2026/02/18 20:15:24 - mmengine - INFO - Epoch(val) [194][157/157]    accuracy/top1: 76.4300  data_time: 0.0011  time: 0.0237
2026/02/18 20:15:29 - mmengine - INFO - Epoch(train) [195][100/782]  lr: 5.0000e-04  eta: 0:26:32  time: 0.0459  data_time: 0.0021  memory: 413  loss: 15.0316  loss_ori: 1.5928  loss_uatm: 2.5335  loss_ugsa: 10.9053
2026/02/18 20:15:33 - mmengine - INFO - Epoch(train) [195][200/782]  lr: 5.0000e-04  eta: 0:26:27  time: 0.0446  data_time: 0.0022  memory: 413  loss: 15.5117  loss_ori: 1.9270  loss_uatm: 2.7462  loss_ugsa: 10.8385
2026/02/18 20:15:38 - mmengine - INFO - Exp name: resnet32x4_resnet8x4_20260218_180916
2026/02/18 20:15:38 - mmengine - INFO - Epoch(train) [195][300/782]  lr: 5.0000e-04  eta: 0:26:23  time: 0.0698  data_time: 0.0021  memory: 413  loss: 14.9315  loss_ori: 1.9516  loss_uatm: 2.5873  loss_ugsa: 10.3926
2026/02/18 20:15:43 - mmengine - INFO - Epoch(train) [195][400/782]  lr: 5.0000e-04  eta: 0:26:18  time: 0.0478  data_time: 0.0026  memory: 413  loss: 15.3897  loss_ori: 1.5139  loss_uatm: 2.4692  loss_ugsa: 11.4065
2026/02/18 20:15:48 - mmengine - INFO - Epoch(train) [195][500/782]  lr: 5.0000e-04  eta: 0:26:14  time: 0.0444  data_time: 0.0015  memory: 413  loss: 14.6577  loss_ori: 1.1549  loss_uatm: 2.4320  loss_ugsa: 11.0709
2026/02/18 20:15:52 - mmengine - INFO - Epoch(train) [195][600/782]  lr: 5.0000e-04  eta: 0:26:10  time: 0.0455  data_time: 0.0015  memory: 413  loss: 15.1273  loss_ori: 1.4524  loss_uatm: 2.4281  loss_ugsa: 11.2468
2026/02/18 20:15:57 - mmengine - INFO - Epoch(train) [195][700/782]  lr: 5.0000e-04  eta: 0:26:05  time: 0.0454  data_time: 0.0016  memory: 413  loss: 14.6159  loss_ori: 1.1772  loss_uatm: 2.5325  loss_ugsa: 10.9062
2026/02/18 20:16:01 - mmengine - INFO - Exp name: resnet32x4_resnet8x4_20260218_180916
2026/02/18 20:16:03 - mmengine - INFO - Epoch(val) [195][100/157]    eta: 0:00:01  time: 0.0210  data_time: 0.0005  memory: 413  
2026/02/18 20:16:05 - mmengine - INFO - Epoch(val) [195][157/157]    accuracy/top1: 76.4400  data_time: 0.0008  time: 0.0228
2026/02/18 20:16:09 - mmengine - INFO - Epoch(train) [196][100/782]  lr: 5.0000e-04  eta: 0:25:57  time: 0.0431  data_time: 0.0011  memory: 413  loss: 15.0005  loss_ori: 1.1140  loss_uatm: 2.4273  loss_ugsa: 11.4592
2026/02/18 20:16:13 - mmengine - INFO - Epoch(train) [196][200/782]  lr: 5.0000e-04  eta: 0:25:53  time: 0.0407  data_time: 0.0011  memory: 413  loss: 14.8452  loss_ori: 1.6018  loss_uatm: 2.4791  loss_ugsa: 10.7643
2026/02/18 20:16:17 - mmengine - INFO - Epoch(train) [196][300/782]  lr: 5.0000e-04  eta: 0:25:48  time: 0.0349  data_time: 0.0013  memory: 413  loss: 15.3403  loss_ori: 1.7154  loss_uatm: 2.5338  loss_ugsa: 11.0912
2026/02/18 20:16:21 - mmengine - INFO - Epoch(train) [196][400/782]  lr: 5.0000e-04  eta: 0:25:43  time: 0.0297  data_time: 0.0009  memory: 413  loss: 14.9661  loss_ori: 1.5063  loss_uatm: 2.5994  loss_ugsa: 10.8604
2026/02/18 20:16:25 - mmengine - INFO - Epoch(train) [196][500/782]  lr: 5.0000e-04  eta: 0:25:39  time: 0.0421  data_time: 0.0017  memory: 413  loss: 15.3322  loss_ori: 1.3955  loss_uatm: 2.4810  loss_ugsa: 11.4558
2026/02/18 20:16:26 - mmengine - INFO - Exp name: resnet32x4_resnet8x4_20260218_180916
2026/02/18 20:16:29 - mmengine - INFO - Epoch(train) [196][600/782]  lr: 5.0000e-04  eta: 0:25:34  time: 0.0410  data_time: 0.0011  memory: 413  loss: 14.9594  loss_ori: 1.5486  loss_uatm: 2.5638  loss_ugsa: 10.8469
2026/02/18 20:16:34 - mmengine - INFO - Epoch(train) [196][700/782]  lr: 5.0000e-04  eta: 0:25:30  time: 0.0378  data_time: 0.0010  memory: 413  loss: 14.9300  loss_ori: 1.7852  loss_uatm: 2.5717  loss_ugsa: 10.5731
2026/02/18 20:16:37 - mmengine - INFO - Exp name: resnet32x4_resnet8x4_20260218_180916
2026/02/18 20:16:40 - mmengine - INFO - Epoch(val) [196][100/157]    eta: 0:00:01  time: 0.0216  data_time: 0.0007  memory: 413  
2026/02/18 20:16:41 - mmengine - INFO - Epoch(val) [196][157/157]    accuracy/top1: 76.6600  data_time: 0.0009  time: 0.0227
2026/02/18 20:16:46 - mmengine - INFO - Epoch(train) [197][100/782]  lr: 5.0000e-04  eta: 0:25:22  time: 0.0427  data_time: 0.0013  memory: 413  loss: 15.2364  loss_ori: 1.5074  loss_uatm: 2.4142  loss_ugsa: 11.3149
2026/02/18 20:16:51 - mmengine - INFO - Epoch(train) [197][200/782]  lr: 5.0000e-04  eta: 0:25:18  time: 0.0417  data_time: 0.0010  memory: 413  loss: 14.9358  loss_ori: 1.3228  loss_uatm: 2.4778  loss_ugsa: 11.1351
2026/02/18 20:16:55 - mmengine - INFO - Epoch(train) [197][300/782]  lr: 5.0000e-04  eta: 0:25:13  time: 0.0418  data_time: 0.0013  memory: 413  loss: 14.8266  loss_ori: 1.2959  loss_uatm: 2.3595  loss_ugsa: 11.1712
2026/02/18 20:16:59 - mmengine - INFO - Epoch(train) [197][400/782]  lr: 5.0000e-04  eta: 0:25:09  time: 0.0393  data_time: 0.0021  memory: 413  loss: 14.8536  loss_ori: 1.5491  loss_uatm: 2.5322  loss_ugsa: 10.7722
2026/02/18 20:17:04 - mmengine - INFO - Epoch(train) [197][500/782]  lr: 5.0000e-04  eta: 0:25:04  time: 0.0421  data_time: 0.0011  memory: 413  loss: 15.4614  loss_ori: 1.6096  loss_uatm: 2.5254  loss_ugsa: 11.3264
2026/02/18 20:17:08 - mmengine - INFO - Epoch(train) [197][600/782]  lr: 5.0000e-04  eta: 0:25:00  time: 0.0401  data_time: 0.0020  memory: 413  loss: 15.5406  loss_ori: 1.8259  loss_uatm: 2.6694  loss_ugsa: 11.0452
2026/02/18 20:17:12 - mmengine - INFO - Epoch(train) [197][700/782]  lr: 5.0000e-04  eta: 0:24:55  time: 0.0428  data_time: 0.0012  memory: 413  loss: 15.6697  loss_ori: 1.4607  loss_uatm: 2.4388  loss_ugsa: 11.7701
2026/02/18 20:17:13 - mmengine - INFO - Exp name: resnet32x4_resnet8x4_20260218_180916
2026/02/18 20:17:16 - mmengine - INFO - Exp name: resnet32x4_resnet8x4_20260218_180916
2026/02/18 20:17:18 - mmengine - INFO - Epoch(val) [197][100/157]    eta: 0:00:01  time: 0.0211  data_time: 0.0004  memory: 413  
2026/02/18 20:17:19 - mmengine - INFO - Epoch(val) [197][157/157]    accuracy/top1: 76.6500  data_time: 0.0006  time: 0.0209
2026/02/18 20:17:23 - mmengine - INFO - Epoch(train) [198][100/782]  lr: 5.0000e-04  eta: 0:24:47  time: 0.0422  data_time: 0.0011  memory: 413  loss: 15.2623  loss_ori: 1.2585  loss_uatm: 2.4417  loss_ugsa: 11.5622
2026/02/18 20:17:28 - mmengine - INFO - Epoch(train) [198][200/782]  lr: 5.0000e-04  eta: 0:24:43  time: 0.0426  data_time: 0.0012  memory: 413  loss: 14.8250  loss_ori: 1.4832  loss_uatm: 2.4789  loss_ugsa: 10.8629
2026/02/18 20:17:32 - mmengine - INFO - Epoch(train) [198][300/782]  lr: 5.0000e-04  eta: 0:24:38  time: 0.0365  data_time: 0.0010  memory: 413  loss: 15.4773  loss_ori: 1.5521  loss_uatm: 2.4268  loss_ugsa: 11.4984
2026/02/18 20:17:36 - mmengine - INFO - Epoch(train) [198][400/782]  lr: 5.0000e-04  eta: 0:24:33  time: 0.0395  data_time: 0.0014  memory: 413  loss: 15.3876  loss_ori: 1.5818  loss_uatm: 2.5561  loss_ugsa: 11.2498
2026/02/18 20:17:41 - mmengine - INFO - Epoch(train) [198][500/782]  lr: 5.0000e-04  eta: 0:24:29  time: 0.0430  data_time: 0.0014  memory: 413  loss: 14.9719  loss_ori: 1.4521  loss_uatm: 2.5687  loss_ugsa: 10.9512
2026/02/18 20:17:45 - mmengine - INFO - Epoch(train) [198][600/782]  lr: 5.0000e-04  eta: 0:24:25  time: 0.0429  data_time: 0.0023  memory: 413  loss: 15.9117  loss_ori: 2.1399  loss_uatm: 2.7409  loss_ugsa: 11.0310
2026/02/18 20:17:50 - mmengine - INFO - Epoch(train) [198][700/782]  lr: 5.0000e-04  eta: 0:24:20  time: 0.0425  data_time: 0.0013  memory: 413  loss: 15.4919  loss_ori: 1.8106  loss_uatm: 2.5275  loss_ugsa: 11.1537
2026/02/18 20:17:53 - mmengine - INFO - Exp name: resnet32x4_resnet8x4_20260218_180916
2026/02/18 20:17:55 - mmengine - INFO - Epoch(val) [198][100/157]    eta: 0:00:01  time: 0.0195  data_time: 0.0004  memory: 413  
2026/02/18 20:17:56 - mmengine - INFO - Epoch(val) [198][157/157]    accuracy/top1: 76.6200  data_time: 0.0007  time: 0.0217
2026/02/18 20:18:01 - mmengine - INFO - Epoch(train) [199][100/782]  lr: 5.0000e-04  eta: 0:24:12  time: 0.0414  data_time: 0.0012  memory: 413  loss: 14.8498  loss_ori: 1.7757  loss_uatm: 2.4616  loss_ugsa: 10.6125
2026/02/18 20:18:04 - mmengine - INFO - Exp name: resnet32x4_resnet8x4_20260218_180916
2026/02/18 20:18:05 - mmengine - INFO - Epoch(train) [199][200/782]  lr: 5.0000e-04  eta: 0:24:08  time: 0.0435  data_time: 0.0016  memory: 413  loss: 15.0109  loss_ori: 2.0544  loss_uatm: 2.5924  loss_ugsa: 10.3641
2026/02/18 20:18:09 - mmengine - INFO - Epoch(train) [199][300/782]  lr: 5.0000e-04  eta: 0:24:03  time: 0.0329  data_time: 0.0009  memory: 413  loss: 15.4167  loss_ori: 1.8365  loss_uatm: 2.5025  loss_ugsa: 11.0777
2026/02/18 20:18:13 - mmengine - INFO - Epoch(train) [199][400/782]  lr: 5.0000e-04  eta: 0:23:58  time: 0.0461  data_time: 0.0014  memory: 413  loss: 14.8650  loss_ori: 1.7798  loss_uatm: 2.4827  loss_ugsa: 10.6024
2026/02/18 20:18:18 - mmengine - INFO - Epoch(train) [199][500/782]  lr: 5.0000e-04  eta: 0:23:54  time: 0.0403  data_time: 0.0010  memory: 413  loss: 15.5406  loss_ori: 1.4776  loss_uatm: 2.4395  loss_ugsa: 11.6235
2026/02/18 20:18:22 - mmengine - INFO - Epoch(train) [199][600/782]  lr: 5.0000e-04  eta: 0:23:50  time: 0.0406  data_time: 0.0020  memory: 413  loss: 15.2086  loss_ori: 1.7642  loss_uatm: 2.5661  loss_ugsa: 10.8783
2026/02/18 20:18:27 - mmengine - INFO - Epoch(train) [199][700/782]  lr: 5.0000e-04  eta: 0:23:45  time: 0.0449  data_time: 0.0014  memory: 413  loss: 15.1063  loss_ori: 1.9051  loss_uatm: 2.7387  loss_ugsa: 10.4625
2026/02/18 20:18:30 - mmengine - INFO - Exp name: resnet32x4_resnet8x4_20260218_180916
2026/02/18 20:18:33 - mmengine - INFO - Epoch(val) [199][100/157]    eta: 0:00:01  time: 0.0195  data_time: 0.0006  memory: 413  
2026/02/18 20:18:34 - mmengine - INFO - Epoch(val) [199][157/157]    accuracy/top1: 76.7900  data_time: 0.0010  time: 0.0237
2026/02/18 20:18:38 - mmengine - INFO - Epoch(train) [200][100/782]  lr: 5.0000e-04  eta: 0:23:37  time: 0.0451  data_time: 0.0024  memory: 413  loss: 14.6819  loss_ori: 1.4332  loss_uatm: 2.4227  loss_ugsa: 10.8259
2026/02/18 20:18:43 - mmengine - INFO - Epoch(train) [200][200/782]  lr: 5.0000e-04  eta: 0:23:33  time: 0.0398  data_time: 0.0019  memory: 413  loss: 14.4870  loss_ori: 1.8115  loss_uatm: 2.5170  loss_ugsa: 10.1584
2026/02/18 20:18:48 - mmengine - INFO - Epoch(train) [200][300/782]  lr: 5.0000e-04  eta: 0:23:28  time: 0.0704  data_time: 0.0015  memory: 413  loss: 14.9713  loss_ori: 1.6488  loss_uatm: 2.3977  loss_ugsa: 10.9248
2026/02/18 20:18:51 - mmengine - INFO - Exp name: resnet32x4_resnet8x4_20260218_180916
2026/02/18 20:18:52 - mmengine - INFO - Epoch(train) [200][400/782]  lr: 5.0000e-04  eta: 0:23:24  time: 0.0465  data_time: 0.0022  memory: 413  loss: 14.5810  loss_ori: 1.4154  loss_uatm: 2.4845  loss_ugsa: 10.6810
2026/02/18 20:18:57 - mmengine - INFO - Epoch(train) [200][500/782]  lr: 5.0000e-04  eta: 0:23:19  time: 0.0431  data_time: 0.0014  memory: 413  loss: 14.9328  loss_ori: 2.3287  loss_uatm: 2.6708  loss_ugsa: 9.9333
2026/02/18 20:19:02 - mmengine - INFO - Epoch(train) [200][600/782]  lr: 5.0000e-04  eta: 0:23:15  time: 0.0677  data_time: 0.0027  memory: 413  loss: 15.1038  loss_ori: 1.1984  loss_uatm: 2.3706  loss_ugsa: 11.5348
2026/02/18 20:19:07 - mmengine - INFO - Epoch(train) [200][700/782]  lr: 5.0000e-04  eta: 0:23:11  time: 0.0446  data_time: 0.0014  memory: 413  loss: 15.0598  loss_ori: 1.6010  loss_uatm: 2.4937  loss_ugsa: 10.9651
2026/02/18 20:19:11 - mmengine - INFO - Exp name: resnet32x4_resnet8x4_20260218_180916
2026/02/18 20:19:13 - mmengine - INFO - Epoch(val) [200][100/157]    eta: 0:00:01  time: 0.0221  data_time: 0.0006  memory: 413  
2026/02/18 20:19:15 - mmengine - INFO - Epoch(val) [200][157/157]    accuracy/top1: 76.4800  data_time: 0.0009  time: 0.0244
2026/02/18 20:19:19 - mmengine - INFO - Epoch(train) [201][100/782]  lr: 5.0000e-04  eta: 0:23:03  time: 0.0431  data_time: 0.0024  memory: 413  loss: 15.3378  loss_ori: 1.6081  loss_uatm: 2.5399  loss_ugsa: 11.1899
2026/02/18 20:19:23 - mmengine - INFO - Epoch(train) [201][200/782]  lr: 5.0000e-04  eta: 0:22:58  time: 0.0379  data_time: 0.0011  memory: 413  loss: 15.0547  loss_ori: 1.5485  loss_uatm: 2.4558  loss_ugsa: 11.0503
2026/02/18 20:19:28 - mmengine - INFO - Epoch(train) [201][300/782]  lr: 5.0000e-04  eta: 0:22:54  time: 0.0415  data_time: 0.0010  memory: 413  loss: 14.9477  loss_ori: 1.8774  loss_uatm: 2.5405  loss_ugsa: 10.5298
2026/02/18 20:19:31 - mmengine - INFO - Epoch(train) [201][400/782]  lr: 5.0000e-04  eta: 0:22:49  time: 0.0377  data_time: 0.0014  memory: 413  loss: 14.7222  loss_ori: 1.7787  loss_uatm: 2.7610  loss_ugsa: 10.1826
2026/02/18 20:19:36 - mmengine - INFO - Epoch(train) [201][500/782]  lr: 5.0000e-04  eta: 0:22:45  time: 0.0457  data_time: 0.0015  memory: 413  loss: 15.3157  loss_ori: 1.5672  loss_uatm: 2.4366  loss_ugsa: 11.3119
2026/02/18 20:19:41 - mmengine - INFO - Exp name: resnet32x4_resnet8x4_20260218_180916
2026/02/18 20:19:41 - mmengine - INFO - Epoch(train) [201][600/782]  lr: 5.0000e-04  eta: 0:22:40  time: 0.0443  data_time: 0.0021  memory: 413  loss: 14.9946  loss_ori: 1.6211  loss_uatm: 2.6061  loss_ugsa: 10.7674
2026/02/18 20:19:46 - mmengine - INFO - Epoch(train) [201][700/782]  lr: 5.0000e-04  eta: 0:22:36  time: 0.0519  data_time: 0.0015  memory: 413  loss: 15.4657  loss_ori: 1.7899  loss_uatm: 2.6877  loss_ugsa: 10.9881
2026/02/18 20:19:49 - mmengine - INFO - Exp name: resnet32x4_resnet8x4_20260218_180916
2026/02/18 20:19:51 - mmengine - INFO - Epoch(val) [201][100/157]    eta: 0:00:00  time: 0.0141  data_time: 0.0004  memory: 413  
2026/02/18 20:19:52 - mmengine - INFO - Epoch(val) [201][157/157]    accuracy/top1: 76.6900  data_time: 0.0007  time: 0.0181
2026/02/18 20:19:57 - mmengine - INFO - Epoch(train) [202][100/782]  lr: 5.0000e-04  eta: 0:22:28  time: 0.0453  data_time: 0.0021  memory: 413  loss: 15.1170  loss_ori: 1.7302  loss_uatm: 2.4966  loss_ugsa: 10.8903
2026/02/18 20:20:02 - mmengine - INFO - Epoch(train) [202][200/782]  lr: 5.0000e-04  eta: 0:22:23  time: 0.0439  data_time: 0.0032  memory: 413  loss: 15.1430  loss_ori: 1.7340  loss_uatm: 2.4264  loss_ugsa: 10.9826
2026/02/18 20:20:07 - mmengine - INFO - Epoch(train) [202][300/782]  lr: 5.0000e-04  eta: 0:22:19  time: 0.0637  data_time: 0.0012  memory: 413  loss: 14.7248  loss_ori: 1.1984  loss_uatm: 2.2543  loss_ugsa: 11.2721
2026/02/18 20:20:11 - mmengine - INFO - Epoch(train) [202][400/782]  lr: 5.0000e-04  eta: 0:22:15  time: 0.0435  data_time: 0.0018  memory: 413  loss: 14.6142  loss_ori: 1.5909  loss_uatm: 2.4239  loss_ugsa: 10.5994
2026/02/18 20:20:16 - mmengine - INFO - Epoch(train) [202][500/782]  lr: 5.0000e-04  eta: 0:22:10  time: 0.0457  data_time: 0.0019  memory: 413  loss: 14.8175  loss_ori: 1.8647  loss_uatm: 2.6240  loss_ugsa: 10.3288
2026/02/18 20:20:20 - mmengine - INFO - Epoch(train) [202][600/782]  lr: 5.0000e-04  eta: 0:22:06  time: 0.0440  data_time: 0.0015  memory: 413  loss: 14.5508  loss_ori: 1.8077  loss_uatm: 2.5927  loss_ugsa: 10.1504
2026/02/18 20:20:25 - mmengine - INFO - Epoch(train) [202][700/782]  lr: 5.0000e-04  eta: 0:22:01  time: 0.0464  data_time: 0.0016  memory: 413  loss: 15.3629  loss_ori: 1.2829  loss_uatm: 2.4577  loss_ugsa: 11.6223
2026/02/18 20:20:29 - mmengine - INFO - Exp name: resnet32x4_resnet8x4_20260218_180916
2026/02/18 20:20:32 - mmengine - INFO - Epoch(val) [202][100/157]    eta: 0:00:01  time: 0.0184  data_time: 0.0005  memory: 413  
2026/02/18 20:20:33 - mmengine - INFO - Epoch(val) [202][157/157]    accuracy/top1: 76.5800  data_time: 0.0010  time: 0.0226
2026/02/18 20:20:35 - mmengine - INFO - Exp name: resnet32x4_resnet8x4_20260218_180916
2026/02/18 20:20:37 - mmengine - INFO - Epoch(train) [203][100/782]  lr: 5.0000e-04  eta: 0:21:53  time: 0.0347  data_time: 0.0009  memory: 413  loss: 14.8338  loss_ori: 1.6928  loss_uatm: 2.4235  loss_ugsa: 10.7174
2026/02/18 20:20:41 - mmengine - INFO - Epoch(train) [203][200/782]  lr: 5.0000e-04  eta: 0:21:49  time: 0.0357  data_time: 0.0015  memory: 413  loss: 14.5348  loss_ori: 1.6080  loss_uatm: 2.4895  loss_ugsa: 10.4372
2026/02/18 20:20:45 - mmengine - INFO - Epoch(train) [203][300/782]  lr: 5.0000e-04  eta: 0:21:44  time: 0.0400  data_time: 0.0010  memory: 413  loss: 14.9265  loss_ori: 1.4697  loss_uatm: 2.3915  loss_ugsa: 11.0653
2026/02/18 20:20:49 - mmengine - INFO - Epoch(train) [203][400/782]  lr: 5.0000e-04  eta: 0:21:40  time: 0.0322  data_time: 0.0008  memory: 413  loss: 14.5558  loss_ori: 1.4219  loss_uatm: 2.5267  loss_ugsa: 10.6072
2026/02/18 20:20:52 - mmengine - INFO - Epoch(train) [203][500/782]  lr: 5.0000e-04  eta: 0:21:35  time: 0.0402  data_time: 0.0010  memory: 413  loss: 15.5369  loss_ori: 1.6799  loss_uatm: 2.5979  loss_ugsa: 11.2591
2026/02/18 20:20:56 - mmengine - INFO - Epoch(train) [203][600/782]  lr: 5.0000e-04  eta: 0:21:31  time: 0.0416  data_time: 0.0011  memory: 413  loss: 15.3376  loss_ori: 1.8578  loss_uatm: 2.4696  loss_ugsa: 11.0102
2026/02/18 20:21:01 - mmengine - INFO - Epoch(train) [203][700/782]  lr: 5.0000e-04  eta: 0:21:26  time: 0.0412  data_time: 0.0012  memory: 413  loss: 14.3637  loss_ori: 0.8850  loss_uatm: 2.4534  loss_ugsa: 11.0253
2026/02/18 20:21:04 - mmengine - INFO - Exp name: resnet32x4_resnet8x4_20260218_180916
2026/02/18 20:21:06 - mmengine - INFO - Epoch(val) [203][100/157]    eta: 0:00:01  time: 0.0173  data_time: 0.0005  memory: 413  
2026/02/18 20:21:08 - mmengine - INFO - Epoch(val) [203][157/157]    accuracy/top1: 76.6900  data_time: 0.0009  time: 0.0209
2026/02/18 20:21:12 - mmengine - INFO - Epoch(train) [204][100/782]  lr: 5.0000e-04  eta: 0:21:18  time: 0.0432  data_time: 0.0016  memory: 413  loss: 14.6480  loss_ori: 1.5671  loss_uatm: 2.4207  loss_ugsa: 10.6602
2026/02/18 20:21:16 - mmengine - INFO - Epoch(train) [204][200/782]  lr: 5.0000e-04  eta: 0:21:13  time: 0.0407  data_time: 0.0010  memory: 413  loss: 15.3358  loss_ori: 1.3682  loss_uatm: 2.5522  loss_ugsa: 11.4155
2026/02/18 20:21:18 - mmengine - INFO - Exp name: resnet32x4_resnet8x4_20260218_180916
2026/02/18 20:21:20 - mmengine - INFO - Epoch(train) [204][300/782]  lr: 5.0000e-04  eta: 0:21:09  time: 0.0420  data_time: 0.0015  memory: 413  loss: 14.1906  loss_ori: 1.6921  loss_uatm: 2.5544  loss_ugsa: 9.9441
2026/02/18 20:21:24 - mmengine - INFO - Epoch(train) [204][400/782]  lr: 5.0000e-04  eta: 0:21:04  time: 0.0390  data_time: 0.0010  memory: 413  loss: 14.6713  loss_ori: 1.2320  loss_uatm: 2.4378  loss_ugsa: 11.0015
2026/02/18 20:21:28 - mmengine - INFO - Epoch(train) [204][500/782]  lr: 5.0000e-04  eta: 0:21:00  time: 0.0392  data_time: 0.0009  memory: 413  loss: 14.9060  loss_ori: 1.8567  loss_uatm: 2.5359  loss_ugsa: 10.5134
2026/02/18 20:21:32 - mmengine - INFO - Epoch(train) [204][600/782]  lr: 5.0000e-04  eta: 0:20:55  time: 0.0397  data_time: 0.0010  memory: 413  loss: 15.2964  loss_ori: 1.7978  loss_uatm: 2.6170  loss_ugsa: 10.8816
2026/02/18 20:21:36 - mmengine - INFO - Epoch(train) [204][700/782]  lr: 5.0000e-04  eta: 0:20:51  time: 0.0424  data_time: 0.0010  memory: 413  loss: 15.2587  loss_ori: 1.7310  loss_uatm: 2.5686  loss_ugsa: 10.9591
2026/02/18 20:21:40 - mmengine - INFO - Exp name: resnet32x4_resnet8x4_20260218_180916
2026/02/18 20:21:42 - mmengine - INFO - Epoch(val) [204][100/157]    eta: 0:00:01  time: 0.0176  data_time: 0.0004  memory: 413  
2026/02/18 20:21:43 - mmengine - INFO - Epoch(val) [204][157/157]    accuracy/top1: 76.4700  data_time: 0.0008  time: 0.0203
2026/02/18 20:21:47 - mmengine - INFO - Epoch(train) [205][100/782]  lr: 5.0000e-04  eta: 0:20:43  time: 0.0416  data_time: 0.0010  memory: 413  loss: 15.4819  loss_ori: 1.9889  loss_uatm: 2.6553  loss_ugsa: 10.8378
2026/02/18 20:21:51 - mmengine - INFO - Epoch(train) [205][200/782]  lr: 5.0000e-04  eta: 0:20:38  time: 0.0407  data_time: 0.0010  memory: 413  loss: 14.7354  loss_ori: 1.3371  loss_uatm: 2.4237  loss_ugsa: 10.9747
2026/02/18 20:21:55 - mmengine - INFO - Epoch(train) [205][300/782]  lr: 5.0000e-04  eta: 0:20:34  time: 0.0411  data_time: 0.0016  memory: 413  loss: 14.6035  loss_ori: 1.6466  loss_uatm: 2.5361  loss_ugsa: 10.4208
2026/02/18 20:21:59 - mmengine - INFO - Epoch(train) [205][400/782]  lr: 5.0000e-04  eta: 0:20:29  time: 0.0432  data_time: 0.0013  memory: 413  loss: 15.0674  loss_ori: 1.2545  loss_uatm: 2.4219  loss_ugsa: 11.3910
2026/02/18 20:22:02 - mmengine - INFO - Exp name: resnet32x4_resnet8x4_20260218_180916
2026/02/18 20:22:03 - mmengine - INFO - Epoch(train) [205][500/782]  lr: 5.0000e-04  eta: 0:20:25  time: 0.0323  data_time: 0.0009  memory: 413  loss: 15.0646  loss_ori: 1.4738  loss_uatm: 2.4756  loss_ugsa: 11.1152
2026/02/18 20:22:07 - mmengine - INFO - Epoch(train) [205][600/782]  lr: 5.0000e-04  eta: 0:20:20  time: 0.0371  data_time: 0.0010  memory: 413  loss: 15.4540  loss_ori: 2.0386  loss_uatm: 2.7479  loss_ugsa: 10.6675
2026/02/18 20:22:11 - mmengine - INFO - Epoch(train) [205][700/782]  lr: 5.0000e-04  eta: 0:20:16  time: 0.0422  data_time: 0.0011  memory: 413  loss: 14.6591  loss_ori: 1.5475  loss_uatm: 2.5364  loss_ugsa: 10.5752
2026/02/18 20:22:15 - mmengine - INFO - Exp name: resnet32x4_resnet8x4_20260218_180916
2026/02/18 20:22:17 - mmengine - INFO - Epoch(val) [205][100/157]    eta: 0:00:01  time: 0.0183  data_time: 0.0009  memory: 413  
2026/02/18 20:22:18 - mmengine - INFO - Epoch(val) [205][157/157]    accuracy/top1: 76.9500  data_time: 0.0008  time: 0.0199
2026/02/18 20:22:18 - mmengine - INFO - The previous best checkpoint /root/autodl-tmp/mmcls/work_dirs/cifar100/resnet32x4_resnet8x4/UATM+UGSA_temp=4.0_loss_weight=15.0+loss_weight=1.0_1/best_accuracy_top1_epoch_193.pth is removed
2026/02/18 20:22:19 - mmengine - INFO - The best checkpoint with 76.9500 accuracy/top1 at 205 epoch is saved to best_accuracy_top1_epoch_205.pth.
2026/02/18 20:22:23 - mmengine - INFO - Epoch(train) [206][100/782]  lr: 5.0000e-04  eta: 0:20:08  time: 0.0431  data_time: 0.0012  memory: 413  loss: 14.8454  loss_ori: 1.8833  loss_uatm: 2.5879  loss_ugsa: 10.3742
2026/02/18 20:22:28 - mmengine - INFO - Epoch(train) [206][200/782]  lr: 5.0000e-04  eta: 0:20:03  time: 0.0307  data_time: 0.0008  memory: 413  loss: 14.8745  loss_ori: 1.5720  loss_uatm: 2.4984  loss_ugsa: 10.8041
2026/02/18 20:22:32 - mmengine - INFO - Epoch(train) [206][300/782]  lr: 5.0000e-04  eta: 0:19:59  time: 0.0403  data_time: 0.0010  memory: 413  loss: 14.7784  loss_ori: 1.6618  loss_uatm: 2.5753  loss_ugsa: 10.5413
2026/02/18 20:22:36 - mmengine - INFO - Epoch(train) [206][400/782]  lr: 5.0000e-04  eta: 0:19:54  time: 0.0438  data_time: 0.0011  memory: 413  loss: 15.0344  loss_ori: 1.7437  loss_uatm: 2.6179  loss_ugsa: 10.6728
2026/02/18 20:22:40 - mmengine - INFO - Epoch(train) [206][500/782]  lr: 5.0000e-04  eta: 0:19:50  time: 0.0393  data_time: 0.0016  memory: 413  loss: 15.2577  loss_ori: 1.3782  loss_uatm: 2.3976  loss_ugsa: 11.4819
2026/02/18 20:22:45 - mmengine - INFO - Epoch(train) [206][600/782]  lr: 5.0000e-04  eta: 0:19:45  time: 0.0548  data_time: 0.0011  memory: 413  loss: 14.8311  loss_ori: 2.0184  loss_uatm: 2.8055  loss_ugsa: 10.0072
2026/02/18 20:22:48 - mmengine - INFO - Exp name: resnet32x4_resnet8x4_20260218_180916
2026/02/18 20:22:49 - mmengine - INFO - Epoch(train) [206][700/782]  lr: 5.0000e-04  eta: 0:19:41  time: 0.0406  data_time: 0.0009  memory: 413  loss: 15.1180  loss_ori: 1.7317  loss_uatm: 2.4917  loss_ugsa: 10.8947
2026/02/18 20:22:52 - mmengine - INFO - Exp name: resnet32x4_resnet8x4_20260218_180916
2026/02/18 20:22:54 - mmengine - INFO - Epoch(val) [206][100/157]    eta: 0:00:01  time: 0.0183  data_time: 0.0004  memory: 413  
2026/02/18 20:22:55 - mmengine - INFO - Epoch(val) [206][157/157]    accuracy/top1: 76.7000  data_time: 0.0009  time: 0.0209
2026/02/18 20:22:59 - mmengine - INFO - Epoch(train) [207][100/782]  lr: 5.0000e-04  eta: 0:19:33  time: 0.0399  data_time: 0.0009  memory: 413  loss: 15.5011  loss_ori: 1.5745  loss_uatm: 2.4503  loss_ugsa: 11.4764
2026/02/18 20:23:04 - mmengine - INFO - Epoch(train) [207][200/782]  lr: 5.0000e-04  eta: 0:19:28  time: 0.0398  data_time: 0.0015  memory: 413  loss: 15.3821  loss_ori: 1.8934  loss_uatm: 2.5812  loss_ugsa: 10.9075
2026/02/18 20:23:08 - mmengine - INFO - Epoch(train) [207][300/782]  lr: 5.0000e-04  eta: 0:19:24  time: 0.0535  data_time: 0.0011  memory: 413  loss: 15.0956  loss_ori: 1.3635  loss_uatm: 2.5612  loss_ugsa: 11.1710
2026/02/18 20:23:12 - mmengine - INFO - Epoch(train) [207][400/782]  lr: 5.0000e-04  eta: 0:19:19  time: 0.0346  data_time: 0.0008  memory: 413  loss: 15.0054  loss_ori: 1.7542  loss_uatm: 2.5812  loss_ugsa: 10.6700
2026/02/18 20:23:16 - mmengine - INFO - Epoch(train) [207][500/782]  lr: 5.0000e-04  eta: 0:19:15  time: 0.0402  data_time: 0.0010  memory: 413  loss: 14.6875  loss_ori: 1.3007  loss_uatm: 2.4784  loss_ugsa: 10.9084
2026/02/18 20:23:20 - mmengine - INFO - Epoch(train) [207][600/782]  lr: 5.0000e-04  eta: 0:19:10  time: 0.0395  data_time: 0.0011  memory: 413  loss: 14.6255  loss_ori: 1.7074  loss_uatm: 2.5087  loss_ugsa: 10.4095
2026/02/18 20:23:24 - mmengine - INFO - Epoch(train) [207][700/782]  lr: 5.0000e-04  eta: 0:19:06  time: 0.0417  data_time: 0.0015  memory: 413  loss: 15.8345  loss_ori: 1.7467  loss_uatm: 2.6882  loss_ugsa: 11.3996
2026/02/18 20:23:28 - mmengine - INFO - Exp name: resnet32x4_resnet8x4_20260218_180916
2026/02/18 20:23:30 - mmengine - INFO - Epoch(val) [207][100/157]    eta: 0:00:01  time: 0.0169  data_time: 0.0005  memory: 413  
2026/02/18 20:23:31 - mmengine - INFO - Epoch(val) [207][157/157]    accuracy/top1: 76.9300  data_time: 0.0008  time: 0.0187
2026/02/18 20:23:35 - mmengine - INFO - Epoch(train) [208][100/782]  lr: 5.0000e-04  eta: 0:18:58  time: 0.0395  data_time: 0.0009  memory: 413  loss: 15.0669  loss_ori: 1.6696  loss_uatm: 2.4065  loss_ugsa: 10.9907
2026/02/18 20:23:36 - mmengine - INFO - Exp name: resnet32x4_resnet8x4_20260218_180916
2026/02/18 20:23:40 - mmengine - INFO - Epoch(train) [208][200/782]  lr: 5.0000e-04  eta: 0:18:53  time: 0.0393  data_time: 0.0010  memory: 413  loss: 15.7865  loss_ori: 2.0573  loss_uatm: 2.6428  loss_ugsa: 11.0863
2026/02/18 20:23:44 - mmengine - INFO - Epoch(train) [208][300/782]  lr: 5.0000e-04  eta: 0:18:49  time: 0.0507  data_time: 0.0017  memory: 413  loss: 14.2832  loss_ori: 0.8594  loss_uatm: 2.3418  loss_ugsa: 11.0820
2026/02/18 20:23:49 - mmengine - INFO - Epoch(train) [208][400/782]  lr: 5.0000e-04  eta: 0:18:44  time: 0.0492  data_time: 0.0016  memory: 413  loss: 15.5997  loss_ori: 1.8530  loss_uatm: 2.6685  loss_ugsa: 11.0783
2026/02/18 20:23:54 - mmengine - INFO - Epoch(train) [208][500/782]  lr: 5.0000e-04  eta: 0:18:40  time: 0.0413  data_time: 0.0014  memory: 413  loss: 15.2818  loss_ori: 1.2567  loss_uatm: 2.4608  loss_ugsa: 11.5643
2026/02/18 20:23:59 - mmengine - INFO - Epoch(train) [208][600/782]  lr: 5.0000e-04  eta: 0:18:36  time: 0.0457  data_time: 0.0015  memory: 413  loss: 15.2472  loss_ori: 2.0477  loss_uatm: 2.7106  loss_ugsa: 10.4890
2026/02/18 20:24:03 - mmengine - INFO - Epoch(train) [208][700/782]  lr: 5.0000e-04  eta: 0:18:31  time: 0.0379  data_time: 0.0010  memory: 413  loss: 15.6071  loss_ori: 1.7476  loss_uatm: 2.4402  loss_ugsa: 11.4193
2026/02/18 20:24:07 - mmengine - INFO - Exp name: resnet32x4_resnet8x4_20260218_180916
2026/02/18 20:24:09 - mmengine - INFO - Epoch(val) [208][100/157]    eta: 0:00:01  time: 0.0172  data_time: 0.0004  memory: 413  
2026/02/18 20:24:10 - mmengine - INFO - Epoch(val) [208][157/157]    accuracy/top1: 76.9800  data_time: 0.0009  time: 0.0204
2026/02/18 20:24:10 - mmengine - INFO - The previous best checkpoint /root/autodl-tmp/mmcls/work_dirs/cifar100/resnet32x4_resnet8x4/UATM+UGSA_temp=4.0_loss_weight=15.0+loss_weight=1.0_1/best_accuracy_top1_epoch_205.pth is removed
2026/02/18 20:24:11 - mmengine - INFO - The best checkpoint with 76.9800 accuracy/top1 at 208 epoch is saved to best_accuracy_top1_epoch_208.pth.
2026/02/18 20:24:15 - mmengine - INFO - Epoch(train) [209][100/782]  lr: 5.0000e-04  eta: 0:18:23  time: 0.0381  data_time: 0.0010  memory: 413  loss: 14.5217  loss_ori: 1.1922  loss_uatm: 2.4734  loss_ugsa: 10.8561
2026/02/18 20:24:19 - mmengine - INFO - Epoch(train) [209][200/782]  lr: 5.0000e-04  eta: 0:18:18  time: 0.0352  data_time: 0.0009  memory: 413  loss: 14.7293  loss_ori: 1.5224  loss_uatm: 2.4893  loss_ugsa: 10.7176
2026/02/18 20:24:23 - mmengine - INFO - Epoch(train) [209][300/782]  lr: 5.0000e-04  eta: 0:18:14  time: 0.0398  data_time: 0.0011  memory: 413  loss: 15.3134  loss_ori: 1.5334  loss_uatm: 2.5160  loss_ugsa: 11.2640
2026/02/18 20:24:25 - mmengine - INFO - Exp name: resnet32x4_resnet8x4_20260218_180916
2026/02/18 20:24:27 - mmengine - INFO - Epoch(train) [209][400/782]  lr: 5.0000e-04  eta: 0:18:09  time: 0.0422  data_time: 0.0012  memory: 413  loss: 15.1802  loss_ori: 1.7990  loss_uatm: 2.4941  loss_ugsa: 10.8871
2026/02/18 20:24:32 - mmengine - INFO - Epoch(train) [209][500/782]  lr: 5.0000e-04  eta: 0:18:05  time: 0.0393  data_time: 0.0015  memory: 413  loss: 14.5394  loss_ori: 1.3017  loss_uatm: 2.3923  loss_ugsa: 10.8454
2026/02/18 20:24:37 - mmengine - INFO - Epoch(train) [209][600/782]  lr: 5.0000e-04  eta: 0:18:01  time: 0.0676  data_time: 0.0016  memory: 413  loss: 14.5574  loss_ori: 1.4201  loss_uatm: 2.4713  loss_ugsa: 10.6659
2026/02/18 20:24:41 - mmengine - INFO - Epoch(train) [209][700/782]  lr: 5.0000e-04  eta: 0:17:56  time: 0.0386  data_time: 0.0010  memory: 413  loss: 14.2470  loss_ori: 1.6727  loss_uatm: 2.4930  loss_ugsa: 10.0812
2026/02/18 20:24:44 - mmengine - INFO - Exp name: resnet32x4_resnet8x4_20260218_180916
2026/02/18 20:24:46 - mmengine - INFO - Epoch(val) [209][100/157]    eta: 0:00:01  time: 0.0158  data_time: 0.0004  memory: 413  
2026/02/18 20:24:47 - mmengine - INFO - Epoch(val) [209][157/157]    accuracy/top1: 76.7200  data_time: 0.0008  time: 0.0188
2026/02/18 20:24:52 - mmengine - INFO - Epoch(train) [210][100/782]  lr: 5.0000e-04  eta: 0:17:48  time: 0.0427  data_time: 0.0010  memory: 413  loss: 13.8711  loss_ori: 1.2793  loss_uatm: 2.3430  loss_ugsa: 10.2488
2026/02/18 20:24:56 - mmengine - INFO - Epoch(train) [210][200/782]  lr: 5.0000e-04  eta: 0:17:44  time: 0.0419  data_time: 0.0010  memory: 413  loss: 15.3305  loss_ori: 1.8451  loss_uatm: 2.5355  loss_ugsa: 10.9499
2026/02/18 20:25:00 - mmengine - INFO - Epoch(train) [210][300/782]  lr: 5.0000e-04  eta: 0:17:39  time: 0.0403  data_time: 0.0011  memory: 413  loss: 14.8653  loss_ori: 1.2424  loss_uatm: 2.3711  loss_ugsa: 11.2518
2026/02/18 20:25:04 - mmengine - INFO - Epoch(train) [210][400/782]  lr: 5.0000e-04  eta: 0:17:35  time: 0.0433  data_time: 0.0012  memory: 413  loss: 15.0343  loss_ori: 1.8810  loss_uatm: 2.6783  loss_ugsa: 10.4750
2026/02/18 20:25:09 - mmengine - INFO - Epoch(train) [210][500/782]  lr: 5.0000e-04  eta: 0:17:30  time: 0.0410  data_time: 0.0010  memory: 413  loss: 14.5523  loss_ori: 1.0155  loss_uatm: 2.3080  loss_ugsa: 11.2287
2026/02/18 20:25:11 - mmengine - INFO - Exp name: resnet32x4_resnet8x4_20260218_180916
2026/02/18 20:25:13 - mmengine - INFO - Epoch(train) [210][600/782]  lr: 5.0000e-04  eta: 0:17:26  time: 0.0538  data_time: 0.0010  memory: 413  loss: 14.8653  loss_ori: 1.3613  loss_uatm: 2.4792  loss_ugsa: 11.0248
2026/02/18 20:25:17 - mmengine - INFO - Epoch(train) [210][700/782]  lr: 5.0000e-04  eta: 0:17:21  time: 0.0391  data_time: 0.0011  memory: 413  loss: 15.6666  loss_ori: 1.7199  loss_uatm: 2.4444  loss_ugsa: 11.5023
2026/02/18 20:25:20 - mmengine - INFO - Exp name: resnet32x4_resnet8x4_20260218_180916
2026/02/18 20:25:23 - mmengine - INFO - Epoch(val) [210][100/157]    eta: 0:00:01  time: 0.0202  data_time: 0.0005  memory: 413  
2026/02/18 20:25:24 - mmengine - INFO - Epoch(val) [210][157/157]    accuracy/top1: 76.3700  data_time: 0.0008  time: 0.0226
2026/02/18 20:25:28 - mmengine - INFO - Epoch(train) [211][100/782]  lr: 5.0000e-05  eta: 0:17:13  time: 0.0398  data_time: 0.0011  memory: 413  loss: 14.9028  loss_ori: 1.6123  loss_uatm: 2.4726  loss_ugsa: 10.8180
2026/02/18 20:25:32 - mmengine - INFO - Epoch(train) [211][200/782]  lr: 5.0000e-05  eta: 0:17:09  time: 0.0417  data_time: 0.0011  memory: 413  loss: 15.1076  loss_ori: 1.4401  loss_uatm: 2.5321  loss_ugsa: 11.1354
2026/02/18 20:25:37 - mmengine - INFO - Epoch(train) [211][300/782]  lr: 5.0000e-05  eta: 0:17:04  time: 0.0586  data_time: 0.0015  memory: 413  loss: 14.9987  loss_ori: 1.4968  loss_uatm: 2.4348  loss_ugsa: 11.0671
2026/02/18 20:25:40 - mmengine - INFO - Epoch(train) [211][400/782]  lr: 5.0000e-05  eta: 0:17:00  time: 0.0360  data_time: 0.0014  memory: 413  loss: 14.9176  loss_ori: 1.7792  loss_uatm: 2.5137  loss_ugsa: 10.6247
2026/02/18 20:25:44 - mmengine - INFO - Epoch(train) [211][500/782]  lr: 5.0000e-05  eta: 0:16:55  time: 0.0390  data_time: 0.0015  memory: 413  loss: 14.3662  loss_ori: 0.8319  loss_uatm: 2.2107  loss_ugsa: 11.3236
2026/02/18 20:25:48 - mmengine - INFO - Epoch(train) [211][600/782]  lr: 5.0000e-05  eta: 0:16:51  time: 0.0395  data_time: 0.0011  memory: 413  loss: 14.5142  loss_ori: 0.9662  loss_uatm: 2.3196  loss_ugsa: 11.2285
2026/02/18 20:25:53 - mmengine - INFO - Epoch(train) [211][700/782]  lr: 5.0000e-05  eta: 0:16:46  time: 0.0415  data_time: 0.0010  memory: 413  loss: 15.1013  loss_ori: 1.6068  loss_uatm: 2.4987  loss_ugsa: 10.9958
2026/02/18 20:25:56 - mmengine - INFO - Exp name: resnet32x4_resnet8x4_20260218_180916
2026/02/18 20:25:56 - mmengine - INFO - Exp name: resnet32x4_resnet8x4_20260218_180916
2026/02/18 20:25:58 - mmengine - INFO - Epoch(val) [211][100/157]    eta: 0:00:01  time: 0.0213  data_time: 0.0005  memory: 413  
2026/02/18 20:26:00 - mmengine - INFO - Epoch(val) [211][157/157]    accuracy/top1: 76.8900  data_time: 0.0008  time: 0.0211
2026/02/18 20:26:04 - mmengine - INFO - Epoch(train) [212][100/782]  lr: 5.0000e-05  eta: 0:16:38  time: 0.0407  data_time: 0.0012  memory: 413  loss: 14.7245  loss_ori: 1.2082  loss_uatm: 2.4141  loss_ugsa: 11.1022
2026/02/18 20:26:08 - mmengine - INFO - Epoch(train) [212][200/782]  lr: 5.0000e-05  eta: 0:16:34  time: 0.0350  data_time: 0.0010  memory: 413  loss: 14.7600  loss_ori: 1.5521  loss_uatm: 2.4837  loss_ugsa: 10.7242
2026/02/18 20:26:12 - mmengine - INFO - Epoch(train) [212][300/782]  lr: 5.0000e-05  eta: 0:16:29  time: 0.0452  data_time: 0.0022  memory: 413  loss: 14.9611  loss_ori: 1.5496  loss_uatm: 2.4687  loss_ugsa: 10.9427
2026/02/18 20:26:17 - mmengine - INFO - Epoch(train) [212][400/782]  lr: 5.0000e-05  eta: 0:16:25  time: 0.0476  data_time: 0.0016  memory: 413  loss: 15.5313  loss_ori: 1.5912  loss_uatm: 2.4156  loss_ugsa: 11.5245
2026/02/18 20:26:21 - mmengine - INFO - Epoch(train) [212][500/782]  lr: 5.0000e-05  eta: 0:16:20  time: 0.0435  data_time: 0.0013  memory: 413  loss: 14.8757  loss_ori: 1.3010  loss_uatm: 2.3813  loss_ugsa: 11.1935
2026/02/18 20:26:26 - mmengine - INFO - Epoch(train) [212][600/782]  lr: 5.0000e-05  eta: 0:16:16  time: 0.0412  data_time: 0.0014  memory: 413  loss: 15.1544  loss_ori: 1.4985  loss_uatm: 2.4353  loss_ugsa: 11.2207
2026/02/18 20:26:31 - mmengine - INFO - Epoch(train) [212][700/782]  lr: 5.0000e-05  eta: 0:16:12  time: 0.0473  data_time: 0.0017  memory: 413  loss: 14.4227  loss_ori: 1.4954  loss_uatm: 2.5122  loss_ugsa: 10.4151
2026/02/18 20:26:35 - mmengine - INFO - Exp name: resnet32x4_resnet8x4_20260218_180916
2026/02/18 20:26:38 - mmengine - INFO - Epoch(val) [212][100/157]    eta: 0:00:01  time: 0.0208  data_time: 0.0006  memory: 413  
2026/02/18 20:26:39 - mmengine - INFO - Epoch(val) [212][157/157]    accuracy/top1: 77.1100  data_time: 0.0011  time: 0.0259
2026/02/18 20:26:39 - mmengine - INFO - The previous best checkpoint /root/autodl-tmp/mmcls/work_dirs/cifar100/resnet32x4_resnet8x4/UATM+UGSA_temp=4.0_loss_weight=15.0+loss_weight=1.0_1/best_accuracy_top1_epoch_208.pth is removed
2026/02/18 20:26:40 - mmengine - INFO - The best checkpoint with 77.1100 accuracy/top1 at 212 epoch is saved to best_accuracy_top1_epoch_212.pth.
2026/02/18 20:26:45 - mmengine - INFO - Epoch(train) [213][100/782]  lr: 5.0000e-05  eta: 0:16:04  time: 0.0440  data_time: 0.0026  memory: 413  loss: 15.2054  loss_ori: 1.6837  loss_uatm: 2.5101  loss_ugsa: 11.0116
2026/02/18 20:26:49 - mmengine - INFO - Epoch(train) [213][200/782]  lr: 5.0000e-05  eta: 0:15:59  time: 0.0416  data_time: 0.0013  memory: 413  loss: 14.2421  loss_ori: 1.4567  loss_uatm: 2.3185  loss_ugsa: 10.4670
2026/02/18 20:26:50 - mmengine - INFO - Exp name: resnet32x4_resnet8x4_20260218_180916
2026/02/18 20:26:54 - mmengine - INFO - Epoch(train) [213][300/782]  lr: 5.0000e-05  eta: 0:15:55  time: 0.0726  data_time: 0.0016  memory: 413  loss: 14.8252  loss_ori: 1.6905  loss_uatm: 2.5340  loss_ugsa: 10.6007
2026/02/18 20:26:59 - mmengine - INFO - Epoch(train) [213][400/782]  lr: 5.0000e-05  eta: 0:15:50  time: 0.0436  data_time: 0.0014  memory: 413  loss: 15.2373  loss_ori: 1.4960  loss_uatm: 2.4601  loss_ugsa: 11.2812
2026/02/18 20:27:03 - mmengine - INFO - Epoch(train) [213][500/782]  lr: 5.0000e-05  eta: 0:15:46  time: 0.0453  data_time: 0.0014  memory: 413  loss: 14.4255  loss_ori: 1.1457  loss_uatm: 2.3218  loss_ugsa: 10.9579
2026/02/18 20:27:08 - mmengine - INFO - Epoch(train) [213][600/782]  lr: 5.0000e-05  eta: 0:15:41  time: 0.0435  data_time: 0.0011  memory: 413  loss: 14.9742  loss_ori: 1.0288  loss_uatm: 2.3281  loss_ugsa: 11.6173
2026/02/18 20:27:12 - mmengine - INFO - Epoch(train) [213][700/782]  lr: 5.0000e-05  eta: 0:15:37  time: 0.0425  data_time: 0.0011  memory: 413  loss: 15.7614  loss_ori: 1.5505  loss_uatm: 2.4081  loss_ugsa: 11.8027
2026/02/18 20:27:16 - mmengine - INFO - Exp name: resnet32x4_resnet8x4_20260218_180916
2026/02/18 20:27:18 - mmengine - INFO - Epoch(val) [213][100/157]    eta: 0:00:01  time: 0.0201  data_time: 0.0005  memory: 413  
2026/02/18 20:27:20 - mmengine - INFO - Epoch(val) [213][157/157]    accuracy/top1: 76.9400  data_time: 0.0010  time: 0.0241
2026/02/18 20:27:24 - mmengine - INFO - Epoch(train) [214][100/782]  lr: 5.0000e-05  eta: 0:15:29  time: 0.0449  data_time: 0.0016  memory: 413  loss: 14.7467  loss_ori: 1.7031  loss_uatm: 2.4528  loss_ugsa: 10.5908
2026/02/18 20:27:29 - mmengine - INFO - Epoch(train) [214][200/782]  lr: 5.0000e-05  eta: 0:15:25  time: 0.0365  data_time: 0.0010  memory: 413  loss: 14.8127  loss_ori: 1.6999  loss_uatm: 2.4063  loss_ugsa: 10.7065
2026/02/18 20:27:33 - mmengine - INFO - Epoch(train) [214][300/782]  lr: 5.0000e-05  eta: 0:15:20  time: 0.0461  data_time: 0.0021  memory: 413  loss: 14.9678  loss_ori: 1.4663  loss_uatm: 2.4174  loss_ugsa: 11.0841
2026/02/18 20:27:38 - mmengine - INFO - Epoch(train) [214][400/782]  lr: 5.0000e-05  eta: 0:15:16  time: 0.0472  data_time: 0.0020  memory: 413  loss: 15.5613  loss_ori: 1.8222  loss_uatm: 2.5569  loss_ugsa: 11.1822
2026/02/18 20:27:40 - mmengine - INFO - Exp name: resnet32x4_resnet8x4_20260218_180916
2026/02/18 20:27:43 - mmengine - INFO - Epoch(train) [214][500/782]  lr: 5.0000e-05  eta: 0:15:11  time: 0.0451  data_time: 0.0021  memory: 413  loss: 14.7957  loss_ori: 1.7813  loss_uatm: 2.6149  loss_ugsa: 10.3995
2026/02/18 20:27:47 - mmengine - INFO - Epoch(train) [214][600/782]  lr: 5.0000e-05  eta: 0:15:07  time: 0.0464  data_time: 0.0022  memory: 413  loss: 15.1321  loss_ori: 1.5838  loss_uatm: 2.4421  loss_ugsa: 11.1063
2026/02/18 20:27:52 - mmengine - INFO - Epoch(train) [214][700/782]  lr: 5.0000e-05  eta: 0:15:02  time: 0.0419  data_time: 0.0012  memory: 413  loss: 14.6260  loss_ori: 1.0715  loss_uatm: 2.3448  loss_ugsa: 11.2097
2026/02/18 20:27:55 - mmengine - INFO - Exp name: resnet32x4_resnet8x4_20260218_180916
2026/02/18 20:27:58 - mmengine - INFO - Epoch(val) [214][100/157]    eta: 0:00:01  time: 0.0203  data_time: 0.0006  memory: 413  
2026/02/18 20:28:00 - mmengine - INFO - Epoch(val) [214][157/157]    accuracy/top1: 76.8600  data_time: 0.0009  time: 0.0264
2026/02/18 20:28:05 - mmengine - INFO - Epoch(train) [215][100/782]  lr: 5.0000e-05  eta: 0:14:54  time: 0.0450  data_time: 0.0014  memory: 413  loss: 15.5604  loss_ori: 1.9745  loss_uatm: 2.5144  loss_ugsa: 11.0716
2026/02/18 20:28:09 - mmengine - INFO - Epoch(train) [215][200/782]  lr: 5.0000e-05  eta: 0:14:50  time: 0.0448  data_time: 0.0030  memory: 413  loss: 14.8357  loss_ori: 1.4167  loss_uatm: 2.5579  loss_ugsa: 10.8611
2026/02/18 20:28:14 - mmengine - INFO - Epoch(train) [215][300/782]  lr: 5.0000e-05  eta: 0:14:46  time: 0.0403  data_time: 0.0011  memory: 413  loss: 14.6555  loss_ori: 1.4287  loss_uatm: 2.4142  loss_ugsa: 10.8127
2026/02/18 20:28:18 - mmengine - INFO - Epoch(train) [215][400/782]  lr: 5.0000e-05  eta: 0:14:41  time: 0.0459  data_time: 0.0021  memory: 413  loss: 14.8937  loss_ori: 1.7320  loss_uatm: 2.4945  loss_ugsa: 10.6672
2026/02/18 20:28:23 - mmengine - INFO - Epoch(train) [215][500/782]  lr: 5.0000e-05  eta: 0:14:37  time: 0.0442  data_time: 0.0020  memory: 413  loss: 14.6227  loss_ori: 1.3255  loss_uatm: 2.2757  loss_ugsa: 11.0215
2026/02/18 20:28:28 - mmengine - INFO - Epoch(train) [215][600/782]  lr: 5.0000e-05  eta: 0:14:32  time: 0.0441  data_time: 0.0014  memory: 413  loss: 15.6840  loss_ori: 1.5997  loss_uatm: 2.3908  loss_ugsa: 11.6934
2026/02/18 20:28:30 - mmengine - INFO - Exp name: resnet32x4_resnet8x4_20260218_180916
2026/02/18 20:28:32 - mmengine - INFO - Epoch(train) [215][700/782]  lr: 5.0000e-05  eta: 0:14:28  time: 0.0443  data_time: 0.0020  memory: 413  loss: 14.7990  loss_ori: 1.8362  loss_uatm: 2.5823  loss_ugsa: 10.3805
2026/02/18 20:28:36 - mmengine - INFO - Exp name: resnet32x4_resnet8x4_20260218_180916
2026/02/18 20:28:39 - mmengine - INFO - Epoch(val) [215][100/157]    eta: 0:00:01  time: 0.0209  data_time: 0.0007  memory: 413  
2026/02/18 20:28:40 - mmengine - INFO - Epoch(val) [215][157/157]    accuracy/top1: 76.2200  data_time: 0.0011  time: 0.0261
2026/02/18 20:28:45 - mmengine - INFO - Epoch(train) [216][100/782]  lr: 5.0000e-05  eta: 0:14:20  time: 0.0466  data_time: 0.0015  memory: 413  loss: 14.7335  loss_ori: 1.5238  loss_uatm: 2.6534  loss_ugsa: 10.5563
2026/02/18 20:28:50 - mmengine - INFO - Epoch(train) [216][200/782]  lr: 5.0000e-05  eta: 0:14:16  time: 0.0441  data_time: 0.0016  memory: 413  loss: 15.1255  loss_ori: 1.4616  loss_uatm: 2.3805  loss_ugsa: 11.2834
2026/02/18 20:28:55 - mmengine - INFO - Epoch(train) [216][300/782]  lr: 5.0000e-05  eta: 0:14:11  time: 0.0403  data_time: 0.0010  memory: 413  loss: 15.1610  loss_ori: 1.4903  loss_uatm: 2.4261  loss_ugsa: 11.2446
2026/02/18 20:28:59 - mmengine - INFO - Epoch(train) [216][400/782]  lr: 5.0000e-05  eta: 0:14:07  time: 0.0433  data_time: 0.0015  memory: 413  loss: 15.2844  loss_ori: 1.6306  loss_uatm: 2.4906  loss_ugsa: 11.1632
2026/02/18 20:29:04 - mmengine - INFO - Epoch(train) [216][500/782]  lr: 5.0000e-05  eta: 0:14:02  time: 0.0439  data_time: 0.0011  memory: 413  loss: 15.5760  loss_ori: 1.5553  loss_uatm: 2.4133  loss_ugsa: 11.6074
2026/02/18 20:29:08 - mmengine - INFO - Epoch(train) [216][600/782]  lr: 5.0000e-05  eta: 0:13:58  time: 0.0464  data_time: 0.0013  memory: 413  loss: 14.6462  loss_ori: 1.3019  loss_uatm: 2.4575  loss_ugsa: 10.8868
2026/02/18 20:29:13 - mmengine - INFO - Epoch(train) [216][700/782]  lr: 5.0000e-05  eta: 0:13:54  time: 0.0468  data_time: 0.0025  memory: 413  loss: 14.9180  loss_ori: 1.2208  loss_uatm: 2.3801  loss_ugsa: 11.3171
2026/02/18 20:29:17 - mmengine - INFO - Exp name: resnet32x4_resnet8x4_20260218_180916
2026/02/18 20:29:19 - mmengine - INFO - Epoch(val) [216][100/157]    eta: 0:00:01  time: 0.0220  data_time: 0.0005  memory: 413  
2026/02/18 20:29:20 - mmengine - INFO - Epoch(val) [216][157/157]    accuracy/top1: 76.6100  data_time: 0.0008  time: 0.0206
2026/02/18 20:29:24 - mmengine - INFO - Exp name: resnet32x4_resnet8x4_20260218_180916
2026/02/18 20:29:25 - mmengine - INFO - Epoch(train) [217][100/782]  lr: 5.0000e-05  eta: 0:13:45  time: 0.0459  data_time: 0.0015  memory: 413  loss: 15.0930  loss_ori: 1.1413  loss_uatm: 2.4118  loss_ugsa: 11.5399
2026/02/18 20:29:30 - mmengine - INFO - Epoch(train) [217][200/782]  lr: 5.0000e-05  eta: 0:13:41  time: 0.0437  data_time: 0.0029  memory: 413  loss: 14.9565  loss_ori: 1.2916  loss_uatm: 2.3854  loss_ugsa: 11.2796
2026/02/18 20:29:34 - mmengine - INFO - Epoch(train) [217][300/782]  lr: 5.0000e-05  eta: 0:13:37  time: 0.0453  data_time: 0.0021  memory: 413  loss: 14.6450  loss_ori: 1.5918  loss_uatm: 2.4736  loss_ugsa: 10.5796
2026/02/18 20:29:39 - mmengine - INFO - Epoch(train) [217][400/782]  lr: 5.0000e-05  eta: 0:13:32  time: 0.0341  data_time: 0.0013  memory: 413  loss: 14.7998  loss_ori: 1.4119  loss_uatm: 2.4587  loss_ugsa: 10.9293
2026/02/18 20:29:43 - mmengine - INFO - Epoch(train) [217][500/782]  lr: 5.0000e-05  eta: 0:13:28  time: 0.0456  data_time: 0.0017  memory: 413  loss: 15.6484  loss_ori: 1.2691  loss_uatm: 2.3380  loss_ugsa: 12.0413
2026/02/18 20:29:48 - mmengine - INFO - Epoch(train) [217][600/782]  lr: 5.0000e-05  eta: 0:13:23  time: 0.0414  data_time: 0.0015  memory: 413  loss: 14.5122  loss_ori: 1.7844  loss_uatm: 2.4161  loss_ugsa: 10.3116
2026/02/18 20:29:52 - mmengine - INFO - Epoch(train) [217][700/782]  lr: 5.0000e-05  eta: 0:13:19  time: 0.0391  data_time: 0.0021  memory: 413  loss: 15.0691  loss_ori: 0.9709  loss_uatm: 2.2771  loss_ugsa: 11.8212
2026/02/18 20:29:56 - mmengine - INFO - Exp name: resnet32x4_resnet8x4_20260218_180916
2026/02/18 20:29:59 - mmengine - INFO - Epoch(val) [217][100/157]    eta: 0:00:01  time: 0.0623  data_time: 0.0006  memory: 413  
2026/02/18 20:30:00 - mmengine - INFO - Epoch(val) [217][157/157]    accuracy/top1: 76.6100  data_time: 0.0023  time: 0.0267
2026/02/18 20:30:05 - mmengine - INFO - Epoch(train) [218][100/782]  lr: 5.0000e-05  eta: 0:13:11  time: 0.0431  data_time: 0.0017  memory: 413  loss: 14.8376  loss_ori: 1.9234  loss_uatm: 2.5722  loss_ugsa: 10.3421
2026/02/18 20:30:10 - mmengine - INFO - Epoch(train) [218][200/782]  lr: 5.0000e-05  eta: 0:13:07  time: 0.0444  data_time: 0.0017  memory: 413  loss: 14.7901  loss_ori: 1.3924  loss_uatm: 2.4138  loss_ugsa: 10.9840
2026/02/18 20:30:14 - mmengine - INFO - Epoch(train) [218][300/782]  lr: 5.0000e-05  eta: 0:13:02  time: 0.0453  data_time: 0.0017  memory: 413  loss: 15.2545  loss_ori: 1.5499  loss_uatm: 2.4478  loss_ugsa: 11.2569
2026/02/18 20:30:15 - mmengine - INFO - Exp name: resnet32x4_resnet8x4_20260218_180916
2026/02/18 20:30:19 - mmengine - INFO - Epoch(train) [218][400/782]  lr: 5.0000e-05  eta: 0:12:58  time: 0.0426  data_time: 0.0021  memory: 413  loss: 14.1799  loss_ori: 1.1697  loss_uatm: 2.4051  loss_ugsa: 10.6052
2026/02/18 20:30:24 - mmengine - INFO - Epoch(train) [218][500/782]  lr: 5.0000e-05  eta: 0:12:53  time: 0.0423  data_time: 0.0022  memory: 413  loss: 14.2901  loss_ori: 1.5639  loss_uatm: 2.4381  loss_ugsa: 10.2881
2026/02/18 20:30:29 - mmengine - INFO - Epoch(train) [218][600/782]  lr: 5.0000e-05  eta: 0:12:49  time: 0.0450  data_time: 0.0014  memory: 413  loss: 14.8643  loss_ori: 1.6558  loss_uatm: 2.4510  loss_ugsa: 10.7576
2026/02/18 20:30:33 - mmengine - INFO - Epoch(train) [218][700/782]  lr: 5.0000e-05  eta: 0:12:44  time: 0.0438  data_time: 0.0016  memory: 413  loss: 14.9672  loss_ori: 1.9496  loss_uatm: 2.5181  loss_ugsa: 10.4996
2026/02/18 20:30:37 - mmengine - INFO - Exp name: resnet32x4_resnet8x4_20260218_180916
2026/02/18 20:30:40 - mmengine - INFO - Epoch(val) [218][100/157]    eta: 0:00:01  time: 0.0195  data_time: 0.0006  memory: 413  
2026/02/18 20:30:41 - mmengine - INFO - Epoch(val) [218][157/157]    accuracy/top1: 76.9300  data_time: 0.0009  time: 0.0250
2026/02/18 20:30:46 - mmengine - INFO - Epoch(train) [219][100/782]  lr: 5.0000e-05  eta: 0:12:36  time: 0.0469  data_time: 0.0022  memory: 413  loss: 14.6461  loss_ori: 1.5470  loss_uatm: 2.4377  loss_ugsa: 10.6614
2026/02/18 20:30:51 - mmengine - INFO - Epoch(train) [219][200/782]  lr: 5.0000e-05  eta: 0:12:32  time: 0.0443  data_time: 0.0014  memory: 413  loss: 14.9341  loss_ori: 0.9984  loss_uatm: 2.2759  loss_ugsa: 11.6597
2026/02/18 20:30:56 - mmengine - INFO - Epoch(train) [219][300/782]  lr: 5.0000e-05  eta: 0:12:28  time: 0.0747  data_time: 0.0016  memory: 413  loss: 15.1947  loss_ori: 1.4930  loss_uatm: 2.3305  loss_ugsa: 11.3713
2026/02/18 20:31:00 - mmengine - INFO - Epoch(train) [219][400/782]  lr: 5.0000e-05  eta: 0:12:23  time: 0.0467  data_time: 0.0015  memory: 413  loss: 14.4967  loss_ori: 1.3581  loss_uatm: 2.3493  loss_ugsa: 10.7893
2026/02/18 20:31:05 - mmengine - INFO - Epoch(train) [219][500/782]  lr: 5.0000e-05  eta: 0:12:19  time: 0.0582  data_time: 0.0023  memory: 413  loss: 14.8312  loss_ori: 1.5777  loss_uatm: 2.3885  loss_ugsa: 10.8649
2026/02/18 20:31:07 - mmengine - INFO - Exp name: resnet32x4_resnet8x4_20260218_180916
2026/02/18 20:31:10 - mmengine - INFO - Epoch(train) [219][600/782]  lr: 5.0000e-05  eta: 0:12:14  time: 0.0493  data_time: 0.0018  memory: 413  loss: 15.0783  loss_ori: 1.8208  loss_uatm: 2.4956  loss_ugsa: 10.7619
2026/02/18 20:31:14 - mmengine - INFO - Epoch(train) [219][700/782]  lr: 5.0000e-05  eta: 0:12:10  time: 0.0369  data_time: 0.0011  memory: 413  loss: 14.6056  loss_ori: 1.4624  loss_uatm: 2.5334  loss_ugsa: 10.6099
2026/02/18 20:31:18 - mmengine - INFO - Exp name: resnet32x4_resnet8x4_20260218_180916
2026/02/18 20:31:21 - mmengine - INFO - Epoch(val) [219][100/157]    eta: 0:00:01  time: 0.0221  data_time: 0.0006  memory: 413  
2026/02/18 20:31:22 - mmengine - INFO - Epoch(val) [219][157/157]    accuracy/top1: 76.8200  data_time: 0.0024  time: 0.0259
2026/02/18 20:31:27 - mmengine - INFO - Epoch(train) [220][100/782]  lr: 5.0000e-05  eta: 0:12:02  time: 0.0419  data_time: 0.0012  memory: 413  loss: 15.3319  loss_ori: 1.8634  loss_uatm: 2.5534  loss_ugsa: 10.9151
2026/02/18 20:31:32 - mmengine - INFO - Epoch(train) [220][200/782]  lr: 5.0000e-05  eta: 0:11:58  time: 0.0438  data_time: 0.0012  memory: 413  loss: 15.1030  loss_ori: 1.8452  loss_uatm: 2.4294  loss_ugsa: 10.8284
2026/02/18 20:31:37 - mmengine - INFO - Epoch(train) [220][300/782]  lr: 5.0000e-05  eta: 0:11:53  time: 0.0688  data_time: 0.0018  memory: 413  loss: 14.8602  loss_ori: 1.2798  loss_uatm: 2.4108  loss_ugsa: 11.1695
2026/02/18 20:31:41 - mmengine - INFO - Epoch(train) [220][400/782]  lr: 5.0000e-05  eta: 0:11:49  time: 0.0455  data_time: 0.0025  memory: 413  loss: 15.6017  loss_ori: 2.1062  loss_uatm: 2.6180  loss_ugsa: 10.8775
2026/02/18 20:31:46 - mmengine - INFO - Epoch(train) [220][500/782]  lr: 5.0000e-05  eta: 0:11:44  time: 0.0441  data_time: 0.0016  memory: 413  loss: 15.3716  loss_ori: 1.5686  loss_uatm: 2.5035  loss_ugsa: 11.2995
2026/02/18 20:31:51 - mmengine - INFO - Epoch(train) [220][600/782]  lr: 5.0000e-05  eta: 0:11:40  time: 0.0452  data_time: 0.0028  memory: 413  loss: 15.2810  loss_ori: 1.4088  loss_uatm: 2.4858  loss_ugsa: 11.3864
2026/02/18 20:31:55 - mmengine - INFO - Epoch(train) [220][700/782]  lr: 5.0000e-05  eta: 0:11:36  time: 0.0441  data_time: 0.0020  memory: 413  loss: 15.2373  loss_ori: 1.7282  loss_uatm: 2.5609  loss_ugsa: 10.9482
2026/02/18 20:31:57 - mmengine - INFO - Exp name: resnet32x4_resnet8x4_20260218_180916
2026/02/18 20:31:59 - mmengine - INFO - Exp name: resnet32x4_resnet8x4_20260218_180916
2026/02/18 20:32:02 - mmengine - INFO - Epoch(val) [220][100/157]    eta: 0:00:01  time: 0.0216  data_time: 0.0006  memory: 413  
2026/02/18 20:32:04 - mmengine - INFO - Epoch(val) [220][157/157]    accuracy/top1: 76.7400  data_time: 0.0021  time: 0.0258
2026/02/18 20:32:08 - mmengine - INFO - Epoch(train) [221][100/782]  lr: 5.0000e-05  eta: 0:11:28  time: 0.0449  data_time: 0.0026  memory: 413  loss: 14.8398  loss_ori: 1.7016  loss_uatm: 2.4455  loss_ugsa: 10.6927
2026/02/18 20:32:13 - mmengine - INFO - Epoch(train) [221][200/782]  lr: 5.0000e-05  eta: 0:11:23  time: 0.0435  data_time: 0.0013  memory: 413  loss: 15.0212  loss_ori: 1.8688  loss_uatm: 2.6696  loss_ugsa: 10.4828
2026/02/18 20:32:17 - mmengine - INFO - Epoch(train) [221][300/782]  lr: 5.0000e-05  eta: 0:11:19  time: 0.0607  data_time: 0.0011  memory: 413  loss: 14.0153  loss_ori: 1.3457  loss_uatm: 2.3543  loss_ugsa: 10.3152
2026/02/18 20:32:22 - mmengine - INFO - Epoch(train) [221][400/782]  lr: 5.0000e-05  eta: 0:11:14  time: 0.0443  data_time: 0.0015  memory: 413  loss: 15.4551  loss_ori: 1.3050  loss_uatm: 2.4217  loss_ugsa: 11.7285
2026/02/18 20:32:27 - mmengine - INFO - Epoch(train) [221][500/782]  lr: 5.0000e-05  eta: 0:11:10  time: 0.0455  data_time: 0.0025  memory: 413  loss: 14.9224  loss_ori: 1.6582  loss_uatm: 2.4551  loss_ugsa: 10.8091
2026/02/18 20:32:32 - mmengine - INFO - Epoch(train) [221][600/782]  lr: 5.0000e-05  eta: 0:11:05  time: 0.0432  data_time: 0.0017  memory: 413  loss: 14.4341  loss_ori: 1.3646  loss_uatm: 2.4487  loss_ugsa: 10.6208
2026/02/18 20:32:36 - mmengine - INFO - Epoch(train) [221][700/782]  lr: 5.0000e-05  eta: 0:11:01  time: 0.0428  data_time: 0.0018  memory: 413  loss: 15.2504  loss_ori: 1.6660  loss_uatm: 2.5606  loss_ugsa: 11.0239
2026/02/18 20:32:40 - mmengine - INFO - Exp name: resnet32x4_resnet8x4_20260218_180916
2026/02/18 20:32:43 - mmengine - INFO - Epoch(val) [221][100/157]    eta: 0:00:01  time: 0.0199  data_time: 0.0006  memory: 413  
2026/02/18 20:32:45 - mmengine - INFO - Epoch(val) [221][157/157]    accuracy/top1: 76.9800  data_time: 0.0027  time: 0.0260
2026/02/18 20:32:49 - mmengine - INFO - Epoch(train) [222][100/782]  lr: 5.0000e-05  eta: 0:10:53  time: 0.0436  data_time: 0.0021  memory: 413  loss: 15.0281  loss_ori: 1.6075  loss_uatm: 2.5421  loss_ugsa: 10.8786
2026/02/18 20:32:53 - mmengine - INFO - Exp name: resnet32x4_resnet8x4_20260218_180916
2026/02/18 20:32:54 - mmengine - INFO - Epoch(train) [222][200/782]  lr: 5.0000e-05  eta: 0:10:49  time: 0.0464  data_time: 0.0025  memory: 413  loss: 14.9950  loss_ori: 1.5981  loss_uatm: 2.4009  loss_ugsa: 10.9960
2026/02/18 20:32:58 - mmengine - INFO - Epoch(train) [222][300/782]  lr: 5.0000e-05  eta: 0:10:44  time: 0.0560  data_time: 0.0011  memory: 413  loss: 14.6066  loss_ori: 1.3373  loss_uatm: 2.4931  loss_ugsa: 10.7763
2026/02/18 20:33:02 - mmengine - INFO - Epoch(train) [222][400/782]  lr: 5.0000e-05  eta: 0:10:40  time: 0.0424  data_time: 0.0018  memory: 413  loss: 15.2385  loss_ori: 1.4863  loss_uatm: 2.5008  loss_ugsa: 11.2514
2026/02/18 20:33:07 - mmengine - INFO - Epoch(train) [222][500/782]  lr: 5.0000e-05  eta: 0:10:35  time: 0.0452  data_time: 0.0016  memory: 413  loss: 14.4948  loss_ori: 1.1949  loss_uatm: 2.3252  loss_ugsa: 10.9747
2026/02/18 20:33:12 - mmengine - INFO - Epoch(train) [222][600/782]  lr: 5.0000e-05  eta: 0:10:31  time: 0.0468  data_time: 0.0015  memory: 413  loss: 15.3189  loss_ori: 1.7436  loss_uatm: 2.5543  loss_ugsa: 11.0211
2026/02/18 20:33:16 - mmengine - INFO - Epoch(train) [222][700/782]  lr: 5.0000e-05  eta: 0:10:26  time: 0.0417  data_time: 0.0015  memory: 413  loss: 14.5992  loss_ori: 1.5292  loss_uatm: 2.3977  loss_ugsa: 10.6723
2026/02/18 20:33:20 - mmengine - INFO - Exp name: resnet32x4_resnet8x4_20260218_180916
2026/02/18 20:33:23 - mmengine - INFO - Epoch(val) [222][100/157]    eta: 0:00:01  time: 0.0220  data_time: 0.0006  memory: 413  
2026/02/18 20:33:24 - mmengine - INFO - Epoch(val) [222][157/157]    accuracy/top1: 77.1900  data_time: 0.0012  time: 0.0229
2026/02/18 20:33:24 - mmengine - INFO - The previous best checkpoint /root/autodl-tmp/mmcls/work_dirs/cifar100/resnet32x4_resnet8x4/UATM+UGSA_temp=4.0_loss_weight=15.0+loss_weight=1.0_1/best_accuracy_top1_epoch_212.pth is removed
2026/02/18 20:33:26 - mmengine - INFO - The best checkpoint with 77.1900 accuracy/top1 at 222 epoch is saved to best_accuracy_top1_epoch_222.pth.
2026/02/18 20:33:31 - mmengine - INFO - Epoch(train) [223][100/782]  lr: 5.0000e-05  eta: 0:10:18  time: 0.0541  data_time: 0.0017  memory: 413  loss: 14.7830  loss_ori: 1.3183  loss_uatm: 2.2781  loss_ugsa: 11.1866
2026/02/18 20:33:36 - mmengine - INFO - Epoch(train) [223][200/782]  lr: 5.0000e-05  eta: 0:10:14  time: 0.0454  data_time: 0.0014  memory: 413  loss: 15.1169  loss_ori: 1.0966  loss_uatm: 2.3856  loss_ugsa: 11.6348
2026/02/18 20:33:41 - mmengine - INFO - Epoch(train) [223][300/782]  lr: 5.0000e-05  eta: 0:10:10  time: 0.0447  data_time: 0.0021  memory: 413  loss: 14.9464  loss_ori: 1.4867  loss_uatm: 2.4111  loss_ugsa: 11.0486
2026/02/18 20:33:45 - mmengine - INFO - Exp name: resnet32x4_resnet8x4_20260218_180916
2026/02/18 20:33:45 - mmengine - INFO - Epoch(train) [223][400/782]  lr: 5.0000e-05  eta: 0:10:05  time: 0.0414  data_time: 0.0012  memory: 413  loss: 15.4409  loss_ori: 1.8157  loss_uatm: 2.5630  loss_ugsa: 11.0622
2026/02/18 20:33:50 - mmengine - INFO - Epoch(train) [223][500/782]  lr: 5.0000e-05  eta: 0:10:01  time: 0.0453  data_time: 0.0027  memory: 413  loss: 14.9456  loss_ori: 1.9371  loss_uatm: 2.4839  loss_ugsa: 10.5245
2026/02/18 20:33:54 - mmengine - INFO - Epoch(train) [223][600/782]  lr: 5.0000e-05  eta: 0:09:56  time: 0.0466  data_time: 0.0017  memory: 413  loss: 14.8656  loss_ori: 1.9969  loss_uatm: 2.5263  loss_ugsa: 10.3424
2026/02/18 20:33:59 - mmengine - INFO - Epoch(train) [223][700/782]  lr: 5.0000e-05  eta: 0:09:52  time: 0.0443  data_time: 0.0015  memory: 413  loss: 14.5741  loss_ori: 1.3955  loss_uatm: 2.5097  loss_ugsa: 10.6688
2026/02/18 20:34:03 - mmengine - INFO - Exp name: resnet32x4_resnet8x4_20260218_180916
2026/02/18 20:34:06 - mmengine - INFO - Epoch(val) [223][100/157]    eta: 0:00:01  time: 0.0247  data_time: 0.0006  memory: 413  
2026/02/18 20:34:07 - mmengine - INFO - Epoch(val) [223][157/157]    accuracy/top1: 76.7000  data_time: 0.0011  time: 0.0261
2026/02/18 20:34:12 - mmengine - INFO - Epoch(train) [224][100/782]  lr: 5.0000e-05  eta: 0:09:44  time: 0.0448  data_time: 0.0015  memory: 413  loss: 15.1632  loss_ori: 1.8445  loss_uatm: 2.5251  loss_ugsa: 10.7936
2026/02/18 20:34:17 - mmengine - INFO - Epoch(train) [224][200/782]  lr: 5.0000e-05  eta: 0:09:40  time: 0.0452  data_time: 0.0022  memory: 413  loss: 14.0702  loss_ori: 1.3910  loss_uatm: 2.5210  loss_ugsa: 10.1582
2026/02/18 20:34:22 - mmengine - INFO - Epoch(train) [224][300/782]  lr: 5.0000e-05  eta: 0:09:35  time: 0.0426  data_time: 0.0014  memory: 413  loss: 14.4784  loss_ori: 1.7298  loss_uatm: 2.3577  loss_ugsa: 10.3909
2026/02/18 20:34:26 - mmengine - INFO - Epoch(train) [224][400/782]  lr: 5.0000e-05  eta: 0:09:31  time: 0.0398  data_time: 0.0010  memory: 413  loss: 14.2925  loss_ori: 1.4199  loss_uatm: 2.2830  loss_ugsa: 10.5896
2026/02/18 20:34:30 - mmengine - INFO - Epoch(train) [224][500/782]  lr: 5.0000e-05  eta: 0:09:26  time: 0.0403  data_time: 0.0015  memory: 413  loss: 15.5728  loss_ori: 2.0748  loss_uatm: 2.6160  loss_ugsa: 10.8820
2026/02/18 20:34:35 - mmengine - INFO - Epoch(train) [224][600/782]  lr: 5.0000e-05  eta: 0:09:22  time: 0.0461  data_time: 0.0020  memory: 413  loss: 14.9253  loss_ori: 1.2859  loss_uatm: 2.5704  loss_ugsa: 11.0690
2026/02/18 20:34:35 - mmengine - INFO - Exp name: resnet32x4_resnet8x4_20260218_180916
2026/02/18 20:34:40 - mmengine - INFO - Epoch(train) [224][700/782]  lr: 5.0000e-05  eta: 0:09:17  time: 0.0446  data_time: 0.0022  memory: 413  loss: 15.0620  loss_ori: 1.4609  loss_uatm: 2.4539  loss_ugsa: 11.1472
2026/02/18 20:34:44 - mmengine - INFO - Exp name: resnet32x4_resnet8x4_20260218_180916
2026/02/18 20:34:46 - mmengine - INFO - Epoch(val) [224][100/157]    eta: 0:00:01  time: 0.0236  data_time: 0.0006  memory: 413  
2026/02/18 20:34:48 - mmengine - INFO - Epoch(val) [224][157/157]    accuracy/top1: 77.0700  data_time: 0.0010  time: 0.0260
2026/02/18 20:34:53 - mmengine - INFO - Epoch(train) [225][100/782]  lr: 5.0000e-05  eta: 0:09:09  time: 0.0446  data_time: 0.0015  memory: 413  loss: 15.2095  loss_ori: 1.4482  loss_uatm: 2.4579  loss_ugsa: 11.3034
2026/02/18 20:34:57 - mmengine - INFO - Epoch(train) [225][200/782]  lr: 5.0000e-05  eta: 0:09:05  time: 0.0456  data_time: 0.0020  memory: 413  loss: 14.8607  loss_ori: 0.9323  loss_uatm: 2.2781  loss_ugsa: 11.6502
2026/02/18 20:35:02 - mmengine - INFO - Epoch(train) [225][300/782]  lr: 5.0000e-05  eta: 0:09:01  time: 0.0513  data_time: 0.0016  memory: 413  loss: 15.0449  loss_ori: 1.3890  loss_uatm: 2.4747  loss_ugsa: 11.1812
2026/02/18 20:35:07 - mmengine - INFO - Epoch(train) [225][400/782]  lr: 5.0000e-05  eta: 0:08:56  time: 0.0405  data_time: 0.0014  memory: 413  loss: 14.7158  loss_ori: 1.4412  loss_uatm: 2.2724  loss_ugsa: 11.0022
2026/02/18 20:35:11 - mmengine - INFO - Epoch(train) [225][500/782]  lr: 5.0000e-05  eta: 0:08:52  time: 0.0409  data_time: 0.0012  memory: 413  loss: 14.9670  loss_ori: 1.6410  loss_uatm: 2.4515  loss_ugsa: 10.8744
2026/02/18 20:35:15 - mmengine - INFO - Epoch(train) [225][600/782]  lr: 5.0000e-05  eta: 0:08:47  time: 0.0391  data_time: 0.0011  memory: 413  loss: 15.0308  loss_ori: 1.8645  loss_uatm: 2.5577  loss_ugsa: 10.6086
2026/02/18 20:35:20 - mmengine - INFO - Epoch(train) [225][700/782]  lr: 5.0000e-05  eta: 0:08:43  time: 0.0452  data_time: 0.0027  memory: 413  loss: 15.5726  loss_ori: 1.2995  loss_uatm: 2.3810  loss_ugsa: 11.8922
2026/02/18 20:35:23 - mmengine - INFO - Exp name: resnet32x4_resnet8x4_20260218_180916
2026/02/18 20:35:26 - mmengine - INFO - Epoch(val) [225][100/157]    eta: 0:00:01  time: 0.0223  data_time: 0.0006  memory: 413  
2026/02/18 20:35:28 - mmengine - INFO - Epoch(val) [225][157/157]    accuracy/top1: 76.8200  data_time: 0.0010  time: 0.0250
2026/02/18 20:35:30 - mmengine - INFO - Exp name: resnet32x4_resnet8x4_20260218_180916
2026/02/18 20:35:32 - mmengine - INFO - Epoch(train) [226][100/782]  lr: 5.0000e-05  eta: 0:08:35  time: 0.0415  data_time: 0.0013  memory: 413  loss: 15.6565  loss_ori: 1.9032  loss_uatm: 2.5338  loss_ugsa: 11.2196
2026/02/18 20:35:36 - mmengine - INFO - Epoch(train) [226][200/782]  lr: 5.0000e-05  eta: 0:08:30  time: 0.0454  data_time: 0.0021  memory: 413  loss: 15.0164  loss_ori: 1.7655  loss_uatm: 2.5130  loss_ugsa: 10.7379
2026/02/18 20:35:41 - mmengine - INFO - Epoch(train) [226][300/782]  lr: 5.0000e-05  eta: 0:08:26  time: 0.0418  data_time: 0.0012  memory: 413  loss: 14.7075  loss_ori: 1.2981  loss_uatm: 2.4226  loss_ugsa: 10.9868
2026/02/18 20:35:44 - mmengine - INFO - Epoch(train) [226][400/782]  lr: 5.0000e-05  eta: 0:08:21  time: 0.0366  data_time: 0.0011  memory: 413  loss: 14.5525  loss_ori: 1.3176  loss_uatm: 2.3659  loss_ugsa: 10.8691
2026/02/18 20:35:49 - mmengine - INFO - Epoch(train) [226][500/782]  lr: 5.0000e-05  eta: 0:08:17  time: 0.0441  data_time: 0.0015  memory: 413  loss: 15.2692  loss_ori: 2.0212  loss_uatm: 2.5445  loss_ugsa: 10.7036
2026/02/18 20:35:53 - mmengine - INFO - Epoch(train) [226][600/782]  lr: 5.0000e-05  eta: 0:08:13  time: 0.0414  data_time: 0.0010  memory: 413  loss: 14.1613  loss_ori: 1.2326  loss_uatm: 2.2919  loss_ugsa: 10.6369
2026/02/18 20:35:57 - mmengine - INFO - Epoch(train) [226][700/782]  lr: 5.0000e-05  eta: 0:08:08  time: 0.0431  data_time: 0.0015  memory: 413  loss: 14.6510  loss_ori: 1.8408  loss_uatm: 2.4540  loss_ugsa: 10.3562
2026/02/18 20:36:01 - mmengine - INFO - Exp name: resnet32x4_resnet8x4_20260218_180916
2026/02/18 20:36:04 - mmengine - INFO - Epoch(val) [226][100/157]    eta: 0:00:01  time: 0.0211  data_time: 0.0011  memory: 413  
2026/02/18 20:36:05 - mmengine - INFO - Epoch(val) [226][157/157]    accuracy/top1: 76.3300  data_time: 0.0011  time: 0.0243
2026/02/18 20:36:10 - mmengine - INFO - Epoch(train) [227][100/782]  lr: 5.0000e-05  eta: 0:08:00  time: 0.0401  data_time: 0.0014  memory: 413  loss: 15.2855  loss_ori: 1.6190  loss_uatm: 2.4873  loss_ugsa: 11.1792
2026/02/18 20:36:14 - mmengine - INFO - Epoch(train) [227][200/782]  lr: 5.0000e-05  eta: 0:07:56  time: 0.0375  data_time: 0.0011  memory: 413  loss: 15.6015  loss_ori: 1.2710  loss_uatm: 2.4256  loss_ugsa: 11.9050
2026/02/18 20:36:18 - mmengine - INFO - Exp name: resnet32x4_resnet8x4_20260218_180916
2026/02/18 20:36:19 - mmengine - INFO - Epoch(train) [227][300/782]  lr: 5.0000e-05  eta: 0:07:51  time: 0.0485  data_time: 0.0021  memory: 413  loss: 14.4837  loss_ori: 1.3969  loss_uatm: 2.3293  loss_ugsa: 10.7574
2026/02/18 20:36:24 - mmengine - INFO - Epoch(train) [227][400/782]  lr: 5.0000e-05  eta: 0:07:47  time: 0.0471  data_time: 0.0016  memory: 413  loss: 14.5950  loss_ori: 1.1770  loss_uatm: 2.2731  loss_ugsa: 11.1448
2026/02/18 20:36:29 - mmengine - INFO - Epoch(train) [227][500/782]  lr: 5.0000e-05  eta: 0:07:42  time: 0.0448  data_time: 0.0020  memory: 413  loss: 15.0787  loss_ori: 1.3713  loss_uatm: 2.4639  loss_ugsa: 11.2435
2026/02/18 20:36:33 - mmengine - INFO - Epoch(train) [227][600/782]  lr: 5.0000e-05  eta: 0:07:38  time: 0.0424  data_time: 0.0018  memory: 413  loss: 14.0376  loss_ori: 1.3793  loss_uatm: 2.3738  loss_ugsa: 10.2845
2026/02/18 20:36:38 - mmengine - INFO - Epoch(train) [227][700/782]  lr: 5.0000e-05  eta: 0:07:33  time: 0.0430  data_time: 0.0012  memory: 413  loss: 14.9256  loss_ori: 1.7401  loss_uatm: 2.6128  loss_ugsa: 10.5727
2026/02/18 20:36:41 - mmengine - INFO - Exp name: resnet32x4_resnet8x4_20260218_180916
2026/02/18 20:36:44 - mmengine - INFO - Epoch(val) [227][100/157]    eta: 0:00:01  time: 0.0203  data_time: 0.0006  memory: 413  
2026/02/18 20:36:45 - mmengine - INFO - Epoch(val) [227][157/157]    accuracy/top1: 76.9400  data_time: 0.0009  time: 0.0244
2026/02/18 20:36:50 - mmengine - INFO - Epoch(train) [228][100/782]  lr: 5.0000e-05  eta: 0:07:25  time: 0.0433  data_time: 0.0015  memory: 413  loss: 14.1137  loss_ori: 1.3336  loss_uatm: 2.3320  loss_ugsa: 10.4481
2026/02/18 20:36:54 - mmengine - INFO - Epoch(train) [228][200/782]  lr: 5.0000e-05  eta: 0:07:21  time: 0.0477  data_time: 0.0009  memory: 413  loss: 13.9679  loss_ori: 1.4607  loss_uatm: 2.4077  loss_ugsa: 10.0995
2026/02/18 20:36:58 - mmengine - INFO - Epoch(train) [228][300/782]  lr: 5.0000e-05  eta: 0:07:17  time: 0.0368  data_time: 0.0018  memory: 413  loss: 15.8997  loss_ori: 1.8154  loss_uatm: 2.4326  loss_ugsa: 11.6516
2026/02/18 20:37:02 - mmengine - INFO - Epoch(train) [228][400/782]  lr: 5.0000e-05  eta: 0:07:12  time: 0.0366  data_time: 0.0011  memory: 413  loss: 15.2608  loss_ori: 1.8102  loss_uatm: 2.5654  loss_ugsa: 10.8852
2026/02/18 20:37:06 - mmengine - INFO - Exp name: resnet32x4_resnet8x4_20260218_180916
2026/02/18 20:37:06 - mmengine - INFO - Epoch(train) [228][500/782]  lr: 5.0000e-05  eta: 0:07:08  time: 0.0441  data_time: 0.0016  memory: 413  loss: 15.1357  loss_ori: 1.8099  loss_uatm: 2.4651  loss_ugsa: 10.8608
2026/02/18 20:37:11 - mmengine - INFO - Epoch(train) [228][600/782]  lr: 5.0000e-05  eta: 0:07:03  time: 0.0435  data_time: 0.0020  memory: 413  loss: 14.7860  loss_ori: 1.5154  loss_uatm: 2.4769  loss_ugsa: 10.7938
2026/02/18 20:37:15 - mmengine - INFO - Epoch(train) [228][700/782]  lr: 5.0000e-05  eta: 0:06:59  time: 0.0414  data_time: 0.0012  memory: 413  loss: 14.8539  loss_ori: 1.3848  loss_uatm: 2.2994  loss_ugsa: 11.1697
2026/02/18 20:37:19 - mmengine - INFO - Exp name: resnet32x4_resnet8x4_20260218_180916
2026/02/18 20:37:21 - mmengine - INFO - Epoch(val) [228][100/157]    eta: 0:00:01  time: 0.0188  data_time: 0.0010  memory: 413  
2026/02/18 20:37:22 - mmengine - INFO - Epoch(val) [228][157/157]    accuracy/top1: 76.7900  data_time: 0.0009  time: 0.0210
2026/02/18 20:37:27 - mmengine - INFO - Epoch(train) [229][100/782]  lr: 5.0000e-05  eta: 0:06:51  time: 0.0477  data_time: 0.0016  memory: 413  loss: 14.7747  loss_ori: 0.9588  loss_uatm: 2.3053  loss_ugsa: 11.5106
2026/02/18 20:37:32 - mmengine - INFO - Epoch(train) [229][200/782]  lr: 5.0000e-05  eta: 0:06:46  time: 0.0702  data_time: 0.0250  memory: 413  loss: 15.0931  loss_ori: 1.3071  loss_uatm: 2.4087  loss_ugsa: 11.3773
2026/02/18 20:37:37 - mmengine - INFO - Epoch(train) [229][300/782]  lr: 5.0000e-05  eta: 0:06:42  time: 0.0454  data_time: 0.0023  memory: 413  loss: 15.1757  loss_ori: 1.9470  loss_uatm: 2.5439  loss_ugsa: 10.6848
2026/02/18 20:37:41 - mmengine - INFO - Epoch(train) [229][400/782]  lr: 5.0000e-05  eta: 0:06:37  time: 0.0425  data_time: 0.0016  memory: 413  loss: 14.9989  loss_ori: 1.3374  loss_uatm: 2.2632  loss_ugsa: 11.3983
2026/02/18 20:37:45 - mmengine - INFO - Epoch(train) [229][500/782]  lr: 5.0000e-05  eta: 0:06:33  time: 0.0410  data_time: 0.0017  memory: 413  loss: 15.1615  loss_ori: 1.5254  loss_uatm: 2.4563  loss_ugsa: 11.1798
2026/02/18 20:37:50 - mmengine - INFO - Epoch(train) [229][600/782]  lr: 5.0000e-05  eta: 0:06:29  time: 0.0405  data_time: 0.0016  memory: 413  loss: 15.0917  loss_ori: 1.6641  loss_uatm: 2.5742  loss_ugsa: 10.8534
2026/02/18 20:37:54 - mmengine - INFO - Epoch(train) [229][700/782]  lr: 5.0000e-05  eta: 0:06:24  time: 0.0442  data_time: 0.0022  memory: 413  loss: 15.1751  loss_ori: 1.9195  loss_uatm: 2.7041  loss_ugsa: 10.5514
2026/02/18 20:37:54 - mmengine - INFO - Exp name: resnet32x4_resnet8x4_20260218_180916
2026/02/18 20:37:58 - mmengine - INFO - Exp name: resnet32x4_resnet8x4_20260218_180916
2026/02/18 20:38:00 - mmengine - INFO - Epoch(val) [229][100/157]    eta: 0:00:01  time: 0.0321  data_time: 0.0004  memory: 413  
2026/02/18 20:38:01 - mmengine - INFO - Epoch(val) [229][157/157]    accuracy/top1: 76.4400  data_time: 0.0009  time: 0.0222
2026/02/18 20:38:06 - mmengine - INFO - Epoch(train) [230][100/782]  lr: 5.0000e-05  eta: 0:06:16  time: 0.0451  data_time: 0.0016  memory: 413  loss: 14.5066  loss_ori: 1.5897  loss_uatm: 2.4608  loss_ugsa: 10.4560
2026/02/18 20:38:11 - mmengine - INFO - Epoch(train) [230][200/782]  lr: 5.0000e-05  eta: 0:06:12  time: 0.0455  data_time: 0.0017  memory: 413  loss: 14.9410  loss_ori: 1.5240  loss_uatm: 2.5100  loss_ugsa: 10.9070
2026/02/18 20:38:15 - mmengine - INFO - Epoch(train) [230][300/782]  lr: 5.0000e-05  eta: 0:06:07  time: 0.0464  data_time: 0.0023  memory: 413  loss: 14.7984  loss_ori: 1.6867  loss_uatm: 2.3924  loss_ugsa: 10.7194
2026/02/18 20:38:20 - mmengine - INFO - Epoch(train) [230][400/782]  lr: 5.0000e-05  eta: 0:06:03  time: 0.0466  data_time: 0.0015  memory: 413  loss: 14.3400  loss_ori: 1.4219  loss_uatm: 2.4331  loss_ugsa: 10.4851
2026/02/18 20:38:24 - mmengine - INFO - Epoch(train) [230][500/782]  lr: 5.0000e-05  eta: 0:05:58  time: 0.0365  data_time: 0.0017  memory: 413  loss: 13.3435  loss_ori: 1.1497  loss_uatm: 2.4344  loss_ugsa: 9.7594
2026/02/18 20:38:28 - mmengine - INFO - Epoch(train) [230][600/782]  lr: 5.0000e-05  eta: 0:05:54  time: 0.0430  data_time: 0.0016  memory: 413  loss: 15.6361  loss_ori: 1.9264  loss_uatm: 2.5542  loss_ugsa: 11.1554
2026/02/18 20:38:33 - mmengine - INFO - Epoch(train) [230][700/782]  lr: 5.0000e-05  eta: 0:05:49  time: 0.0433  data_time: 0.0015  memory: 413  loss: 14.7520  loss_ori: 1.3052  loss_uatm: 2.3808  loss_ugsa: 11.0661
2026/02/18 20:38:37 - mmengine - INFO - Exp name: resnet32x4_resnet8x4_20260218_180916
2026/02/18 20:38:39 - mmengine - INFO - Epoch(val) [230][100/157]    eta: 0:00:01  time: 0.0453  data_time: 0.0006  memory: 413  
2026/02/18 20:38:40 - mmengine - INFO - Epoch(val) [230][157/157]    accuracy/top1: 76.7100  data_time: 0.0010  time: 0.0233
2026/02/18 20:38:45 - mmengine - INFO - Epoch(train) [231][100/782]  lr: 5.0000e-05  eta: 0:05:41  time: 0.0385  data_time: 0.0011  memory: 413  loss: 15.2179  loss_ori: 1.6297  loss_uatm: 2.5193  loss_ugsa: 11.0689
2026/02/18 20:38:47 - mmengine - INFO - Exp name: resnet32x4_resnet8x4_20260218_180916
2026/02/18 20:38:50 - mmengine - INFO - Epoch(train) [231][200/782]  lr: 5.0000e-05  eta: 0:05:37  time: 0.0472  data_time: 0.0020  memory: 413  loss: 14.6797  loss_ori: 1.6180  loss_uatm: 2.4807  loss_ugsa: 10.5811
2026/02/18 20:38:55 - mmengine - INFO - Epoch(train) [231][300/782]  lr: 5.0000e-05  eta: 0:05:33  time: 0.0448  data_time: 0.0014  memory: 413  loss: 14.7482  loss_ori: 1.2659  loss_uatm: 2.3105  loss_ugsa: 11.1718
2026/02/18 20:38:59 - mmengine - INFO - Epoch(train) [231][400/782]  lr: 5.0000e-05  eta: 0:05:28  time: 0.0432  data_time: 0.0015  memory: 413  loss: 14.3151  loss_ori: 1.2094  loss_uatm: 2.3367  loss_ugsa: 10.7689
2026/02/18 20:39:04 - mmengine - INFO - Epoch(train) [231][500/782]  lr: 5.0000e-05  eta: 0:05:24  time: 0.0454  data_time: 0.0016  memory: 413  loss: 14.3295  loss_ori: 1.2540  loss_uatm: 2.4317  loss_ugsa: 10.6438
2026/02/18 20:39:09 - mmengine - INFO - Epoch(train) [231][600/782]  lr: 5.0000e-05  eta: 0:05:19  time: 0.0444  data_time: 0.0027  memory: 413  loss: 14.8837  loss_ori: 1.4600  loss_uatm: 2.3458  loss_ugsa: 11.0779
2026/02/18 20:39:14 - mmengine - INFO - Epoch(train) [231][700/782]  lr: 5.0000e-05  eta: 0:05:15  time: 0.0466  data_time: 0.0021  memory: 413  loss: 14.3302  loss_ori: 1.2522  loss_uatm: 2.4322  loss_ugsa: 10.6459
2026/02/18 20:39:17 - mmengine - INFO - Exp name: resnet32x4_resnet8x4_20260218_180916
2026/02/18 20:39:20 - mmengine - INFO - Epoch(val) [231][100/157]    eta: 0:00:01  time: 0.0218  data_time: 0.0006  memory: 413  
2026/02/18 20:39:21 - mmengine - INFO - Epoch(val) [231][157/157]    accuracy/top1: 76.7000  data_time: 0.0009  time: 0.0241
2026/02/18 20:39:26 - mmengine - INFO - Epoch(train) [232][100/782]  lr: 5.0000e-05  eta: 0:05:07  time: 0.0346  data_time: 0.0008  memory: 413  loss: 15.1801  loss_ori: 1.9742  loss_uatm: 2.4822  loss_ugsa: 10.7237
2026/02/18 20:39:30 - mmengine - INFO - Epoch(train) [232][200/782]  lr: 5.0000e-05  eta: 0:05:02  time: 0.0393  data_time: 0.0016  memory: 413  loss: 14.8203  loss_ori: 1.2446  loss_uatm: 2.2682  loss_ugsa: 11.3076
2026/02/18 20:39:34 - mmengine - INFO - Epoch(train) [232][300/782]  lr: 5.0000e-05  eta: 0:04:58  time: 0.0418  data_time: 0.0010  memory: 413  loss: 14.3290  loss_ori: 1.2129  loss_uatm: 2.4094  loss_ugsa: 10.7067
2026/02/18 20:39:37 - mmengine - INFO - Exp name: resnet32x4_resnet8x4_20260218_180916
2026/02/18 20:39:39 - mmengine - INFO - Epoch(train) [232][400/782]  lr: 5.0000e-05  eta: 0:04:54  time: 0.0454  data_time: 0.0015  memory: 413  loss: 15.2216  loss_ori: 1.4484  loss_uatm: 2.4054  loss_ugsa: 11.3678
2026/02/18 20:39:43 - mmengine - INFO - Epoch(train) [232][500/782]  lr: 5.0000e-05  eta: 0:04:49  time: 0.0404  data_time: 0.0020  memory: 413  loss: 15.0250  loss_ori: 1.4870  loss_uatm: 2.4584  loss_ugsa: 11.0797
2026/02/18 20:39:47 - mmengine - INFO - Epoch(train) [232][600/782]  lr: 5.0000e-05  eta: 0:04:45  time: 0.0361  data_time: 0.0011  memory: 413  loss: 14.7397  loss_ori: 1.2665  loss_uatm: 2.3928  loss_ugsa: 11.0804
2026/02/18 20:39:51 - mmengine - INFO - Epoch(train) [232][700/782]  lr: 5.0000e-05  eta: 0:04:40  time: 0.0299  data_time: 0.0010  memory: 413  loss: 15.6092  loss_ori: 2.1545  loss_uatm: 2.6338  loss_ugsa: 10.8209
2026/02/18 20:39:54 - mmengine - INFO - Exp name: resnet32x4_resnet8x4_20260218_180916
2026/02/18 20:39:57 - mmengine - INFO - Epoch(val) [232][100/157]    eta: 0:00:01  time: 0.0217  data_time: 0.0007  memory: 413  
2026/02/18 20:39:58 - mmengine - INFO - Epoch(val) [232][157/157]    accuracy/top1: 76.8900  data_time: 0.0011  time: 0.0262
2026/02/18 20:40:03 - mmengine - INFO - Epoch(train) [233][100/782]  lr: 5.0000e-05  eta: 0:04:32  time: 0.0428  data_time: 0.0017  memory: 413  loss: 14.8513  loss_ori: 1.2872  loss_uatm: 2.4241  loss_ugsa: 11.1399
2026/02/18 20:40:07 - mmengine - INFO - Epoch(train) [233][200/782]  lr: 5.0000e-05  eta: 0:04:28  time: 0.0432  data_time: 0.0014  memory: 413  loss: 14.6894  loss_ori: 1.4329  loss_uatm: 2.4117  loss_ugsa: 10.8448
2026/02/18 20:40:11 - mmengine - INFO - Epoch(train) [233][300/782]  lr: 5.0000e-05  eta: 0:04:23  time: 0.0404  data_time: 0.0010  memory: 413  loss: 14.9542  loss_ori: 1.5978  loss_uatm: 2.5459  loss_ugsa: 10.8105
2026/02/18 20:40:16 - mmengine - INFO - Epoch(train) [233][400/782]  lr: 5.0000e-05  eta: 0:04:19  time: 0.0500  data_time: 0.0016  memory: 413  loss: 14.4265  loss_ori: 1.0203  loss_uatm: 2.3791  loss_ugsa: 11.0271
2026/02/18 20:40:21 - mmengine - INFO - Epoch(train) [233][500/782]  lr: 5.0000e-05  eta: 0:04:14  time: 0.0506  data_time: 0.0016  memory: 413  loss: 14.4425  loss_ori: 1.8819  loss_uatm: 2.6458  loss_ugsa: 9.9148
2026/02/18 20:40:25 - mmengine - INFO - Exp name: resnet32x4_resnet8x4_20260218_180916
2026/02/18 20:40:26 - mmengine - INFO - Epoch(train) [233][600/782]  lr: 5.0000e-05  eta: 0:04:10  time: 0.0427  data_time: 0.0015  memory: 413  loss: 15.3166  loss_ori: 1.9817  loss_uatm: 2.4947  loss_ugsa: 10.8402
2026/02/18 20:40:31 - mmengine - INFO - Epoch(train) [233][700/782]  lr: 5.0000e-05  eta: 0:04:06  time: 0.0405  data_time: 0.0013  memory: 413  loss: 14.8034  loss_ori: 1.8963  loss_uatm: 2.4870  loss_ugsa: 10.4200
2026/02/18 20:40:34 - mmengine - INFO - Exp name: resnet32x4_resnet8x4_20260218_180916
2026/02/18 20:40:37 - mmengine - INFO - Epoch(val) [233][100/157]    eta: 0:00:01  time: 0.0193  data_time: 0.0006  memory: 413  
2026/02/18 20:40:38 - mmengine - INFO - Epoch(val) [233][157/157]    accuracy/top1: 76.9800  data_time: 0.0010  time: 0.0254
2026/02/18 20:40:43 - mmengine - INFO - Epoch(train) [234][100/782]  lr: 5.0000e-05  eta: 0:03:58  time: 0.0438  data_time: 0.0015  memory: 413  loss: 15.4371  loss_ori: 2.1363  loss_uatm: 2.7004  loss_ugsa: 10.6004
2026/02/18 20:40:48 - mmengine - INFO - Epoch(train) [234][200/782]  lr: 5.0000e-05  eta: 0:03:53  time: 0.0439  data_time: 0.0013  memory: 413  loss: 15.4825  loss_ori: 1.2861  loss_uatm: 2.4250  loss_ugsa: 11.7714
2026/02/18 20:40:53 - mmengine - INFO - Epoch(train) [234][300/782]  lr: 5.0000e-05  eta: 0:03:49  time: 0.0416  data_time: 0.0012  memory: 413  loss: 14.7199  loss_ori: 1.4466  loss_uatm: 2.4570  loss_ugsa: 10.8164
2026/02/18 20:40:57 - mmengine - INFO - Epoch(train) [234][400/782]  lr: 5.0000e-05  eta: 0:03:44  time: 0.0467  data_time: 0.0015  memory: 413  loss: 14.8253  loss_ori: 1.0716  loss_uatm: 2.2032  loss_ugsa: 11.5505
2026/02/18 20:41:02 - mmengine - INFO - Epoch(train) [234][500/782]  lr: 5.0000e-05  eta: 0:03:40  time: 0.0440  data_time: 0.0022  memory: 413  loss: 14.6100  loss_ori: 1.3212  loss_uatm: 2.5067  loss_ugsa: 10.7821
2026/02/18 20:41:06 - mmengine - INFO - Epoch(train) [234][600/782]  lr: 5.0000e-05  eta: 0:03:35  time: 0.0460  data_time: 0.0021  memory: 413  loss: 15.1050  loss_ori: 1.7772  loss_uatm: 2.5127  loss_ugsa: 10.8150
2026/02/18 20:41:11 - mmengine - INFO - Epoch(train) [234][700/782]  lr: 5.0000e-05  eta: 0:03:31  time: 0.0464  data_time: 0.0016  memory: 413  loss: 14.6494  loss_ori: 0.8683  loss_uatm: 2.3395  loss_ugsa: 11.4416
2026/02/18 20:41:15 - mmengine - INFO - Exp name: resnet32x4_resnet8x4_20260218_180916
2026/02/18 20:41:18 - mmengine - INFO - Epoch(val) [234][100/157]    eta: 0:00:01  time: 0.0218  data_time: 0.0006  memory: 413  
2026/02/18 20:41:20 - mmengine - INFO - Epoch(val) [234][157/157]    accuracy/top1: 76.9900  data_time: 0.0030  time: 0.0256
2026/02/18 20:41:20 - mmengine - INFO - Exp name: resnet32x4_resnet8x4_20260218_180916
2026/02/18 20:41:24 - mmengine - INFO - Epoch(train) [235][100/782]  lr: 5.0000e-05  eta: 0:03:23  time: 0.0449  data_time: 0.0017  memory: 413  loss: 15.3811  loss_ori: 1.7538  loss_uatm: 2.5140  loss_ugsa: 11.1132
2026/02/18 20:41:29 - mmengine - INFO - Epoch(train) [235][200/782]  lr: 5.0000e-05  eta: 0:03:18  time: 0.0434  data_time: 0.0024  memory: 413  loss: 14.4598  loss_ori: 1.3889  loss_uatm: 2.4541  loss_ugsa: 10.6167
2026/02/18 20:41:33 - mmengine - INFO - Epoch(train) [235][300/782]  lr: 5.0000e-05  eta: 0:03:14  time: 0.0390  data_time: 0.0013  memory: 413  loss: 14.6820  loss_ori: 1.6431  loss_uatm: 2.5517  loss_ugsa: 10.4873
2026/02/18 20:41:38 - mmengine - INFO - Epoch(train) [235][400/782]  lr: 5.0000e-05  eta: 0:03:10  time: 0.0400  data_time: 0.0010  memory: 413  loss: 14.9426  loss_ori: 1.6824  loss_uatm: 2.4006  loss_ugsa: 10.8596
2026/02/18 20:41:42 - mmengine - INFO - Epoch(train) [235][500/782]  lr: 5.0000e-05  eta: 0:03:05  time: 0.0450  data_time: 0.0016  memory: 413  loss: 14.4012  loss_ori: 1.6421  loss_uatm: 2.5610  loss_ugsa: 10.1980
2026/02/18 20:41:47 - mmengine - INFO - Epoch(train) [235][600/782]  lr: 5.0000e-05  eta: 0:03:01  time: 0.0443  data_time: 0.0015  memory: 413  loss: 14.5339  loss_ori: 1.7743  loss_uatm: 2.4666  loss_ugsa: 10.2931
2026/02/18 20:41:52 - mmengine - INFO - Epoch(train) [235][700/782]  lr: 5.0000e-05  eta: 0:02:56  time: 0.0478  data_time: 0.0016  memory: 413  loss: 16.0684  loss_ori: 2.3935  loss_uatm: 2.7182  loss_ugsa: 10.9567
2026/02/18 20:41:56 - mmengine - INFO - Exp name: resnet32x4_resnet8x4_20260218_180916
2026/02/18 20:41:58 - mmengine - INFO - Epoch(val) [235][100/157]    eta: 0:00:01  time: 0.0197  data_time: 0.0005  memory: 413  
2026/02/18 20:42:00 - mmengine - INFO - Epoch(val) [235][157/157]    accuracy/top1: 76.8800  data_time: 0.0009  time: 0.0224
2026/02/18 20:42:04 - mmengine - INFO - Epoch(train) [236][100/782]  lr: 5.0000e-05  eta: 0:02:48  time: 0.0464  data_time: 0.0015  memory: 413  loss: 14.9886  loss_ori: 1.4716  loss_uatm: 2.3843  loss_ugsa: 11.1327
2026/02/18 20:42:09 - mmengine - INFO - Epoch(train) [236][200/782]  lr: 5.0000e-05  eta: 0:02:44  time: 0.0462  data_time: 0.0024  memory: 413  loss: 14.4050  loss_ori: 1.1728  loss_uatm: 2.4260  loss_ugsa: 10.8063
2026/02/18 20:42:10 - mmengine - INFO - Exp name: resnet32x4_resnet8x4_20260218_180916
2026/02/18 20:42:13 - mmengine - INFO - Epoch(train) [236][300/782]  lr: 5.0000e-05  eta: 0:02:39  time: 0.0682  data_time: 0.0261  memory: 413  loss: 15.0595  loss_ori: 2.1758  loss_uatm: 2.4848  loss_ugsa: 10.3990
2026/02/18 20:42:18 - mmengine - INFO - Epoch(train) [236][400/782]  lr: 5.0000e-05  eta: 0:02:35  time: 0.0391  data_time: 0.0010  memory: 413  loss: 14.5285  loss_ori: 1.3928  loss_uatm: 2.4168  loss_ugsa: 10.7188
2026/02/18 20:42:22 - mmengine - INFO - Epoch(train) [236][500/782]  lr: 5.0000e-05  eta: 0:02:31  time: 0.0378  data_time: 0.0011  memory: 413  loss: 15.0496  loss_ori: 1.6820  loss_uatm: 2.5309  loss_ugsa: 10.8367
2026/02/18 20:42:26 - mmengine - INFO - Epoch(train) [236][600/782]  lr: 5.0000e-05  eta: 0:02:26  time: 0.0476  data_time: 0.0023  memory: 413  loss: 14.7268  loss_ori: 1.7249  loss_uatm: 2.4981  loss_ugsa: 10.5038
2026/02/18 20:42:31 - mmengine - INFO - Epoch(train) [236][700/782]  lr: 5.0000e-05  eta: 0:02:22  time: 0.0470  data_time: 0.0015  memory: 413  loss: 14.8968  loss_ori: 1.3341  loss_uatm: 2.4156  loss_ugsa: 11.1471
2026/02/18 20:42:36 - mmengine - INFO - Exp name: resnet32x4_resnet8x4_20260218_180916
2026/02/18 20:42:38 - mmengine - INFO - Epoch(val) [236][100/157]    eta: 0:00:01  time: 0.0193  data_time: 0.0005  memory: 413  
2026/02/18 20:42:40 - mmengine - INFO - Epoch(val) [236][157/157]    accuracy/top1: 76.8600  data_time: 0.0010  time: 0.0244
2026/02/18 20:42:44 - mmengine - INFO - Epoch(train) [237][100/782]  lr: 5.0000e-05  eta: 0:02:14  time: 0.0449  data_time: 0.0022  memory: 413  loss: 14.8225  loss_ori: 1.1491  loss_uatm: 2.3585  loss_ugsa: 11.3149
2026/02/18 20:42:49 - mmengine - INFO - Epoch(train) [237][200/782]  lr: 5.0000e-05  eta: 0:02:09  time: 0.0452  data_time: 0.0018  memory: 413  loss: 15.5947  loss_ori: 1.9178  loss_uatm: 2.5875  loss_ugsa: 11.0894
2026/02/18 20:42:54 - mmengine - INFO - Epoch(train) [237][300/782]  lr: 5.0000e-05  eta: 0:02:05  time: 0.0457  data_time: 0.0030  memory: 413  loss: 14.6338  loss_ori: 1.7292  loss_uatm: 2.5409  loss_ugsa: 10.3637
2026/02/18 20:42:59 - mmengine - INFO - Epoch(train) [237][400/782]  lr: 5.0000e-05  eta: 0:02:00  time: 0.0479  data_time: 0.0016  memory: 413  loss: 14.8469  loss_ori: 1.7232  loss_uatm: 2.5432  loss_ugsa: 10.5805
2026/02/18 20:43:01 - mmengine - INFO - Exp name: resnet32x4_resnet8x4_20260218_180916
2026/02/18 20:43:04 - mmengine - INFO - Epoch(train) [237][500/782]  lr: 5.0000e-05  eta: 0:01:56  time: 0.0439  data_time: 0.0032  memory: 413  loss: 14.7919  loss_ori: 1.7885  loss_uatm: 2.5513  loss_ugsa: 10.4521
2026/02/18 20:43:09 - mmengine - INFO - Epoch(train) [237][600/782]  lr: 5.0000e-05  eta: 0:01:52  time: 0.0681  data_time: 0.0021  memory: 413  loss: 14.6517  loss_ori: 1.6721  loss_uatm: 2.5418  loss_ugsa: 10.4378
2026/02/18 20:43:13 - mmengine - INFO - Epoch(train) [237][700/782]  lr: 5.0000e-05  eta: 0:01:47  time: 0.0464  data_time: 0.0016  memory: 413  loss: 14.9014  loss_ori: 1.3323  loss_uatm: 2.4471  loss_ugsa: 11.1219
2026/02/18 20:43:17 - mmengine - INFO - Exp name: resnet32x4_resnet8x4_20260218_180916
2026/02/18 20:43:20 - mmengine - INFO - Epoch(val) [237][100/157]    eta: 0:00:01  time: 0.0192  data_time: 0.0006  memory: 413  
2026/02/18 20:43:21 - mmengine - INFO - Epoch(val) [237][157/157]    accuracy/top1: 76.5600  data_time: 0.0010  time: 0.0249
2026/02/18 20:43:26 - mmengine - INFO - Epoch(train) [238][100/782]  lr: 5.0000e-05  eta: 0:01:39  time: 0.0422  data_time: 0.0021  memory: 413  loss: 14.8508  loss_ori: 1.5384  loss_uatm: 2.4872  loss_ugsa: 10.8252
2026/02/18 20:43:31 - mmengine - INFO - Epoch(train) [238][200/782]  lr: 5.0000e-05  eta: 0:01:35  time: 0.0413  data_time: 0.0014  memory: 413  loss: 14.5130  loss_ori: 1.6494  loss_uatm: 2.4827  loss_ugsa: 10.3809
2026/02/18 20:43:36 - mmengine - INFO - Epoch(train) [238][300/782]  lr: 5.0000e-05  eta: 0:01:30  time: 0.0472  data_time: 0.0021  memory: 413  loss: 14.9897  loss_ori: 1.5858  loss_uatm: 2.4007  loss_ugsa: 11.0032
2026/02/18 20:43:41 - mmengine - INFO - Epoch(train) [238][400/782]  lr: 5.0000e-05  eta: 0:01:26  time: 0.0474  data_time: 0.0015  memory: 413  loss: 14.9642  loss_ori: 1.6994  loss_uatm: 2.5071  loss_ugsa: 10.7577
2026/02/18 20:43:46 - mmengine - INFO - Epoch(train) [238][500/782]  lr: 5.0000e-05  eta: 0:01:21  time: 0.0423  data_time: 0.0016  memory: 413  loss: 14.9640  loss_ori: 1.5235  loss_uatm: 2.4488  loss_ugsa: 10.9917
2026/02/18 20:43:50 - mmengine - INFO - Epoch(train) [238][600/782]  lr: 5.0000e-05  eta: 0:01:17  time: 0.0470  data_time: 0.0017  memory: 413  loss: 14.6379  loss_ori: 1.9047  loss_uatm: 2.5934  loss_ugsa: 10.1398
2026/02/18 20:43:53 - mmengine - INFO - Exp name: resnet32x4_resnet8x4_20260218_180916
2026/02/18 20:43:55 - mmengine - INFO - Epoch(train) [238][700/782]  lr: 5.0000e-05  eta: 0:01:12  time: 0.0446  data_time: 0.0022  memory: 413  loss: 14.7481  loss_ori: 1.2696  loss_uatm: 2.3300  loss_ugsa: 11.1484
2026/02/18 20:43:59 - mmengine - INFO - Exp name: resnet32x4_resnet8x4_20260218_180916
2026/02/18 20:44:01 - mmengine - INFO - Epoch(val) [238][100/157]    eta: 0:00:01  time: 0.0204  data_time: 0.0006  memory: 413  
2026/02/18 20:44:03 - mmengine - INFO - Epoch(val) [238][157/157]    accuracy/top1: 76.6600  data_time: 0.0010  time: 0.0247
2026/02/18 20:44:08 - mmengine - INFO - Epoch(train) [239][100/782]  lr: 5.0000e-05  eta: 0:01:04  time: 0.0445  data_time: 0.0019  memory: 413  loss: 14.6386  loss_ori: 1.2152  loss_uatm: 2.3137  loss_ugsa: 11.1097
2026/02/18 20:44:12 - mmengine - INFO - Epoch(train) [239][200/782]  lr: 5.0000e-05  eta: 0:01:00  time: 0.0435  data_time: 0.0020  memory: 413  loss: 15.1846  loss_ori: 1.6455  loss_uatm: 2.4659  loss_ugsa: 11.0732
2026/02/18 20:44:17 - mmengine - INFO - Epoch(train) [239][300/782]  lr: 5.0000e-05  eta: 0:00:56  time: 0.0469  data_time: 0.0017  memory: 413  loss: 14.4422  loss_ori: 1.6327  loss_uatm: 2.3888  loss_ugsa: 10.4208
2026/02/18 20:44:22 - mmengine - INFO - Epoch(train) [239][400/782]  lr: 5.0000e-05  eta: 0:00:51  time: 0.0457  data_time: 0.0015  memory: 413  loss: 14.5351  loss_ori: 1.6679  loss_uatm: 2.4574  loss_ugsa: 10.4098
2026/02/18 20:44:27 - mmengine - INFO - Epoch(train) [239][500/782]  lr: 5.0000e-05  eta: 0:00:47  time: 0.0431  data_time: 0.0015  memory: 413  loss: 14.4483  loss_ori: 1.5344  loss_uatm: 2.3873  loss_ugsa: 10.5266
2026/02/18 20:44:31 - mmengine - INFO - Epoch(train) [239][600/782]  lr: 5.0000e-05  eta: 0:00:42  time: 0.0460  data_time: 0.0010  memory: 413  loss: 14.4252  loss_ori: 1.9613  loss_uatm: 2.6885  loss_ugsa: 9.7754
2026/02/18 20:44:35 - mmengine - INFO - Epoch(train) [239][700/782]  lr: 5.0000e-05  eta: 0:00:38  time: 0.0464  data_time: 0.0017  memory: 413  loss: 14.7970  loss_ori: 1.6600  loss_uatm: 2.5575  loss_ugsa: 10.5795
2026/02/18 20:44:39 - mmengine - INFO - Exp name: resnet32x4_resnet8x4_20260218_180916
2026/02/18 20:44:42 - mmengine - INFO - Epoch(val) [239][100/157]    eta: 0:00:01  time: 0.0198  data_time: 0.0005  memory: 413  
2026/02/18 20:44:43 - mmengine - INFO - Epoch(val) [239][157/157]    accuracy/top1: 76.6600  data_time: 0.0009  time: 0.0243
2026/02/18 20:44:48 - mmengine - INFO - Epoch(train) [240][100/782]  lr: 5.0000e-05  eta: 0:00:30  time: 0.0420  data_time: 0.0022  memory: 413  loss: 14.2487  loss_ori: 1.3176  loss_uatm: 2.3352  loss_ugsa: 10.5959
2026/02/18 20:44:48 - mmengine - INFO - Exp name: resnet32x4_resnet8x4_20260218_180916
2026/02/18 20:44:53 - mmengine - INFO - Epoch(train) [240][200/782]  lr: 5.0000e-05  eta: 0:00:25  time: 0.0414  data_time: 0.0013  memory: 413  loss: 14.3182  loss_ori: 1.0341  loss_uatm: 2.1907  loss_ugsa: 11.0934
2026/02/18 20:44:57 - mmengine - INFO - Epoch(train) [240][300/782]  lr: 5.0000e-05  eta: 0:00:21  time: 0.0602  data_time: 0.0184  memory: 413  loss: 14.7898  loss_ori: 1.7147  loss_uatm: 2.3661  loss_ugsa: 10.7090
2026/02/18 20:45:02 - mmengine - INFO - Epoch(train) [240][400/782]  lr: 5.0000e-05  eta: 0:00:16  time: 0.0424  data_time: 0.0014  memory: 413  loss: 14.4618  loss_ori: 0.9301  loss_uatm: 2.3550  loss_ugsa: 11.1767
2026/02/18 20:45:06 - mmengine - INFO - Epoch(train) [240][500/782]  lr: 5.0000e-05  eta: 0:00:12  time: 0.0445  data_time: 0.0015  memory: 413  loss: 15.0475  loss_ori: 1.8561  loss_uatm: 2.5325  loss_ugsa: 10.6589
2026/02/18 20:45:11 - mmengine - INFO - Epoch(train) [240][600/782]  lr: 5.0000e-05  eta: 0:00:08  time: 0.0636  data_time: 0.0014  memory: 413  loss: 15.1227  loss_ori: 1.5050  loss_uatm: 2.5305  loss_ugsa: 11.0872
2026/02/18 20:45:15 - mmengine - INFO - Epoch(train) [240][700/782]  lr: 5.0000e-05  eta: 0:00:03  time: 0.0400  data_time: 0.0011  memory: 413  loss: 14.6452  loss_ori: 1.8755  loss_uatm: 2.4995  loss_ugsa: 10.2703
2026/02/18 20:45:19 - mmengine - INFO - Exp name: resnet32x4_resnet8x4_20260218_180916
2026/02/18 20:45:21 - mmengine - INFO - Epoch(val) [240][100/157]    eta: 0:00:01  time: 0.0218  data_time: 0.0014  memory: 413  
2026/02/18 20:45:23 - mmengine - INFO - Epoch(val) [240][157/157]    accuracy/top1: 77.2000  data_time: 0.0011  time: 0.0240
2026/02/18 20:45:23 - mmengine - INFO - The previous best checkpoint /root/autodl-tmp/mmcls/work_dirs/cifar100/resnet32x4_resnet8x4/UATM+UGSA_temp=4.0_loss_weight=15.0+loss_weight=1.0_1/best_accuracy_top1_epoch_222.pth is removed
2026/02/18 20:45:24 - mmengine - INFO - The best checkpoint with 77.2000 accuracy/top1 at 240 epoch is saved to best_accuracy_top1_epoch_240.pth.
